datetime,open,high,low,close,volume
2026-03-26T13:30:00+00:00,391.7199999999997,391.7199999999997,387.17999999999967,387.55999999999966,1636
2026-03-26T13:35:00+00:00,387.55999999999966,387.6699999999997,385.4199999999997,386.7199999999997,1588
2026-03-26T13:40:00+00:00,386.7199999999997,389.07999999999964,386.45999999999964,388.7199999999997,1612
2026-03-26T13:45:00+00:00,388.7199999999997,389.8599999999997,388.2899999999997,388.68999999999966,1775
2026-03-26T13:50:00+00:00,388.68999999999966,389.7199999999997,388.55999999999966,389.44999999999965,1839
2026-03-26T13:55:00+00:00,389.44999999999965,390.32999999999964,388.3499999999997,389.95999999999964,2010
2026-03-26T14:00:00+00:00,389.95999999999964,390.1599999999997,388.74999999999966,389.2199999999997,2122
2026-03-26T14:05:00+00:00,389.2199999999997,389.9799999999997,387.6599999999997,387.70999999999964,2170
2026-03-26T14:10:00+00:00,387.70999999999964,389.13999999999965,387.31999999999965,388.63999999999965,1966
2026-03-26T14:15:00+00:00,388.63999999999965,389.25999999999965,388.1099999999997,388.29999999999967,1700
2026-03-26T14:20:00+00:00,388.29999999999967,388.49999999999966,387.80999999999966,387.9099999999997,1789
2026-03-26T14:25:00+00:00,387.9099999999997,388.37999999999965,387.13999999999965,387.13999999999965,1511
2026-03-26T14:30:00+00:00,387.13999999999965,388.14999999999964,386.99999999999966,387.87999999999965,1687
2026-03-26T14:35:00+00:00,387.87999999999965,388.11999999999966,387.1699999999997,387.54999999999967,1968
2026-03-26T14:40:00+00:00,387.54999999999967,388.49999999999966,385.8499999999997,386.07999999999964,3441
2026-03-26T14:45:00+00:00,386.07999999999964,386.70999999999964,385.55999999999966,385.92999999999967,2774
2026-03-26T14:50:00+00:00,385.92999999999967,386.2899999999997,384.36999999999966,384.4799999999997,2597
2026-03-26T14:55:00+00:00,384.4799999999997,385.7899999999997,383.92999999999967,385.50999999999965,2710
2026-03-26T15:00:00+00:00,385.50999999999965,386.5299999999997,385.48999999999967,385.7899999999997,2190
2026-03-26T15:05:00+00:00,385.7899999999997,386.54999999999967,385.38999999999965,385.80999999999966,2293
2026-03-26T15:10:00+00:00,385.80999999999966,386.2899999999997,385.80999999999966,385.86999999999966,1811
2026-03-26T15:15:00+00:00,385.86999999999966,385.89999999999964,384.82999999999964,385.11999999999966,1842
2026-03-26T15:20:00+00:00,385.11999999999966,385.5999999999997,385.06999999999965,385.54999999999967,1767
2026-03-26T15:25:00+00:00,385.54999999999967,386.38999999999965,385.4699999999997,385.9099999999997,1672
2026-03-26T15:30:00+00:00,385.9099999999997,386.05999999999966,385.37999999999965,385.8599999999997,1588
2026-03-26T15:35:00+00:00,385.8599999999997,386.4199999999997,385.76999999999964,386.0999999999997,1521
2026-03-26T15:40:00+00:00,386.0999999999997,386.43999999999966,385.8499999999997,385.9199999999997,1453
2026-03-26T15:45:00+00:00,385.9199999999997,386.9799999999997,385.81999999999965,386.62999999999965,1921
2026-03-26T15:50:00+00:00,386.62999999999965,386.87999999999965,386.2899999999997,386.4199999999997,1718
2026-03-26T15:55:00+00:00,386.4199999999997,386.44999999999965,385.4099999999997,385.6599999999997,1628
2026-03-26T16:00:00+00:00,385.6599999999997,385.74999999999966,385.1099999999997,385.38999999999965,1346
2026-03-26T16:05:00+00:00,385.38999999999965,385.76999999999964,385.12999999999965,385.45999999999964,1429
2026-03-26T16:10:00+00:00,385.45999999999964,385.61999999999966,384.83999999999963,385.11999999999966,1376
2026-03-26T16:15:00+00:00,385.11999999999966,385.13999999999965,383.74999999999966,384.62999999999965,1753
2026-03-26T16:20:00+00:00,384.62999999999965,384.75999999999965,383.58999999999963,384.06999999999965,1661
2026-03-26T16:25:00+00:00,384.06999999999965,384.12999999999965,382.88999999999965,383.11999999999966,1739
2026-03-26T16:30:00+00:00,383.11999999999966,383.73999999999967,382.93999999999966,383.7199999999997,1760
2026-03-26T16:35:00+00:00,383.7199999999997,383.7899999999997,382.7799999999997,382.82999999999964,1684
2026-03-26T16:40:00+00:00,382.82999999999964,383.31999999999965,382.56999999999965,383.0999999999997,1629
2026-03-26T16:45:00+00:00,383.0999999999997,383.4199999999997,382.3599999999997,382.79999999999967,1485
2026-03-26T16:50:00+00:00,382.79999999999967,383.43999999999966,382.57999999999964,383.4099999999997,1623
2026-03-26T16:55:00+00:00,383.4099999999997,383.75999999999965,383.05999999999966,383.6099999999997,1318
2026-03-26T17:00:00+00:00,383.6099999999997,384.01999999999964,383.31999999999965,383.38999999999965,1567
2026-03-26T17:05:00+00:00,383.38999999999965,384.0299999999997,383.38999999999965,383.92999999999967,1322
2026-03-26T17:10:00+00:00,383.92999999999967,383.92999999999967,382.83999999999963,382.8499999999997,1232
2026-03-26T17:15:00+00:00,382.8499999999997,383.2799999999997,382.73999999999967,383.14999999999964,1226
2026-03-26T17:20:00+00:00,383.14999999999964,383.18999999999966,382.31999999999965,382.44999999999965,1419
2026-03-26T17:25:00+00:00,382.44999999999965,382.94999999999965,382.25999999999965,382.94999999999965,1316
2026-03-26T17:30:00+00:00,382.94999999999965,383.4699999999997,382.44999999999965,383.42999999999967,1336
2026-03-26T17:35:00+00:00,383.42999999999967,383.62999999999965,382.83999999999963,382.86999999999966,1307
2026-03-26T17:40:00+00:00,382.86999999999966,382.89999999999964,381.98999999999967,381.98999999999967,1180
2026-03-26T17:45:00+00:00,381.98999999999967,382.19999999999965,381.7299999999997,381.82999999999964,1386
2026-03-26T17:50:00+00:00,381.82999999999964,381.83999999999963,380.58999999999963,380.69999999999965,1663
2026-03-26T17:55:00+00:00,380.69999999999965,381.05999999999966,380.54999999999967,380.80999999999966,1411
2026-03-26T18:00:00+00:00,380.80999999999966,381.6699999999997,380.74999999999966,381.45999999999964,1796
2026-03-26T18:05:00+00:00,381.45999999999964,381.48999999999967,381.06999999999965,381.17999999999967,1540
2026-03-26T18:10:00+00:00,381.17999999999967,381.49999999999966,380.98999999999967,381.4099999999997,1416
2026-03-26T18:15:00+00:00,381.4099999999997,381.4099999999997,380.7899999999997,381.13999999999965,1297
2026-03-26T18:20:00+00:00,381.13999999999965,381.74999999999966,380.88999999999965,381.57999999999964,1397
2026-03-26T18:25:00+00:00,381.57999999999964,381.75999999999965,380.33999999999963,380.67999999999967,1323
2026-03-26T18:30:00+00:00,380.67999999999967,381.43999999999966,380.6599999999997,381.39999999999964,1295
2026-03-26T18:35:00+00:00,381.39999999999964,381.76999999999964,381.0399999999997,381.69999999999965,1386
2026-03-26T18:40:00+00:00,381.69999999999965,381.7199999999997,380.83999999999963,381.05999999999966,1394
2026-03-26T18:45:00+00:00,381.05999999999966,381.49999999999966,380.8599999999997,381.26999999999964,1228
2026-03-26T18:50:00+00:00,381.26999999999964,381.39999999999964,380.74999999999966,381.3499999999997,1240
2026-03-26T18:55:00+00:00,381.3499999999997,381.36999999999966,380.2199999999997,380.4799999999997,1376
2026-03-26T19:00:00+00:00,380.4799999999997,380.67999999999967,379.68999999999966,379.99999999999966,2283
2026-03-26T19:05:00+00:00,379.99999999999966,380.01999999999964,378.83999999999963,379.0999999999997,1991
2026-03-26T19:10:00+00:00,379.0999999999997,379.11999999999966,378.51999999999964,378.7799999999997,2051
2026-03-26T19:15:00+00:00,378.7799999999997,379.63999999999965,378.6599999999997,379.57999999999964,2150
2026-03-26T19:20:00+00:00,379.57999999999964,379.58999999999963,378.83999999999963,379.1099999999997,1743
2026-03-26T19:25:00+00:00,379.1099999999997,379.1099999999997,378.5299999999997,379.06999999999965,1620
2026-03-26T19:30:00+00:00,379.06999999999965,379.08999999999963,378.45999999999964,378.73999999999967,2015
2026-03-26T19:35:00+00:00,378.73999999999967,379.0999999999997,378.49999999999966,378.80999999999966,1848
2026-03-26T19:40:00+00:00,378.80999999999966,379.1699999999997,378.39999999999964,378.7199999999997,1925
2026-03-26T19:45:00+00:00,378.7199999999997,379.23999999999967,378.38999999999965,379.2199999999997,2036
2026-03-26T19:50:00+00:00,379.2199999999997,379.7799999999997,378.04999999999967,378.5999999999997,2155
2026-03-26T19:55:00+00:00,378.5999999999997,378.67999999999967,377.73999999999967,377.93999999999966,2428
2026-03-27T13:30:00+00:00,377.93999999999966,377.93999999999966,371.33999999999963,371.3599999999997,1722
2026-03-27T13:35:00+00:00,371.3599999999997,371.4799999999997,369.51999999999964,370.54999999999967,2487
2026-03-27T13:40:00+00:00,370.54999999999967,370.9099999999997,369.44999999999965,370.55999999999966,2437
2026-03-27T13:45:00+00:00,370.55999999999966,372.51999999999964,370.48999999999967,372.1599999999997,2719
2026-03-27T13:50:00+00:00,372.1599999999997,372.6699999999997,368.9699999999997,369.19999999999965,2692
2026-03-27T13:55:00+00:00,369.19999999999965,369.2299999999997,367.2899999999997,368.44999999999965,2985
2026-03-27T14:00:00+00:00,368.44999999999965,369.98999999999967,367.8599999999997,369.89999999999964,2817
2026-03-27T14:05:00+00:00,369.89999999999964,369.9699999999997,368.54999999999967,368.8599999999997,2484
2026-03-27T14:10:00+00:00,368.8599999999997,369.8599999999997,368.6599999999997,369.49999999999966,2597
2026-03-27T14:15:00+00:00,369.49999999999966,370.23999999999967,369.23999999999967,369.9699999999997,2473
2026-03-27T14:20:00+00:00,369.9699999999997,370.3499999999997,368.44999999999965,369.5299999999997,2551
2026-03-27T14:25:00+00:00,369.5299999999997,369.89999999999964,368.79999999999967,369.00999999999965,2246
2026-03-27T14:30:00+00:00,369.00999999999965,369.87999999999965,368.94999999999965,369.70999999999964,2479
2026-03-27T14:35:00+00:00,369.70999999999964,370.01999999999964,368.93999999999966,369.56999999999965,2449
2026-03-27T14:40:00+00:00,369.56999999999965,370.6099999999997,369.55999999999966,370.0299999999997,2289
2026-03-27T14:45:00+00:00,370.0299999999997,371.57999999999964,369.4799999999997,371.54999999999967,2614
2026-03-27T14:50:00+00:00,371.54999999999967,371.9199999999997,371.0999999999997,371.29999999999967,2457
2026-03-27T14:55:00+00:00,371.29999999999967,371.56999999999965,370.79999999999967,371.2799999999997,2155
2026-03-27T15:00:00+00:00,371.2799999999997,372.44999999999965,371.26999999999964,372.30999999999966,2503
2026-03-27T15:05:00+00:00,372.30999999999966,372.81999999999965,371.9699999999997,372.67999999999967,2601
2026-03-27T15:10:00+00:00,372.67999999999967,372.9799999999997,371.64999999999964,371.99999999999966,2229
2026-03-27T15:15:00+00:00,371.99999999999966,372.01999999999964,370.9699999999997,371.18999999999966,2360
2026-03-27T15:20:00+00:00,371.18999999999966,372.70999999999964,370.55999999999966,371.6599999999997,2877
2026-03-27T15:25:00+00:00,371.6599999999997,373.1599999999997,371.38999999999965,373.1599999999997,2821
2026-03-27T15:30:00+00:00,373.1599999999997,374.19999999999965,372.9699999999997,373.79999999999967,2552
2026-03-27T15:35:00+00:00,373.79999999999967,374.19999999999965,373.24999999999966,373.5399999999997,2409
2026-03-27T15:40:00+00:00,373.5399999999997,373.5999999999997,372.67999999999967,373.44999999999965,2050
2026-03-27T15:45:00+00:00,373.44999999999965,373.83999999999963,373.1599999999997,373.5299999999997,1898
2026-03-27T15:50:00+00:00,373.5299999999997,373.82999999999964,372.79999999999967,373.04999999999967,1851
2026-03-27T15:55:00+00:00,373.04999999999967,373.33999999999963,372.43999999999966,372.75999999999965,1935
2026-03-27T16:00:00+00:00,372.75999999999965,372.9099999999997,372.08999999999963,372.2799999999997,1916
2026-03-27T16:05:00+00:00,372.2799999999997,372.42999999999967,371.30999999999966,371.32999999999964,1840
2026-03-27T16:10:00+00:00,371.32999999999964,371.61999999999966,370.9699999999997,371.38999999999965,1737
2026-03-27T16:15:00+00:00,371.38999999999965,371.4099999999997,370.9699999999997,371.2199999999997,1599
2026-03-27T16:20:00+00:00,371.2199999999997,371.51999999999964,370.5999999999997,370.68999999999966,1598
2026-03-27T16:25:00+00:00,370.68999999999966,370.70999999999964,370.11999999999966,370.37999999999965,1567
2026-03-27T16:30:00+00:00,370.37999999999965,370.63999999999965,369.8599999999997,370.0299999999997,1622
2026-03-27T16:35:00+00:00,370.0299999999997,370.20999999999964,369.1099999999997,369.3599999999997,1826
2026-03-27T16:40:00+00:00,369.3599999999997,370.17999999999967,369.17999999999967,369.99999999999966,1815
2026-03-27T16:45:00+00:00,369.99999999999966,370.48999999999967,369.8599999999997,370.30999999999966,2010
2026-03-27T16:50:00+00:00,370.30999999999966,370.42999999999967,369.43999999999966,369.76999999999964,1704
2026-03-27T16:55:00+00:00,369.76999999999964,370.04999999999967,369.61999999999966,369.73999999999967,1511
2026-03-27T17:00:00+00:00,369.73999999999967,369.83999999999963,369.00999999999965,369.32999999999964,1763
2026-03-27T17:05:00+00:00,369.32999999999964,370.62999999999965,368.9799999999997,370.12999999999965,2457
2026-03-27T17:10:00+00:00,370.12999999999965,370.20999999999964,369.33999999999963,369.6599999999997,1733
2026-03-27T17:15:00+00:00,369.6599999999997,369.6699999999997,368.55999999999966,368.83999999999963,1471
2026-03-27T17:20:00+00:00,368.83999999999963,368.9099999999997,368.3599999999997,368.9099999999997,1505
2026-03-27T17:25:00+00:00,368.9099999999997,368.9099999999997,367.70999999999964,367.70999999999964,1660
2026-03-27T17:30:00+00:00,367.70999999999964,368.36999999999966,367.70999999999964,368.0999999999997,1775
2026-03-27T17:35:00+00:00,368.0999999999997,368.4199999999997,367.5999999999997,367.80999999999966,1706
2026-03-27T17:40:00+00:00,367.80999999999966,367.80999999999966,366.55999999999966,366.69999999999965,1671
2026-03-27T17:45:00+00:00,366.69999999999965,367.04999999999967,366.4099999999997,366.50999999999965,1703
2026-03-27T17:50:00+00:00,366.50999999999965,366.62999999999965,365.8499999999997,366.13999999999965,1537
2026-03-27T17:55:00+00:00,366.13999999999965,366.33999999999963,365.4799999999997,365.6699999999997,1729
2026-03-27T18:00:00+00:00,365.6699999999997,366.31999999999965,365.6699999999997,366.1599999999997,1670.0413223140495
2026-03-27T18:05:00+00:00,366.1599999999997,366.36999999999966,365.70999999999964,365.86999999999966,1435
2026-03-27T18:10:00+00:00,365.86999999999966,366.43999999999966,365.39999999999964,366.25999999999965,1643
2026-03-27T18:15:00+00:00,366.25999999999965,367.05999999999966,365.94999999999965,366.80999999999966,1911
2026-03-27T18:20:00+00:00,366.80999999999966,367.18999999999966,366.02999999999963,366.25999999999965,1654
2026-03-27T18:25:00+00:00,366.25999999999965,366.7899999999997,365.9799999999997,366.58999999999963,1559
2026-03-27T18:30:00+00:00,366.58999999999963,367.07999999999964,366.4799999999997,366.67999999999967,1437
2026-03-27T18:35:00+00:00,366.67999999999967,367.24999999999966,366.39999999999964,366.94999999999965,1463
2026-03-27T18:40:00+00:00,366.94999999999965,367.93999999999966,366.8499999999997,367.3499999999997,2018
2026-03-27T18:45:00+00:00,367.3499999999997,367.56999999999965,366.95999999999964,366.9799999999997,1675
2026-03-27T18:50:00+00:00,366.9799999999997,367.1599999999997,366.45999999999964,366.56999999999965,1491
2026-03-27T18:55:00+00:00,366.56999999999965,366.75999999999965,366.19999999999965,366.56999999999965,1458
2026-03-27T19:00:00+00:00,366.56999999999965,366.75999999999965,365.69999999999965,365.81999999999965,1654
2026-03-27T19:05:00+00:00,365.81999999999965,365.95999999999964,365.51999999999964,365.8499999999997,1758
2026-03-27T19:10:00+00:00,365.8499999999997,366.1599999999997,365.3599999999997,366.11999999999966,2013
2026-03-27T19:15:00+00:00,366.11999999999966,367.56999999999965,366.06999999999965,367.50999999999965,2153
2026-03-27T19:20:00+00:00,367.50999999999965,367.94999999999965,367.13999999999965,367.68999999999966,1893
2026-03-27T19:25:00+00:00,367.68999999999966,367.68999999999966,366.98999999999967,367.2299999999997,1870
2026-03-27T19:30:00+00:00,367.2299999999997,367.87999999999965,367.2199999999997,367.8499999999997,2118
2026-03-27T19:35:00+00:00,367.8499999999997,367.95999999999964,367.38999999999965,367.58999999999963,1798
2026-03-27T19:40:00+00:00,367.58999999999963,367.80999999999966,366.8599999999997,367.44999999999965,2137
2026-03-27T19:45:00+00:00,367.44999999999965,367.51999999999964,366.52999999999963,366.98999999999967,2696
2026-03-27T19:50:00+00:00,366.98999999999967,367.68999999999966,366.07999999999964,367.08999999999963,2928
2026-03-27T19:55:00+00:00,367.08999999999963,368.32999999999964,367.08999999999963,367.87999999999965,2715
2026-03-30T13:30:00+00:00,367.87999999999965,373.04999999999967,367.87999999999965,370.83999999999963,2119
2026-03-30T13:35:00+00:00,370.83999999999963,371.23999999999967,368.70999999999964,369.11999999999966,2274
2026-03-30T13:40:00+00:00,369.11999999999966,369.45999999999964,367.92999999999967,369.29999999999967,2705
2026-03-30T13:45:00+00:00,369.29999999999967,370.04999999999967,368.77999999999963,369.61999999999966,2497
2026-03-30T13:50:00+00:00,369.61999999999966,371.39999999999964,369.42999999999967,370.37999999999965,2275
2026-03-30T13:55:00+00:00,370.37999999999965,370.48999999999967,368.30999999999966,368.9099999999997,2274
2026-03-30T14:00:00+00:00,368.9099999999997,370.9199999999997,368.9099999999997,370.69999999999965,2449
2026-03-30T14:05:00+00:00,370.69999999999965,370.69999999999965,368.70999999999964,370.04999999999967,2172
2026-03-30T14:10:00+00:00,370.04999999999967,370.86999999999966,369.29999999999967,370.2299999999997,2236
2026-03-30T14:15:00+00:00,370.2299999999997,370.4799999999997,368.70999999999964,369.39999999999964,2192
2026-03-30T14:20:00+00:00,369.39999999999964,369.9799999999997,369.12999999999965,369.48999999999967,2008
2026-03-30T14:25:00+00:00,369.48999999999967,369.6599999999997,368.58999999999963,368.80999999999966,1936
2026-03-30T14:30:00+00:00,368.80999999999966,369.58999999999963,368.6699999999997,368.93999999999966,1912
2026-03-30T14:35:00+00:00,368.93999999999966,369.2199999999997,367.88999999999965,368.3599999999997,2096
2026-03-30T14:40:00+00:00,368.3599999999997,368.87999999999965,366.57999999999964,366.94999999999965,1880
2026-03-30T14:45:00+00:00,366.94999999999965,369.61999999999966,366.75999999999965,368.5999999999997,2848
2026-03-30T14:50:00+00:00,368.5999999999997,369.31999999999965,368.2899999999997,369.18999999999966,2392
2026-03-30T14:55:00+00:00,369.18999999999966,370.25999999999965,368.57999999999964,370.23999999999967,2030
2026-03-30T15:00:00+00:00,370.23999999999967,370.86999999999966,369.98999999999967,370.80999999999966,2125
2026-03-30T15:05:00+00:00,370.80999999999966,371.25999999999965,369.02999999999963,369.08999999999963,2327
2026-03-30T15:10:00+00:00,369.08999999999963,369.38999999999965,368.12999999999965,368.3499999999997,2058
2026-03-30T15:15:00+00:00,368.3499999999997,368.43999999999966,367.17999999999967,367.73999999999967,1994
2026-03-30T15:20:00+00:00,367.73999999999967,368.0999999999997,367.17999999999967,367.81999999999965,2014
2026-03-30T15:25:00+00:00,367.81999999999965,368.63999999999965,367.6699999999997,367.74999999999966,1771
2026-03-30T15:30:00+00:00,367.74999999999966,369.08999999999963,367.49999999999966,369.05999999999966,2006
2026-03-30T15:35:00+00:00,369.05999999999966,369.77999999999963,369.00999999999965,369.19999999999965,1897
2026-03-30T15:40:00+00:00,369.19999999999965,369.9099999999997,369.01999999999964,369.6599999999997,1691
2026-03-30T15:45:00+00:00,369.6599999999997,370.14999999999964,369.44999999999965,370.05999999999966,1877
2026-03-30T15:50:00+00:00,370.05999999999966,370.51999999999964,369.88999999999965,369.98999999999967,1836
2026-03-30T15:55:00+00:00,369.98999999999967,370.0999999999997,368.87999999999965,369.00999999999965,2000
2026-03-30T16:00:00+00:00,369.00999999999965,369.29999999999967,368.3599999999997,368.64999999999964,1862
2026-03-30T16:05:00+00:00,368.64999999999964,368.94999999999965,368.08999999999963,368.24999999999966,1839
2026-03-30T16:10:00+00:00,368.24999999999966,368.6099999999997,368.07999999999964,368.32999999999964,1590
2026-03-30T16:15:00+00:00,368.32999999999964,368.33999999999963,367.05999999999966,367.39999999999964,1761
2026-03-30T16:20:00+00:00,367.39999999999964,367.57999999999964,366.29999999999967,366.45999999999964,1661
2026-03-30T16:25:00+00:00,366.45999999999964,366.62999999999965,365.92999999999967,366.04999999999967,1611
2026-03-30T16:30:00+00:00,366.04999999999967,366.32999999999964,365.74999999999966,365.9199999999997,1603
2026-03-30T16:35:00+00:00,365.9199999999997,366.31999999999965,365.74999999999966,365.95999999999964,1463
2026-03-30T16:40:00+00:00,365.95999999999964,366.39999999999964,365.4699999999997,366.07999999999964,1332
2026-03-30T16:45:00+00:00,366.07999999999964,366.17999999999967,365.54999999999967,365.89999999999964,1334
2026-03-30T16:50:00+00:00,365.89999999999964,366.6599999999997,365.8499999999997,366.36999999999966,1542
2026-03-30T16:55:00+00:00,366.36999999999966,366.52999999999963,365.75999999999965,366.14999999999964,1435
2026-03-30T17:00:00+00:00,366.14999999999964,366.77999999999963,365.08999999999963,365.14999999999964,1644
2026-03-30T17:05:00+00:00,365.14999999999964,365.4699999999997,364.61999999999966,364.83999999999963,1409
2026-03-30T17:10:00+00:00,364.83999999999963,364.93999999999966,363.82999999999964,363.94999999999965,1574
2026-03-30T17:15:00+00:00,363.94999999999965,364.04999999999967,363.54999999999967,363.8499999999997,1836
2026-03-30T17:20:00+00:00,363.8499999999997,364.38999999999965,363.69999999999965,364.05999999999966,1620
2026-03-30T17:25:00+00:00,364.05999999999966,364.26999999999964,363.37999999999965,363.4799999999997,1576
2026-03-30T17:30:00+00:00,363.4799999999997,363.92999999999967,362.74999999999966,363.01999999999964,1598
2026-03-30T17:35:00+00:00,363.01999999999964,363.27999999999963,362.30999999999966,363.01999999999964,1753
2026-03-30T17:40:00+00:00,363.01999999999964,363.48999999999967,362.67999999999967,363.3599999999997,1378
2026-03-30T17:45:00+00:00,363.3599999999997,363.8599999999997,362.74999999999966,362.92999999999967,1695
2026-03-30T17:50:00+00:00,362.92999999999967,363.08999999999963,362.4099999999997,362.5399999999997,1563
2026-03-30T17:55:00+00:00,362.5399999999997,363.24999999999966,362.2899999999997,363.1599999999997,1458
2026-03-30T18:00:00+00:00,363.1599999999997,363.27999999999963,362.50999999999965,362.67999999999967,1189
2026-03-30T18:05:00+00:00,362.67999999999967,362.94999999999965,361.83999999999963,362.23999999999967,1450
2026-03-30T18:10:00+00:00,362.23999999999967,362.6599999999997,362.13999999999965,362.45999999999964,1209
2026-03-30T18:15:00+00:00,362.45999999999964,362.54999999999967,362.05999999999966,362.38999999999965,1180
2026-03-30T18:20:00+00:00,362.38999999999965,362.73999999999967,361.57999999999964,361.7299999999997,1414
2026-03-30T18:25:00+00:00,361.7299999999997,361.74999999999966,361.0999999999997,361.44999999999965,1502
2026-03-30T18:30:00+00:00,361.44999999999965,361.83999999999963,361.37999999999965,361.57999999999964,1443
2026-03-30T18:35:00+00:00,361.57999999999964,362.2199999999997,361.54999999999967,361.62999999999965,1262
2026-03-30T18:40:00+00:00,361.62999999999965,361.94999999999965,361.45999999999964,361.7199999999997,1048
2026-03-30T18:45:00+00:00,361.7199999999997,362.07999999999964,361.1599999999997,361.17999999999967,1058
2026-03-30T18:50:00+00:00,361.17999999999967,361.2299999999997,360.44999999999965,360.64999999999964,1514
2026-03-30T18:55:00+00:00,360.64999999999964,360.9699999999997,360.48999999999967,360.58999999999963,1266
2026-03-30T19:00:00+00:00,360.58999999999963,360.86999999999966,360.0399999999997,360.2299999999997,2119
2026-03-30T19:05:00+00:00,360.2299999999997,360.24999999999966,358.89999999999964,359.05999999999966,2078
2026-03-30T19:10:00+00:00,359.05999999999966,359.1599999999997,358.4799999999997,358.48999999999967,2682
2026-03-30T19:15:00+00:00,358.48999999999967,359.27999999999963,358.43999999999966,358.95999999999964,2302
2026-03-30T19:20:00+00:00,358.95999999999964,359.54999999999967,358.89999999999964,358.93999999999966,2204
2026-03-30T19:25:00+00:00,358.93999999999966,359.0999999999997,358.2899999999997,358.52999999999963,2119
2026-03-30T19:30:00+00:00,358.52999999999963,359.02999999999963,358.01999999999964,358.1099999999997,2342
2026-03-30T19:35:00+00:00,358.1099999999997,359.0999999999997,358.08999999999963,358.83999999999963,2518
2026-03-30T19:40:00+00:00,358.83999999999963,359.39999999999964,358.24999999999966,359.1699999999997,2311
2026-03-30T19:45:00+00:00,359.1699999999997,359.77999999999963,358.87999999999965,359.62999999999965,2379
2026-03-30T19:50:00+00:00,359.62999999999965,361.02999999999963,359.4099999999997,360.95999999999964,2496
2026-03-30T19:55:00+00:00,360.95999999999964,361.52999999999963,360.54999999999967,361.0999999999997,2910
2026-03-31T13:30:00+00:00,361.0999999999997,370.52999999999963,361.0999999999997,370.1699999999997,2466
2026-03-31T13:35:00+00:00,370.1699999999997,370.64999999999964,368.98999999999967,370.3499999999997,3382
2026-03-31T13:40:00+00:00,370.3499999999997,370.9799999999997,368.4699999999997,368.6599999999997,2725
2026-03-31T13:45:00+00:00,368.6599999999997,370.75999999999965,368.63999999999965,370.73999999999967,2671
2026-03-31T13:50:00+00:00,370.73999999999967,371.2199999999997,369.57999999999964,371.11999999999966,2484
2026-03-31T13:55:00+00:00,371.11999999999966,371.25999999999965,369.29999999999967,370.2299999999997,2491
2026-03-31T14:00:00+00:00,370.2299999999997,370.42999999999967,368.75999999999965,369.17999999999967,2346
2026-03-31T14:05:00+00:00,369.17999999999967,369.25999999999965,367.87999999999965,368.30999999999966,2332
2026-03-31T14:10:00+00:00,368.30999999999966,369.94999999999965,368.04999999999967,369.7899999999997,2292
2026-03-31T14:15:00+00:00,369.7899999999997,370.9699999999997,368.9199999999997,370.26999999999964,2585
2026-03-31T14:20:00+00:00,370.26999999999964,371.76999999999964,369.54999999999967,371.50999999999965,2869
2026-03-31T14:25:00+00:00,371.50999999999965,371.82999999999964,370.74999999999966,371.63999999999965,2180
2026-03-31T14:30:00+00:00,371.63999999999965,371.92999999999967,370.79999999999967,370.8599999999997,2573
2026-03-31T14:35:00+00:00,370.8599999999997,371.02999999999963,369.88999999999965,370.45999999999964,2507
2026-03-31T14:40:00+00:00,370.45999999999964,370.89999999999964,369.76999999999964,370.00999999999965,2467
2026-03-31T14:45:00+00:00,370.00999999999965,370.24999999999966,369.01999999999964,369.12999999999965,2729
2026-03-31T14:50:00+00:00,369.12999999999965,369.27999999999963,368.38999999999965,368.55999999999966,2895
2026-03-31T14:55:00+00:00,368.55999999999966,368.75999999999965,367.57999999999964,368.68999999999966,2656
2026-03-31T15:00:00+00:00,368.68999999999966,370.18999999999966,368.67999999999967,369.9699999999997,2527
2026-03-31T15:05:00+00:00,369.9699999999997,371.38999999999965,369.88999999999965,370.48999999999967,2611
2026-03-31T15:10:00+00:00,370.48999999999967,371.69999999999965,370.23999999999967,371.6099999999997,2401
2026-03-31T15:15:00+00:00,371.6099999999997,371.77999999999963,370.9699999999997,371.0999999999997,2433
2026-03-31T15:20:00+00:00,371.0999999999997,371.2899999999997,370.2899999999997,371.14999999999964,2249
2026-03-31T15:25:00+00:00,371.14999999999964,371.14999999999964,369.93999999999966,369.99999999999966,2358
2026-03-31T15:30:00+00:00,369.99999999999966,370.0399999999997,369.01999999999964,369.55999999999966,2563
2026-03-31T15:35:00+00:00,369.55999999999966,370.31999999999965,369.4799999999997,370.19999999999965,2551
2026-03-31T15:40:00+00:00,370.19999999999965,370.37999999999965,369.27999999999963,369.4199999999997,2175
2026-03-31T15:45:00+00:00,369.4199999999997,369.42999999999967,368.80999999999966,369.01999999999964,2196
2026-03-31T15:50:00+00:00,369.01999999999964,369.6699999999997,368.7899999999997,369.24999999999966,1965
2026-03-31T15:55:00+00:00,369.24999999999966,369.45999999999964,368.27999999999963,368.37999999999965,1982
2026-03-31T16:00:00+00:00,368.37999999999965,369.74999999999966,368.24999999999966,368.9799999999997,1936
2026-03-31T16:05:00+00:00,368.9799999999997,370.24999999999966,368.9699999999997,370.06999999999965,1841
2026-03-31T16:10:00+00:00,370.06999999999965,370.1599999999997,369.1599999999997,369.98999999999967,1985
2026-03-31T16:15:00+00:00,369.98999999999967,370.5999999999997,369.9699999999997,370.25999999999965,1912
2026-03-31T16:20:00+00:00,370.25999999999965,371.0399999999997,370.0399999999997,371.0399999999997,1531
2026-03-31T16:25:00+00:00,371.0399999999997,371.3499999999997,370.64999999999964,371.05999999999966,1650
2026-03-31T16:30:00+00:00,371.05999999999966,371.1699999999997,370.63999999999965,371.0999999999997,1825
2026-03-31T16:35:00+00:00,371.0999999999997,374.18999999999966,370.79999999999967,374.1599999999997,2251
2026-03-31T16:40:00+00:00,374.1599999999997,377.69999999999965,374.04999999999967,376.2199999999997,4735
2026-03-31T16:45:00+00:00,376.2199999999997,377.23999999999967,374.2899999999997,375.44999999999965,4194
2026-03-31T16:50:00+00:00,375.44999999999965,376.83999999999963,374.94999999999965,375.5999999999997,3961
2026-03-31T16:55:00+00:00,375.5999999999997,376.1599999999997,374.99999999999966,376.06999999999965,3779
2026-03-31T17:00:00+00:00,376.06999999999965,378.38999999999965,375.94999999999965,377.6599999999997,3532
2026-03-31T17:05:00+00:00,377.6599999999997,377.81999999999965,376.08999999999963,376.4099999999997,3511
2026-03-31T17:10:00+00:00,376.4099999999997,377.49999999999966,376.0999999999997,377.20999999999964,3105
2026-03-31T17:15:00+00:00,377.20999999999964,378.50999999999965,377.1699999999997,378.29999999999967,2929
2026-03-31T17:20:00+00:00,378.29999999999967,378.33999999999963,377.4199999999997,377.54999999999967,2837
2026-03-31T17:25:00+00:00,377.54999999999967,377.62999999999965,375.57999999999964,375.82999999999964,2977
2026-03-31T17:30:00+00:00,375.82999999999964,377.06999999999965,375.57999999999964,376.9699999999997,2673
2026-03-31T17:35:00+00:00,376.9699999999997,377.20999999999964,375.01999999999964,375.43999999999966,3271
2026-03-31T17:40:00+00:00,375.43999999999966,375.87999999999965,374.67999999999967,375.05999999999966,2821
2026-03-31T17:45:00+00:00,375.05999999999966,375.8499999999997,374.89999999999964,375.39999999999964,2176
2026-03-31T17:50:00+00:00,375.39999999999964,375.55999999999966,374.6099999999997,374.8599999999997,2124
2026-03-31T17:55:00+00:00,374.8599999999997,374.89999999999964,373.89999999999964,374.11999999999966,2062
2026-03-31T18:00:00+00:00,374.11999999999966,375.29999999999967,374.1099999999997,374.94999999999965,2262
2026-03-31T18:05:00+00:00,374.94999999999965,375.99999999999966,374.7899999999997,375.9199999999997,1858
2026-03-31T18:10:00+00:00,375.9199999999997,376.45999999999964,375.54999999999967,376.39999999999964,1899
2026-03-31T18:15:00+00:00,376.39999999999964,377.01999999999964,376.3499999999997,376.57999999999964,1600
2026-03-31T18:20:00+00:00,376.57999999999964,376.77999999999963,376.27999999999963,376.4799999999997,1774
2026-03-31T18:25:00+00:00,376.4799999999997,377.4799999999997,376.27999999999963,377.20999999999964,2074
2026-03-31T18:30:00+00:00,377.20999999999964,377.5999999999997,376.8499999999997,377.29999999999967,1957
2026-03-31T18:35:00+00:00,377.29999999999967,378.39999999999964,377.12999999999965,378.2299999999997,1980
2026-03-31T18:40:00+00:00,378.2299999999997,378.39999999999964,377.87999999999965,378.3499999999997,1927
2026-03-31T18:45:00+00:00,378.3499999999997,379.2199999999997,378.32999999999964,378.79999999999967,1855
2026-03-31T18:50:00+00:00,378.79999999999967,379.06999999999965,378.7199999999997,378.7299999999997,1515
2026-03-31T18:55:00+00:00,378.7299999999997,378.82999999999964,378.17999999999967,378.2199999999997,1411
2026-03-31T19:00:00+00:00,378.2199999999997,378.4699999999997,377.94999999999965,378.2299999999997,2003
2026-03-31T19:05:00+00:00,378.2299999999997,378.30999999999966,377.63999999999965,377.82999999999964,2270
2026-03-31T19:10:00+00:00,377.82999999999964,378.51999999999964,377.7899999999997,378.36999999999966,2256
2026-03-31T19:15:00+00:00,378.36999999999966,378.88999999999965,378.2299999999997,378.29999999999967,2161
2026-03-31T19:20:00+00:00,378.29999999999967,378.8499999999997,378.01999999999964,378.73999999999967,2086
2026-03-31T19:25:00+00:00,378.73999999999967,378.76999999999964,377.7199999999997,378.04999999999967,2052
2026-03-31T19:30:00+00:00,378.04999999999967,378.7299999999997,377.95999999999964,378.2299999999997,2320
2026-03-31T19:35:00+00:00,378.2299999999997,378.48999999999967,377.86999999999966,377.92999999999967,2062
2026-03-31T19:40:00+00:00,377.92999999999967,378.1699999999997,377.63999999999965,378.00999999999965,2526
2026-03-31T19:45:00+00:00,378.00999999999965,378.74999999999966,377.77999999999963,378.37999999999965,2441
2026-03-31T19:50:00+00:00,378.37999999999965,379.04999999999967,377.08999999999963,377.11999999999966,3355
2026-03-31T19:55:00+00:00,377.11999999999966,377.6599999999997,376.38999999999965,377.63999999999965,3465
2026-04-01T13:30:00+00:00,377.63999999999965,384.73999999999967,377.63999999999965,381.9799999999997,2245
2026-04-01T13:35:00+00:00,381.9799999999997,383.1099999999997,381.19999999999965,383.06999999999965,2929
2026-04-01T13:40:00+00:00,383.06999999999965,383.17999999999967,380.38999999999965,381.25999999999965,3067
2026-04-01T13:45:00+00:00,381.25999999999965,381.87999999999965,379.92999999999967,380.4699999999997,3217
2026-04-01T13:50:00+00:00,380.4699999999997,381.88999999999965,380.18999999999966,380.76999999999964,3127
2026-04-01T13:55:00+00:00,380.76999999999964,381.69999999999965,380.30999999999966,380.95999999999964,2445
2026-04-01T14:00:00+00:00,380.95999999999964,381.55999999999966,380.14999999999964,381.39999999999964,2602
2026-04-01T14:05:00+00:00,381.39999999999964,382.4099999999997,380.24999999999966,381.83999999999963,2607
2026-04-01T14:10:00+00:00,381.83999999999963,383.48999999999967,381.81999999999965,382.51999999999964,2516
2026-04-01T14:15:00+00:00,382.51999999999964,383.2299999999997,382.30999999999966,382.82999999999964,1969
2026-04-01T14:20:00+00:00,382.82999999999964,384.39999999999964,382.05999999999966,383.7899999999997,2284
2026-04-01T14:25:00+00:00,383.7899999999997,384.4199999999997,383.13999999999965,384.3599999999997,1589
2026-04-01T14:30:00+00:00,384.3599999999997,384.95999999999964,383.24999999999966,383.33999999999963,1962
2026-04-01T14:35:00+00:00,383.33999999999963,385.7899999999997,382.79999999999967,385.08999999999963,2737
2026-04-01T14:40:00+00:00,385.08999999999963,385.1099999999997,384.25999999999965,384.9099999999997,2674
2026-04-01T14:45:00+00:00,384.9099999999997,385.14999999999964,383.67999999999967,385.01999999999964,1946
2026-04-01T14:50:00+00:00,385.01999999999964,387.0999999999997,384.88999999999965,386.83999999999963,2019
2026-04-01T14:55:00+00:00,386.83999999999963,387.56999999999965,386.31999999999965,387.4099999999997,1974
2026-04-01T15:00:00+00:00,387.4099999999997,388.04999999999967,387.13999999999965,387.25999999999965,1970
2026-04-01T15:05:00+00:00,387.25999999999965,388.31999999999965,387.2199999999997,387.6099999999997,1650
2026-04-01T15:10:00+00:00,387.6099999999997,387.7199999999997,386.98999999999967,387.49999999999966,1315
2026-04-01T15:15:00+00:00,387.49999999999966,388.01999999999964,387.18999999999966,387.76999999999964,1223
2026-04-01T15:20:00+00:00,387.76999999999964,388.00999999999965,387.24999999999966,387.4799999999997,1160
2026-04-01T15:25:00+00:00,387.4799999999997,387.67999999999967,386.7199999999997,386.76999999999964,1391
2026-04-01T15:30:00+00:00,386.76999999999964,387.04999999999967,386.27999999999963,386.73999999999967,1464
2026-04-01T15:35:00+00:00,386.73999999999967,387.8599999999997,386.70999999999964,387.54999999999967,1419
2026-04-01T15:40:00+00:00,387.54999999999967,387.95999999999964,386.98999999999967,387.79999999999967,1028
2026-04-01T15:45:00+00:00,387.79999999999967,388.07999999999964,387.29999999999967,387.45999999999964,1045
2026-04-01T15:50:00+00:00,387.45999999999964,388.23999999999967,387.36999999999966,387.98999999999967,1014
2026-04-01T15:55:00+00:00,387.98999999999967,389.00999999999965,387.92999999999967,388.20999999999964,1146
2026-04-01T16:00:00+00:00,388.20999999999964,388.42999999999967,387.68999999999966,388.29999999999967,1100
2026-04-01T16:05:00+00:00,388.29999999999967,388.58999999999963,388.17999999999967,388.4199999999997,950
2026-04-01T16:10:00+00:00,388.4199999999997,388.50999999999965,387.5999999999997,387.73999999999967,1061
2026-04-01T16:15:00+00:00,387.73999999999967,387.9699999999997,387.32999999999964,387.8599999999997,1015
2026-04-01T16:20:00+00:00,387.8599999999997,388.11999999999966,387.70999999999964,387.77999999999963,880
2026-04-01T16:25:00+00:00,387.77999999999963,387.9199999999997,387.27999999999963,387.39999999999964,927
2026-04-01T16:30:00+00:00,387.39999999999964,387.63999999999965,386.93999999999966,387.18999999999966,1087
2026-04-01T16:35:00+00:00,387.18999999999966,387.74999999999966,386.9799999999997,387.00999999999965,829
2026-04-01T16:40:00+00:00,387.00999999999965,387.37999999999965,386.89999999999964,387.08999999999963,873
2026-04-01T16:45:00+00:00,387.08999999999963,387.7899999999997,386.93999999999966,387.69999999999965,748
2026-04-01T16:50:00+00:00,387.69999999999965,388.04999999999967,387.68999999999966,387.9099999999997,736
2026-04-01T16:55:00+00:00,387.9099999999997,387.9099999999997,387.25999999999965,387.4699999999997,668
2026-04-01T17:00:00+00:00,387.4699999999997,388.1099999999997,387.33999999999963,387.95999999999964,714
2026-04-01T17:05:00+00:00,387.95999999999964,387.9699999999997,387.42999999999967,387.48999999999967,685
2026-04-01T17:10:00+00:00,387.48999999999967,387.7199999999997,387.08999999999963,387.2899999999997,679
2026-04-01T17:15:00+00:00,387.2899999999997,387.4699999999997,386.87999999999965,386.93999999999966,637
2026-04-01T17:20:00+00:00,386.93999999999966,387.0399999999997,386.48999999999967,386.75999999999965,759
2026-04-01T17:25:00+00:00,386.75999999999965,387.13999999999965,386.6099999999997,386.94999999999965,688
2026-04-01T17:30:00+00:00,386.94999999999965,387.56999999999965,386.57999999999964,386.6599999999997,990
2026-04-01T17:35:00+00:00,386.6599999999997,387.26999999999964,386.50999999999965,387.11999999999966,801
2026-04-01T17:40:00+00:00,387.11999999999966,387.25999999999965,386.62999999999965,386.79999999999967,723
2026-04-01T17:45:00+00:00,386.79999999999967,386.9799999999997,386.27999999999963,386.45999999999964,776
2026-04-01T17:50:00+00:00,386.45999999999964,386.68999999999966,386.13999999999965,386.50999999999965,847
2026-04-01T17:55:00+00:00,386.50999999999965,386.63999999999965,385.4699999999997,385.49999999999966,1093
2026-04-01T18:00:00+00:00,385.49999999999966,385.6599999999997,384.42999999999967,384.88999999999965,1741
2026-04-01T18:05:00+00:00,384.88999999999965,385.27999999999963,384.7899999999997,385.08999999999963,1394
2026-04-01T18:10:00+00:00,385.08999999999963,385.29999999999967,384.7199999999997,384.74999999999966,1189
2026-04-01T18:15:00+00:00,384.74999999999966,384.83999999999963,383.4099999999997,383.93999999999966,1531
2026-04-01T18:20:00+00:00,383.93999999999966,384.23999999999967,382.9799999999997,383.13999999999965,1671
2026-04-01T18:25:00+00:00,383.13999999999965,384.02999999999963,382.95999999999964,383.4699999999997,1673
2026-04-01T18:30:00+00:00,383.4699999999997,384.1599999999997,383.2899999999997,383.49999999999966,1284
2026-04-01T18:35:00+00:00,383.49999999999966,384.1699999999997,382.89999999999964,383.8499999999997,1396
2026-04-01T18:40:00+00:00,383.8499999999997,385.0399999999997,383.8499999999997,384.6699999999997,1604
2026-04-01T18:45:00+00:00,384.6699999999997,384.9199999999997,384.1599999999997,384.64999999999964,1395
2026-04-01T18:50:00+00:00,384.64999999999964,384.92999999999967,384.31999999999965,384.49999999999966,1193
2026-04-01T18:55:00+00:00,384.49999999999966,384.7899999999997,384.2199999999997,384.70999999999964,1034
2026-04-01T19:00:00+00:00,384.70999999999964,385.98999999999967,384.52999999999963,385.83999999999963,1970
2026-04-01T19:05:00+00:00,385.83999999999963,386.69999999999965,385.83999999999963,386.12999999999965,1915
2026-04-01T19:10:00+00:00,386.12999999999965,386.27999999999963,385.29999999999967,386.0399999999997,1815
2026-04-01T19:15:00+00:00,386.0399999999997,386.37999999999965,385.68999999999966,386.11999999999966,1525
2026-04-01T19:20:00+00:00,386.11999999999966,386.33999999999963,385.80999999999966,386.11999999999966,1624
2026-04-01T19:25:00+00:00,386.11999999999966,386.70999999999964,386.0999999999997,386.4099999999997,1743
2026-04-01T19:30:00+00:00,386.4099999999997,386.64999999999964,386.13999999999965,386.43999999999966,1984
2026-04-01T19:35:00+00:00,386.43999999999966,386.69999999999965,386.14999999999964,386.5399999999997,1869
2026-04-01T19:40:00+00:00,386.5399999999997,386.98999999999967,386.26999999999964,386.50999999999965,1766
2026-04-01T19:45:00+00:00,386.50999999999965,386.88999999999965,385.81999999999965,386.6099999999997,2079
2026-04-01T19:50:00+00:00,386.6099999999997,387.29999999999967,385.4199999999997,387.1699999999997,2598
2026-04-01T19:55:00+00:00,387.1699999999997,387.4099999999997,386.57999999999964,386.89999999999964,2765
2026-04-02T13:30:00+00:00,386.89999999999964,386.89999999999964,369.50999999999965,373.29999999999967,2535
2026-04-02T13:35:00+00:00,373.29999999999967,373.29999999999967,371.23999999999967,372.33999999999963,3079
2026-04-02T13:40:00+00:00,372.33999999999963,373.89999999999964,371.98999999999967,373.26999999999964,3114
2026-04-02T13:45:00+00:00,373.26999999999964,375.23999999999967,372.93999999999966,373.07999999999964,3026
2026-04-02T13:50:00+00:00,373.07999999999964,373.2899999999997,371.89999999999964,372.0999999999997,2848
2026-04-02T13:55:00+00:00,372.0999999999997,372.25999999999965,371.2199999999997,371.3499999999997,2579
2026-04-02T14:00:00+00:00,371.3499999999997,371.44999999999965,369.5399999999997,370.2899999999997,2858
2026-04-02T14:05:00+00:00,370.2899999999997,372.52999999999963,369.68999999999966,372.37999999999965,3063
2026-04-02T14:10:00+00:00,372.37999999999965,374.2899999999997,372.05999999999966,374.17999999999967,2514
2026-04-02T14:15:00+00:00,374.17999999999967,375.79999999999967,373.77999999999963,375.32999999999964,2695
2026-04-02T14:20:00+00:00,375.32999999999964,375.54999999999967,373.98999999999967,374.1099999999997,2250
2026-04-02T14:25:00+00:00,374.1099999999997,374.1599999999997,371.9799999999997,371.99999999999966,2232
2026-04-02T14:30:00+00:00,371.99999999999966,373.02999999999963,371.6599999999997,372.32999999999964,2650
2026-04-02T14:35:00+00:00,372.32999999999964,376.0999999999997,372.31999999999965,374.13999999999965,4016
2026-04-02T14:40:00+00:00,374.13999999999965,374.14999999999964,372.6099999999997,373.6599999999997,3251
2026-04-02T14:45:00+00:00,373.6599999999997,374.2199999999997,371.4799999999997,371.50999999999965,3489
2026-04-02T14:50:00+00:00,371.50999999999965,372.01999999999964,370.08999999999963,371.69999999999965,3220
2026-04-02T14:55:00+00:00,371.69999999999965,373.56999999999965,371.67999999999967,373.21999999999963,2746.3
2026-04-02T15:00:00+00:00,373.21999999999963,373.3099999999996,371.4799999999996,372.8499999999996,3110
2026-04-02T15:05:00+00:00,372.8499999999996,373.51999999999964,372.45999999999964,372.95999999999964,2654
2026-04-02T15:10:00+00:00,372.95999999999964,373.9099999999996,372.52999999999963,372.6699999999996,2643
2026-04-02T15:15:00+00:00,372.6699999999996,373.6199999999996,372.51999999999964,372.6399999999996,2111
2026-04-02T15:20:00+00:00,372.6399999999996,372.6799999999996,371.6199999999996,372.1799999999996,2436
2026-04-02T15:25:00+00:00,372.1799999999996,372.6699999999996,371.5699999999996,371.9199999999996,2348
2026-04-02T15:30:00+00:00,371.9199999999996,372.14999999999964,371.0099999999996,371.71999999999963,2205
2026-04-02T15:35:00+00:00,371.71999999999963,372.6099999999996,371.3899999999996,372.2999999999996,1971
2026-04-02T15:40:00+00:00,372.2999999999996,372.83999999999963,371.95999999999964,372.7399999999996,1829
2026-04-02T15:45:00+00:00,372.7399999999996,372.7399999999996,371.33999999999963,371.3899999999996,1696
2026-04-02T15:50:00+00:00,371.3899999999996,371.7399999999996,370.39999999999964,371.4899999999996,2097
2026-04-02T15:55:00+00:00,371.4899999999996,372.0699999999996,371.0799999999996,371.33999999999963,1837
2026-04-02T16:00:00+00:00,371.33999999999963,371.9099999999996,371.14999999999964,371.76999999999964,1807
2026-04-02T16:05:00+00:00,371.76999999999964,372.3799999999996,370.96999999999963,371.9999999999996,1774
2026-04-02T16:10:00+00:00,371.9999999999996,372.0499999999996,370.9799999999996,371.3499999999996,1547
2026-04-02T16:15:00+00:00,371.3499999999996,371.4399999999996,370.3899999999996,370.3899999999996,1613
2026-04-02T16:20:00+00:00,370.3899999999996,370.5799999999996,369.8299999999996,370.5399999999996,1582
2026-04-02T16:25:00+00:00,370.5399999999996,370.6299999999996,370.0799999999996,370.26999999999964,1598
2026-04-02T16:30:00+00:00,370.26999999999964,370.6399999999996,369.3099999999996,370.4399999999996,1725
2026-04-02T16:35:00+00:00,370.4399999999996,370.6299999999996,369.4399999999996,369.8799999999996,1855
2026-04-02T16:40:00+00:00,369.8799999999996,371.4399999999996,369.7499999999996,371.2599999999996,1503
2026-04-02T16:45:00+00:00,371.2599999999996,372.02999999999963,370.8799999999996,371.1199999999996,1539
2026-04-02T16:50:00+00:00,371.1199999999996,371.2399999999996,370.7599999999996,370.7999999999996,1386
2026-04-02T16:55:00+00:00,370.7999999999996,370.9099999999996,370.0799999999996,370.21999999999963,1373
2026-04-02T17:00:00+00:00,370.21999999999963,370.6199999999996,369.64999999999964,370.2299999999996,1748
2026-04-02T17:05:00+00:00,370.2299999999996,370.9099999999996,370.08999999999963,370.8199999999996,1510
2026-04-02T17:10:00+00:00,370.8199999999996,371.4899999999996,370.5999999999996,371.2599999999996,1594
2026-04-02T17:15:00+00:00,371.2599999999996,371.96999999999963,371.01999999999964,371.9199999999996,1437
2026-04-02T17:20:00+00:00,371.9199999999996,372.20999999999964,371.2399999999996,371.4399999999996,1197
2026-04-02T17:25:00+00:00,371.4399999999996,371.6399999999996,370.8899999999996,370.9299999999996,1061
2026-04-02T17:30:00+00:00,370.9299999999996,371.02999999999963,370.1299999999996,370.20999999999964,1311
2026-04-02T17:35:00+00:00,370.20999999999964,370.20999999999964,368.45999999999964,368.9499999999996,1610
2026-04-02T17:40:00+00:00,368.9499999999996,369.1199999999996,367.6299999999996,368.0399999999996,1694
2026-04-02T17:45:00+00:00,368.0399999999996,368.0399999999996,366.4499999999996,366.52999999999963,1986
2026-04-02T17:50:00+00:00,366.52999999999963,366.9799999999996,365.8299999999996,366.1399999999996,2011
2026-04-02T17:55:00+00:00,366.1399999999996,366.3899999999996,365.52999999999963,365.6899999999996,1768
2026-04-02T18:00:00+00:00,365.6899999999996,366.4099999999996,365.33999999999963,365.9499999999996,1923
2026-04-02T18:05:00+00:00,365.9499999999996,366.5099999999996,365.77999999999963,365.8499999999996,1787
2026-04-02T18:10:00+00:00,365.8499999999996,366.3899999999996,365.77999999999963,366.27999999999963,1430
2026-04-02T18:15:00+00:00,366.27999999999963,366.33999999999963,365.3499999999996,365.52999999999963,1527
2026-04-02T18:20:00+00:00,365.52999999999963,365.83999999999963,365.0599999999996,365.6199999999996,1428
2026-04-02T18:25:00+00:00,365.6199999999996,365.7599999999996,365.27999999999963,365.3899999999996,1753
2026-04-02T18:30:00+00:00,365.3899999999996,365.9399999999996,365.3299999999996,365.83999999999963,1333
2026-04-02T18:35:00+00:00,365.83999999999963,366.52999999999963,365.7499999999996,366.33999999999963,1415
2026-04-02T18:40:00+00:00,366.33999999999963,366.8799999999996,366.2499999999996,366.6399999999996,1449
2026-04-02T18:45:00+00:00,366.6399999999996,366.8599999999996,366.2499999999996,366.4399999999996,1226
2026-04-02T18:50:00+00:00,366.4399999999996,366.52999999999963,365.70999999999964,365.9399999999996,1366
2026-04-02T18:55:00+00:00,365.9399999999996,365.96999999999963,365.52999999999963,365.83999999999963,1257
2026-04-02T19:00:00+00:00,365.83999999999963,365.96999999999963,365.51999999999964,365.8599999999996,1875
2026-04-02T19:05:00+00:00,365.8599999999996,366.7499999999996,365.6799999999996,366.3899999999996,1596
2026-04-02T19:10:00+00:00,366.3899999999996,366.8499999999996,365.39999999999964,365.6999999999996,1722
2026-04-02T19:15:00+00:00,365.6999999999996,365.7499999999996,365.21999999999963,365.4899999999996,1830
2026-04-02T19:20:00+00:00,365.4899999999996,365.7599999999996,364.96999999999963,365.5699999999996,1930
2026-04-02T19:25:00+00:00,365.5699999999996,365.6799999999996,365.01999999999964,365.4999999999996,1844
2026-04-02T19:30:00+00:00,365.4999999999996,365.9099999999996,365.46999999999963,365.70999999999964,1765
2026-04-02T19:35:00+00:00,365.70999999999964,366.4999999999996,365.5999999999996,366.4899999999996,1539
2026-04-02T19:40:00+00:00,366.4899999999996,366.5599999999996,366.2399999999996,366.3299999999996,1518
2026-04-02T19:45:00+00:00,366.3299999999996,366.46999999999963,365.7599999999996,365.8299999999996,1824
2026-04-02T19:50:00+00:00,365.8299999999996,367.4099999999996,365.8299999999996,366.3899999999996,2594
2026-04-02T19:55:00+00:00,366.3899999999996,367.1999999999996,366.1299999999996,366.4799999999996,2751
2026-04-06T13:30:00+00:00,366.4799999999996,373.4999999999996,366.4799999999996,373.3199999999996,2281
2026-04-06T13:35:00+00:00,373.3199999999996,373.6099999999996,370.52999999999963,370.6799999999996,3315
2026-04-06T13:40:00+00:00,370.6799999999996,370.6799999999996,369.6299999999996,370.21999999999963,2535
2026-04-06T13:45:00+00:00,370.21999999999963,370.9099999999996,369.1999999999996,369.5599999999996,2376
2026-04-06T13:50:00+00:00,369.5599999999996,369.71999999999963,368.7299999999996,368.8899999999996,2025
2026-04-06T13:55:00+00:00,368.8899999999996,369.76999999999964,368.4399999999996,369.6099999999996,1914
2026-04-06T14:00:00+00:00,369.6099999999996,370.4099999999996,365.3899999999996,365.4099999999996,2235
2026-04-06T14:05:00+00:00,365.4099999999996,365.9799999999996,364.6099999999996,365.2999999999996,2724
2026-04-06T14:10:00+00:00,365.2999999999996,365.4799999999996,363.7299999999996,364.58999999999963,2529
2026-04-06T14:15:00+00:00,364.58999999999963,365.4099999999996,363.52999999999963,364.4899999999996,2255
2026-04-06T14:20:00+00:00,364.4899999999996,365.2899999999996,364.3699999999996,364.96999999999963,1823
2026-04-06T14:25:00+00:00,364.96999999999963,365.0599999999996,363.89999999999964,364.8499999999996,1793
2026-04-06T14:30:00+00:00,364.8499999999996,366.0999999999996,364.8099999999996,366.02999999999963,2071
2026-04-06T14:35:00+00:00,366.02999999999963,366.08999999999963,363.1399999999996,363.6699999999996,2697
2026-04-06T14:40:00+00:00,363.6699999999996,364.7399999999996,363.5699999999996,364.1799999999996,2571
2026-04-06T14:45:00+00:00,364.1799999999996,364.21999999999963,362.4799999999996,362.6699999999996,2126
2026-04-06T14:50:00+00:00,362.6699999999996,362.96999999999963,362.14999999999964,362.5499999999996,2369
2026-04-06T14:55:00+00:00,362.5499999999996,362.7899999999996,361.5399999999996,361.5999999999996,2088
2026-04-06T15:00:00+00:00,361.5999999999996,362.33999999999963,361.0499999999996,361.26999999999964,1937
2026-04-06T15:05:00+00:00,361.26999999999964,361.6799999999996,360.4799999999996,361.27999999999963,1826
2026-04-06T15:10:00+00:00,361.27999999999963,361.3099999999996,360.46999999999963,360.76999999999964,1800
2026-04-06T15:15:00+00:00,360.76999999999964,361.0399999999996,359.6999999999996,359.9199999999996,1756
2026-04-06T15:20:00+00:00,359.9199999999996,360.1099999999996,359.1899999999996,359.2599999999996,1687
2026-04-06T15:25:00+00:00,359.2599999999996,359.71999999999963,358.8599999999996,359.3199999999996,1657
2026-04-06T15:30:00+00:00,359.3199999999996,359.4999999999996,358.6599999999996,358.6899999999996,1654
2026-04-06T15:35:00+00:00,358.6899999999996,358.96999999999963,358.08999999999963,358.6099999999996,1519
2026-04-06T15:40:00+00:00,358.6099999999996,358.8299999999996,358.0799999999996,358.5699999999996,1497
2026-04-06T15:45:00+00:00,358.5699999999996,359.2999999999996,358.5099999999996,359.2899999999996,1541
2026-04-06T15:50:00+00:00,359.2899999999996,359.9099999999996,359.1299999999996,359.64999999999964,1394
2026-04-06T15:55:00+00:00,359.64999999999964,360.45999999999964,359.4499999999996,360.3099999999996,1276
2026-04-06T16:00:00+00:00,360.3099999999996,360.3199999999996,359.33999999999963,359.4299999999996,1186
2026-04-06T16:05:00+00:00,359.4299999999996,360.1299999999996,358.76999999999964,358.8099999999996,1368
2026-04-06T16:10:00+00:00,358.8099999999996,359.1799999999996,358.4999999999996,358.8099999999996,1139
2026-04-06T16:15:00+00:00,358.8099999999996,358.96999999999963,357.1699999999996,357.21999999999963,1218
2026-04-06T16:20:00+00:00,357.21999999999963,358.1299999999996,357.1899999999996,358.0499999999996,1163
2026-04-06T16:25:00+00:00,358.0499999999996,358.2899999999996,357.76999999999964,357.9799999999996,971
2026-04-06T16:30:00+00:00,357.9799999999996,358.1599999999996,357.5799999999996,358.1299999999996,953
2026-04-06T16:35:00+00:00,358.1299999999996,358.1699999999996,357.5399999999996,357.6199999999996,1068
2026-04-06T16:40:00+00:00,357.6199999999996,357.9299999999996,356.89999999999964,357.3199999999996,1197
2026-04-06T16:45:00+00:00,357.3199999999996,358.0499999999996,356.6399999999996,357.21999999999963,1249
2026-04-06T16:50:00+00:00,357.21999999999963,357.4499999999996,356.8099999999996,356.95999999999964,1241
2026-04-06T16:55:00+00:00,356.95999999999964,356.95999999999964,355.6399999999996,355.95999999999964,1793
2026-04-06T17:00:00+00:00,355.95999999999964,356.1799999999996,354.5099999999996,354.7399999999996,1778
2026-04-06T17:05:00+00:00,354.7399999999996,354.8499999999996,354.0099999999996,354.3199999999996,1587
2026-04-06T17:10:00+00:00,354.3199999999996,354.4899999999996,352.5599999999996,353.2399999999996,2381
2026-04-06T17:15:00+00:00,353.2399999999996,354.0599999999996,353.02999999999963,353.2899999999996,2027
2026-04-06T17:20:00+00:00,353.2899999999996,354.5699999999996,352.77999999999963,354.52999999999963,1721
2026-04-06T17:25:00+00:00,354.52999999999963,355.0699999999996,353.9299999999996,354.7999999999996,1551
2026-04-06T17:30:00+00:00,354.7999999999996,355.4099999999996,354.5399999999996,354.9299999999996,1611
2026-04-06T17:35:00+00:00,354.9299999999996,355.0699999999996,353.6699999999996,353.9299999999996,1572
2026-04-06T17:40:00+00:00,353.9299999999996,354.3099999999996,353.5499999999996,354.1899999999996,1423
2026-04-06T17:45:00+00:00,354.1899999999996,354.4399999999996,353.7399999999996,353.8499999999996,1166
2026-04-06T17:50:00+00:00,353.8499999999996,353.96999999999963,353.0499999999996,353.2499999999996,1374
2026-04-06T17:55:00+00:00,353.2499999999996,353.4799999999996,353.0399999999996,353.3299999999996,1089
2026-04-06T18:00:00+00:00,353.3299999999996,353.64999999999964,353.02999999999963,353.0999999999996,1441
2026-04-06T18:05:00+00:00,353.0999999999996,354.27999999999963,353.08999999999963,354.14999999999964,1448
2026-04-06T18:10:00+00:00,354.14999999999964,355.0999999999996,354.1099999999996,354.39999999999964,2101
2026-04-06T18:15:00+00:00,354.39999999999964,354.9499999999996,354.2399999999996,354.6999999999996,1625
2026-04-06T18:20:00+00:00,354.6999999999996,355.52999999999963,354.3799999999996,355.02999999999963,1442
2026-04-06T18:25:00+00:00,355.02999999999963,355.0399999999996,354.1599999999996,354.2599999999996,1803
2026-04-06T18:30:00+00:00,354.2599999999996,355.1799999999996,354.0399999999996,355.1099999999996,1315
2026-04-06T18:35:00+00:00,355.1099999999996,356.0699999999996,355.08999999999963,355.96999999999963,1235
2026-04-06T18:40:00+00:00,355.96999999999963,356.9799999999996,355.8499999999996,356.8799999999996,1254
2026-04-06T18:45:00+00:00,356.8799999999996,357.26999999999964,356.5999999999996,356.7999999999996,1188
2026-04-06T18:50:00+00:00,356.7999999999996,357.3699999999996,356.5999999999996,356.71999999999963,1060
2026-04-06T18:55:00+00:00,356.71999999999963,356.96999999999963,356.5599999999996,356.7899999999996,670
2026-04-06T19:00:00+00:00,356.7899999999996,357.1099999999996,356.52999999999963,356.7899999999996,1430
2026-04-06T19:05:00+00:00,356.7899999999996,357.4399999999996,356.52999999999963,357.2499999999996,1490
2026-04-06T19:10:00+00:00,357.2499999999996,357.8099999999996,357.1899999999996,357.58999999999963,1387
2026-04-06T19:15:00+00:00,357.58999999999963,357.77999999999963,357.1399999999996,357.6199999999996,1190
2026-04-06T19:20:00+00:00,357.6199999999996,357.83999999999963,357.27999999999963,357.71999999999963,1201
2026-04-06T19:25:00+00:00,357.71999999999963,357.89999999999964,357.21999999999963,357.6299999999996,1137
2026-04-06T19:30:00+00:00,357.6299999999996,357.77999999999963,357.0399999999996,357.4499999999996,1214
2026-04-06T19:35:00+00:00,357.4499999999996,357.8599999999996,357.1299999999996,357.7399999999996,1040
2026-04-06T19:40:00+00:00,357.7399999999996,358.2899999999996,357.4899999999996,358.02999999999963,1190
2026-04-06T19:45:00+00:00,358.02999999999963,358.3699999999996,357.83999999999963,358.26999999999964,1389
2026-04-06T19:50:00+00:00,358.26999999999964,358.8099999999996,357.6399999999996,358.6899999999996,1874
2026-04-06T19:55:00+00:00,358.6899999999996,359.1299999999996,358.2599999999996,358.6399999999996,2048
2026-04-07T13:30:00+00:00,358.6399999999996,358.6399999999996,350.7899999999996,352.4299999999996,2867
2026-04-07T13:35:00+00:00,352.4299999999996,352.8799999999996,350.5099999999996,352.3099999999996,2995
2026-04-07T13:40:00+00:00,352.3099999999996,353.51999999999964,350.6199999999996,350.6399999999996,2566
2026-04-07T13:45:00+00:00,350.6399999999996,350.64999999999964,348.7299999999996,349.3599999999996,2292
2026-04-07T13:50:00+00:00,349.3599999999996,351.1299999999996,348.6199999999996,350.71999999999963,2153
2026-04-07T13:55:00+00:00,350.71999999999963,350.8299999999996,348.5399999999996,348.71999999999963,2210
2026-04-07T14:00:00+00:00,348.71999999999963,349.1399999999996,347.8299999999996,348.1899999999996,2144
2026-04-07T14:05:00+00:00,348.1899999999996,348.2899999999996,346.21999999999963,346.52999999999963,2719
2026-04-07T14:10:00+00:00,346.52999999999963,347.4999999999996,346.2399999999996,346.3099999999996,2200
2026-04-07T14:15:00+00:00,346.3099999999996,347.21999999999963,346.1699999999996,346.7299999999996,2068
2026-04-07T14:20:00+00:00,346.7299999999996,348.4099999999996,346.52999999999963,348.0699999999996,2157
2026-04-07T14:25:00+00:00,348.0699999999996,348.1199999999996,346.6899999999996,347.7899999999996,1776
2026-04-07T14:30:00+00:00,347.7899999999996,348.6699999999996,347.5999999999996,347.8699999999996,1986
2026-04-07T14:35:00+00:00,347.8699999999996,348.0099999999996,345.5099999999996,345.5699999999996,2164
2026-04-07T14:40:00+00:00,345.5699999999996,345.9799999999996,345.1999999999996,345.4499999999996,1952
2026-04-07T14:45:00+00:00,345.4499999999996,346.45999999999964,345.1099999999996,345.5099999999996,2274
2026-04-07T14:50:00+00:00,345.5099999999996,345.7399999999996,344.95999999999964,345.27999999999963,1698
2026-04-07T14:55:00+00:00,345.27999999999963,345.5599999999996,344.58999999999963,344.6399999999996,1887
2026-04-07T15:00:00+00:00,344.6399999999996,344.7899999999996,343.3099999999996,343.5099999999996,2496
2026-04-07T15:05:00+00:00,343.5099999999996,343.9099999999996,343.1599999999996,343.70999999999964,1824
2026-04-07T15:10:00+00:00,343.70999999999964,344.6599999999996,343.70999999999964,344.1899999999996,2043
2026-04-07T15:15:00+00:00,344.1899999999996,345.5399999999996,343.71999999999963,344.9499999999996,2573
2026-04-07T15:20:00+00:00,344.9499999999996,345.0399999999996,344.0499999999996,344.2399999999996,1655
2026-04-07T15:25:00+00:00,344.2399999999996,345.08999999999963,344.08999999999963,344.95999999999964,1836
2026-04-07T15:30:00+00:00,344.95999999999964,344.9999999999996,344.1099999999996,344.7499999999996,1521
2026-04-07T15:35:00+00:00,344.7499999999996,345.33999999999963,344.1899999999996,344.5799999999996,1488
2026-04-07T15:40:00+00:00,344.5799999999996,345.1399999999996,344.1699999999996,344.89999999999964,1259
2026-04-07T15:45:00+00:00,344.89999999999964,345.3199999999996,344.6699999999996,345.1899999999996,1227
2026-04-07T15:50:00+00:00,345.1899999999996,345.3199999999996,344.3299999999996,344.9399999999996,1318
2026-04-07T15:55:00+00:00,344.9399999999996,345.6799999999996,344.7599999999996,345.4299999999996,1981
2026-04-07T16:00:00+00:00,345.4299999999996,348.08999999999963,345.21999999999963,346.6899999999996,2786
2026-04-07T16:05:00+00:00,346.6899999999996,346.9099999999996,345.8299999999996,346.0099999999996,2035
2026-04-07T16:10:00+00:00,346.0099999999996,346.4099999999996,345.8299999999996,346.0999999999996,1450
2026-04-07T16:15:00+00:00,346.0999999999996,346.9199999999996,345.8799999999996,346.83999999999963,1495
2026-04-07T16:20:00+00:00,346.83999999999963,348.1099999999996,346.4499999999996,347.6699999999996,1849
2026-04-07T16:25:00+00:00,347.6699999999996,348.0699999999996,347.4099999999996,347.6399999999996,1843
2026-04-07T16:30:00+00:00,347.6399999999996,348.3799999999996,347.5399999999996,348.3599999999996,1457
2026-04-07T16:35:00+00:00,348.3599999999996,348.6899999999996,347.8299999999996,348.1399999999996,1111
2026-04-07T16:40:00+00:00,348.1399999999996,348.8799999999996,347.8299999999996,348.3199999999996,1172
2026-04-07T16:45:00+00:00,348.3199999999996,348.9999999999996,348.1799999999996,348.51999999999964,1198
2026-04-07T16:50:00+00:00,348.51999999999964,348.6199999999996,347.8899999999996,347.9099999999996,1072
2026-04-07T16:55:00+00:00,347.9099999999996,347.9499999999996,347.3899999999996,347.6599999999996,1207
2026-04-07T17:00:00+00:00,347.6599999999996,348.1699999999996,347.2399999999996,347.8599999999996,2175
2026-04-07T17:05:00+00:00,347.8599999999996,348.4899999999996,347.5799999999996,347.9099999999996,1095
2026-04-07T17:10:00+00:00,347.9099999999996,348.0499999999996,347.5499999999996,347.77999999999963,994
2026-04-07T17:15:00+00:00,347.77999999999963,347.8799999999996,347.33999999999963,347.4099999999996,1037
2026-04-07T17:20:00+00:00,347.4099999999996,347.4799999999996,346.6799999999996,347.26999999999964,1109
2026-04-07T17:25:00+00:00,347.26999999999964,347.7999999999996,347.01999999999964,347.7899999999996,1018
2026-04-07T17:30:00+00:00,347.7899999999996,348.9799999999996,347.2299999999996,348.9499999999996,1226
2026-04-07T17:35:00+00:00,348.9499999999996,350.4099999999996,348.9099999999996,349.4899999999996,2077
2026-04-07T17:40:00+00:00,349.4899999999996,349.51999999999964,348.4999999999996,348.5399999999996,1236
2026-04-07T17:45:00+00:00,348.5399999999996,349.08999999999963,348.3699999999996,348.8199999999996,1150
2026-04-07T17:50:00+00:00,348.8199999999996,349.6399999999996,348.6299999999996,349.39999999999964,1243
2026-04-07T17:55:00+00:00,349.39999999999964,349.4299999999996,348.8199999999996,348.9799999999996,1218
2026-04-07T18:00:00+00:00,348.9799999999996,349.3299999999996,348.5399999999996,348.6199999999996,1201
2026-04-07T18:05:00+00:00,348.6199999999996,348.8899999999996,348.4499999999996,348.76999999999964,1069
2026-04-07T18:10:00+00:00,348.76999999999964,348.8299999999996,348.0799999999996,348.3699999999996,1044
2026-04-07T18:15:00+00:00,348.3699999999996,348.6199999999996,348.0799999999996,348.5399999999996,932
2026-04-07T18:20:00+00:00,348.5399999999996,348.6099999999996,348.01999999999964,348.1599999999996,1088
2026-04-07T18:25:00+00:00,348.1599999999996,348.4399999999996,347.8499999999996,348.4099999999996,1291
2026-04-07T18:30:00+00:00,348.4099999999996,348.7599999999996,348.0599999999996,348.6299999999996,1107
2026-04-07T18:35:00+00:00,348.6299999999996,348.6399999999996,347.7899999999996,347.96999999999963,1036
2026-04-07T18:40:00+00:00,347.96999999999963,347.9999999999996,346.77999999999963,346.9199999999996,1182
2026-04-07T18:45:00+00:00,346.9199999999996,347.01999999999964,346.2599999999996,346.9299999999996,1256
2026-04-07T18:50:00+00:00,346.9299999999996,346.9499999999996,346.1399999999996,346.21999999999963,1096
2026-04-07T18:55:00+00:00,346.21999999999963,346.3199999999996,345.1099999999996,346.26999999999964,1668
2026-04-07T19:00:00+00:00,346.26999999999964,346.8199999999996,345.8599999999996,346.5799999999996,1889
2026-04-07T19:05:00+00:00,346.5799999999996,346.9099999999996,346.0599999999996,346.26999999999964,2078
2026-04-07T19:10:00+00:00,346.26999999999964,346.95999999999964,346.20999999999964,346.7599999999996,1852
2026-04-07T19:15:00+00:00,346.7599999999996,349.4199999999996,346.7399999999996,349.1399999999996,3048
2026-04-07T19:20:00+00:00,349.1399999999996,349.7999999999996,348.0799999999996,348.8699999999996,3400
2026-04-07T19:25:00+00:00,348.8699999999996,348.8699999999996,348.0799999999996,348.1799999999996,2569
2026-04-07T19:30:00+00:00,348.1799999999996,348.2999999999996,347.6999999999996,348.08999999999963,2378
2026-04-07T19:35:00+00:00,348.08999999999963,348.5399999999996,347.8299999999996,348.1899999999996,1889
2026-04-07T19:40:00+00:00,348.1899999999996,349.52999999999963,347.9499999999996,349.20999999999964,2263
2026-04-07T19:45:00+00:00,349.20999999999964,350.9399999999996,348.8799999999996,350.26999999999964,4128
2026-04-07T19:50:00+00:00,350.26999999999964,351.4499999999996,350.1599999999996,351.3799999999996,2628
2026-04-07T19:55:00+00:00,351.3799999999996,352.70999999999964,351.3499999999996,352.3799999999996,2549
2026-04-08T13:30:00+00:00,352.3799999999996,370.2899999999996,352.3799999999996,362.0699999999996,3274
2026-04-08T13:35:00+00:00,362.0699999999996,362.9299999999996,361.1099999999996,361.1999999999996,3045
2026-04-08T13:40:00+00:00,361.1999999999996,362.26999999999964,360.1399999999996,360.7999999999996,2706
2026-04-08T13:45:00+00:00,360.7999999999996,362.89999999999964,360.77999999999963,362.3699999999996,2523
2026-04-08T13:50:00+00:00,362.3699999999996,362.3699999999996,360.46999999999963,360.71999999999963,2726
2026-04-08T13:55:00+00:00,360.71999999999963,361.0499999999996,358.5599999999996,358.95999999999964,2636
2026-04-08T14:00:00+00:00,358.95999999999964,360.3899999999996,357.6199999999996,357.8799999999996,2633
2026-04-08T14:05:00+00:00,357.8799999999996,359.02999999999963,357.1099999999996,357.39999999999964,2485
2026-04-08T14:10:00+00:00,357.39999999999964,357.6099999999996,356.6399999999996,356.8699999999996,2177
2026-04-08T14:15:00+00:00,356.8699999999996,357.8099999999996,355.6299999999996,355.9099999999996,2090
2026-04-08T14:20:00+00:00,355.9099999999996,356.5999999999996,355.4399999999996,355.5799999999996,2197
2026-04-08T14:25:00+00:00,355.5799999999996,355.6799999999996,353.4799999999996,353.7599999999996,2125
2026-04-08T14:30:00+00:00,353.7599999999996,354.1399999999996,353.1799999999996,353.9499999999996,2436
2026-04-08T14:35:00+00:00,353.9499999999996,354.33999999999963,353.3199999999996,353.76999999999964,2109
2026-04-08T14:40:00+00:00,353.76999999999964,355.4899999999996,353.6699999999996,355.3799999999996,2059
2026-04-08T14:45:00+00:00,355.3799999999996,355.6299999999996,354.2499999999996,355.2999999999996,2096
2026-04-08T14:50:00+00:00,355.2999999999996,355.3899999999996,353.6599999999996,354.2899999999996,1946
2026-04-08T14:55:00+00:00,354.2899999999996,354.32999999999964,352.0499999999996,354.21999999999963,2410.4020989505248
2026-04-08T15:00:00+00:00,354.21999999999963,354.73999999999967,353.4799999999996,353.80999999999966,1992
2026-04-08T15:05:00+00:00,353.80999999999966,354.1699999999996,351.7999999999996,351.80999999999966,1814
2026-04-08T15:10:00+00:00,351.80999999999966,353.4099999999996,351.4099999999996,353.27999999999963,1937
2026-04-08T15:15:00+00:00,353.27999999999963,353.27999999999963,352.01999999999964,352.44999999999965,1600
2026-04-08T15:20:00+00:00,352.44999999999965,352.92999999999967,352.23999999999967,352.6599999999996,1515
2026-04-08T15:25:00+00:00,352.6599999999996,352.77999999999963,351.6599999999996,351.73999999999967,1679
2026-04-08T15:30:00+00:00,351.73999999999967,352.21999999999963,351.44999999999965,351.96999999999963,1741
2026-04-08T15:35:00+00:00,351.96999999999963,352.26999999999964,351.57999999999964,351.9199999999996,1346
2026-04-08T15:40:00+00:00,351.9199999999996,351.93999999999966,351.0999999999996,351.5499999999996,1295
2026-04-08T15:45:00+00:00,351.5499999999996,352.9099999999996,351.50999999999965,352.7999999999996,1311
2026-04-08T15:50:00+00:00,352.7999999999996,353.24999999999966,352.64999999999964,353.17999999999967,1200
2026-04-08T15:55:00+00:00,353.17999999999967,353.9799999999996,352.86999999999966,353.92999999999967,1181
2026-04-08T16:00:00+00:00,353.92999999999967,355.12999999999965,353.61999999999966,354.61999999999966,1475
2026-04-08T16:05:00+00:00,354.61999999999966,354.63999999999965,353.7999999999996,353.80999999999966,1205
2026-04-08T16:10:00+00:00,353.80999999999966,354.14999999999964,352.69999999999965,352.74999999999966,1207
2026-04-08T16:15:00+00:00,352.74999999999966,352.83999999999963,351.5999999999996,352.08999999999963,1572
2026-04-08T16:20:00+00:00,352.08999999999963,352.43999999999966,351.75999999999965,352.4199999999996,1231
2026-04-08T16:25:00+00:00,352.4199999999996,352.92999999999967,352.11999999999966,352.83999999999963,1158
2026-04-08T16:30:00+00:00,352.83999999999963,353.18999999999966,352.52999999999963,352.57999999999964,1262
2026-04-08T16:35:00+00:00,352.57999999999964,353.1099999999996,352.46999999999963,353.0499999999996,1130
2026-04-08T16:40:00+00:00,353.0499999999996,354.3599999999996,352.95999999999964,354.20999999999964,1195
2026-04-08T16:45:00+00:00,354.20999999999964,354.52999999999963,353.5399999999996,354.49999999999966,1240
2026-04-08T16:50:00+00:00,354.49999999999966,354.5999999999996,353.93999999999966,354.50999999999965,1125
2026-04-08T16:55:00+00:00,354.50999999999965,354.50999999999965,353.6699999999996,353.7999999999996,806
2026-04-08T17:00:00+00:00,353.7999999999996,354.3599999999996,353.77999999999963,353.86999999999966,857
2026-04-08T17:05:00+00:00,353.86999999999966,354.00999999999965,353.14999999999964,353.4199999999996,1098
2026-04-08T17:10:00+00:00,353.4199999999996,353.73999999999967,353.27999999999963,353.6599999999996,1064
2026-04-08T17:15:00+00:00,353.6599999999996,353.73999999999967,353.23999999999967,353.67999999999967,1115
2026-04-08T17:20:00+00:00,353.67999999999967,354.0499999999996,353.23999999999967,353.61999999999966,1215
2026-04-08T17:25:00+00:00,353.61999999999966,353.9199999999996,353.20999999999964,353.3499999999996,1048
2026-04-08T17:30:00+00:00,353.3499999999996,354.24999999999966,353.1699999999996,354.19999999999965,968
2026-04-08T17:35:00+00:00,354.19999999999965,354.42999999999967,352.9099999999996,352.9199999999996,1292
2026-04-08T17:40:00+00:00,352.9199999999996,353.1599999999996,351.92999999999967,351.94999999999965,1210
2026-04-08T17:45:00+00:00,351.94999999999965,352.30999999999966,351.69999999999965,352.08999999999963,1047
2026-04-08T17:50:00+00:00,352.08999999999963,352.6599999999996,351.64999999999964,351.68999999999966,1013
2026-04-08T17:55:00+00:00,351.68999999999966,352.49999999999966,351.5499999999996,352.3499999999996,900
2026-04-08T18:00:00+00:00,352.3499999999996,353.55999999999966,351.99999999999966,353.51999999999964,1225
2026-04-08T18:05:00+00:00,353.51999999999964,353.75999999999965,353.11999999999966,353.52999999999963,1062
2026-04-08T18:10:00+00:00,353.52999999999963,353.8499999999996,353.3499999999996,353.43999999999966,980
2026-04-08T18:15:00+00:00,353.43999999999966,353.61999999999966,350.58999999999963,350.9099999999996,1880
2026-04-08T18:20:00+00:00,350.9099999999996,351.33999999999963,350.05999999999966,350.18999999999966,2070
2026-04-08T18:25:00+00:00,350.18999999999966,350.26999999999964,349.43999999999966,349.4799999999996,1526
2026-04-08T18:30:00+00:00,349.4799999999996,349.6699999999996,348.8499999999996,348.93999999999966,1280
2026-04-08T18:35:00+00:00,348.93999999999966,349.27999999999963,348.4099999999996,348.94999999999965,1220
2026-04-08T18:40:00+00:00,348.94999999999965,348.94999999999965,347.43999999999966,347.6699999999996,1247
2026-04-08T18:45:00+00:00,347.6699999999996,348.0499999999996,347.39999999999964,347.4199999999996,1193
2026-04-08T18:50:00+00:00,347.4199999999996,347.42999999999967,346.46999999999963,346.46999999999963,1360
2026-04-08T18:55:00+00:00,346.46999999999963,346.55999999999966,345.80999999999966,345.95999999999964,1730
2026-04-08T19:00:00+00:00,345.95999999999964,347.0499999999996,345.55999999999966,346.57999999999964,2319
2026-04-08T19:05:00+00:00,346.57999999999964,347.21999999999963,346.14999999999964,347.19999999999965,2017
2026-04-08T19:10:00+00:00,347.19999999999965,348.48999999999967,347.12999999999965,348.26999999999964,1863
2026-04-08T19:15:00+00:00,348.26999999999964,348.43999999999966,347.6599999999996,347.82999999999964,1660
2026-04-08T19:20:00+00:00,347.82999999999964,347.8499999999996,347.1699999999996,347.44999999999965,1985
2026-04-08T19:25:00+00:00,347.44999999999965,347.88999999999965,347.02999999999963,347.4099999999996,1685
2026-04-08T19:30:00+00:00,347.4099999999996,348.02999999999963,347.24999999999966,348.01999999999964,1852
2026-04-08T19:35:00+00:00,348.01999999999964,348.38999999999965,347.49999999999966,347.62999999999965,1932
2026-04-08T19:40:00+00:00,347.62999999999965,347.87999999999965,347.1099999999996,347.44999999999965,1634
2026-04-08T19:45:00+00:00,347.44999999999965,348.33999999999963,347.31999999999965,347.99999999999966,1947
2026-04-08T19:50:00+00:00,347.99999999999966,348.80999999999966,347.74999999999966,348.64999999999964,1589
2026-04-08T19:55:00+00:00,348.64999999999964,349.38999999999965,348.6099999999996,349.12999999999965,1796
2026-04-09T13:30:00+00:00,349.12999999999965,349.64999999999964,347.93999999999966,349.0399999999996,1816
2026-04-09T13:35:00+00:00,349.0399999999996,350.2899999999996,348.4099999999996,349.37999999999965,2344
2026-04-09T13:40:00+00:00,349.37999999999965,351.44999999999965,349.06999999999965,350.68999999999966,1955
2026-04-09T13:45:00+00:00,350.68999999999966,351.24999999999966,344.4799999999996,345.74999999999966,2485
2026-04-09T13:50:00+00:00,345.74999999999966,345.95999999999964,343.6699999999996,344.9099999999996,2107
2026-04-09T13:55:00+00:00,344.9099999999996,345.37999999999965,343.20999999999964,344.68999999999966,1892
2026-04-09T14:00:00+00:00,344.68999999999966,344.86999999999966,343.49999999999966,343.76999999999964,1781
2026-04-09T14:05:00+00:00,343.76999999999964,344.49999999999966,343.14999999999964,344.06999999999965,1799
2026-04-09T14:10:00+00:00,344.06999999999965,346.6599999999996,343.9099999999996,345.33999999999963,1853
2026-04-09T14:15:00+00:00,345.33999999999963,345.94999999999965,344.21999999999963,344.68999999999966,1652
2026-04-09T14:20:00+00:00,344.68999999999966,346.0999999999996,344.4799999999996,345.2999999999996,1599
2026-04-09T14:25:00+00:00,345.2999999999996,345.73999999999967,344.99999999999966,345.50999999999965,1526
2026-04-09T14:30:00+00:00,345.50999999999965,345.89999999999964,344.6599999999996,345.26999999999964,1550
2026-04-09T14:35:00+00:00,345.26999999999964,346.11999999999966,344.77999999999963,345.96999999999963,1403
2026-04-09T14:40:00+00:00,345.96999999999963,347.73999999999967,345.77999999999963,347.11999999999966,1387
2026-04-09T14:45:00+00:00,347.11999999999966,347.68999999999966,346.44999999999965,347.39999999999964,1277
2026-04-09T14:50:00+00:00,347.39999999999964,348.5399999999996,347.24999999999966,348.24999999999966,1406
2026-04-09T14:55:00+00:00,348.24999999999966,348.49999999999966,347.7299999999996,347.82999999999964,1378
2026-04-09T15:00:00+00:00,347.82999999999964,348.27999999999963,347.19999999999965,347.36999999999966,1368
2026-04-09T15:05:00+00:00,347.36999999999966,348.45999999999964,347.2899999999996,348.17999999999967,1164
2026-04-09T15:10:00+00:00,348.17999999999967,349.57999999999964,348.12999999999965,348.7899999999996,1373
2026-04-09T15:15:00+00:00,348.7899999999996,349.43999999999966,348.2999999999996,348.46999999999963,1300
2026-04-09T15:20:00+00:00,348.46999999999963,348.58999999999963,347.32999999999964,348.32999999999964,1193
2026-04-09T15:25:00+00:00,348.32999999999964,348.3599999999996,345.67999999999967,346.11999999999966,1385
2026-04-09T15:30:00+00:00,346.11999999999966,348.7299999999996,345.7999999999996,348.61999999999966,2290
2026-04-09T15:35:00+00:00,348.61999999999966,349.50999999999965,348.01999999999964,348.74999999999966,2176
2026-04-09T15:40:00+00:00,348.74999999999966,349.46999999999963,348.42999999999967,348.50999999999965,1473
2026-04-09T15:45:00+00:00,348.50999999999965,350.17999999999967,348.2299999999996,349.74999999999966,1529
2026-04-09T15:50:00+00:00,349.74999999999966,350.98999999999967,349.6099999999996,350.88999999999965,1187
2026-04-09T15:55:00+00:00,350.88999999999965,351.73999999999967,350.61999999999966,350.92999999999967,1215
2026-04-09T16:00:00+00:00,350.92999999999967,353.58999999999963,350.8499999999996,353.38999999999965,1515
2026-04-09T16:05:00+00:00,353.38999999999965,354.7299999999996,352.80999999999966,354.05999999999966,1560
2026-04-09T16:10:00+00:00,354.05999999999966,354.58999999999963,352.74999999999966,352.7899999999996,1323
2026-04-09T16:15:00+00:00,352.7899999999996,354.21999999999963,352.7899999999996,354.08999999999963,1272
2026-04-09T16:20:00+00:00,354.08999999999963,354.2299999999996,353.44999999999965,353.61999999999966,1242
2026-04-09T16:25:00+00:00,353.61999999999966,353.8599999999996,352.95999999999964,353.83999999999963,1121
2026-04-09T16:30:00+00:00,353.83999999999963,353.87999999999965,351.96999999999963,352.37999999999965,1329
2026-04-09T16:35:00+00:00,352.37999999999965,352.63999999999965,351.7299999999996,351.8499999999996,1163
2026-04-09T16:40:00+00:00,351.8499999999996,353.07999999999964,351.64999999999964,352.4799999999996,1190
2026-04-09T16:45:00+00:00,352.4799999999996,352.4799999999996,351.2999999999996,351.64999999999964,1048
2026-04-09T16:50:00+00:00,351.64999999999964,352.88999999999965,351.64999999999964,352.74999999999966,1104
2026-04-09T16:55:00+00:00,352.74999999999966,353.4199999999996,352.14999999999964,352.6699999999996,1088
2026-04-09T17:00:00+00:00,352.6699999999996,353.0399999999996,352.25999999999965,353.0399999999996,819
2026-04-09T17:05:00+00:00,353.0399999999996,353.94999999999965,353.0399999999996,353.7999999999996,883
2026-04-09T17:10:00+00:00,353.7999999999996,354.0499999999996,353.14999999999964,353.1599999999996,894
2026-04-09T17:15:00+00:00,353.1599999999996,354.0999999999996,352.95999999999964,353.86999999999966,1033
2026-04-09T17:20:00+00:00,353.86999999999966,353.92999999999967,353.37999999999965,353.57999999999964,770
2026-04-09T17:25:00+00:00,353.57999999999964,353.9799999999996,353.2999999999996,353.6099999999996,769
2026-04-09T17:30:00+00:00,353.6099999999996,353.71999999999963,352.43999999999966,353.20999999999964,1114
2026-04-09T17:35:00+00:00,353.20999999999964,354.0399999999996,353.20999999999964,353.93999999999966,818
2026-04-09T17:40:00+00:00,353.93999999999966,354.56999999999965,353.8499999999996,354.20999999999964,818
2026-04-09T17:45:00+00:00,354.20999999999964,354.70999999999964,353.96999999999963,354.12999999999965,831
2026-04-09T17:50:00+00:00,354.12999999999965,354.44999999999965,353.46999999999963,354.24999999999966,948
2026-04-09T17:55:00+00:00,354.24999999999966,354.26999999999964,353.31999999999965,353.80999999999966,914
2026-04-09T18:00:00+00:00,353.80999999999966,353.80999999999966,351.3499999999996,351.4799999999996,1760
2026-04-09T18:05:00+00:00,351.4799999999996,352.9199999999996,351.3499999999996,352.9099999999996,1458
2026-04-09T18:10:00+00:00,352.9099999999996,353.11999999999966,352.1599999999996,352.4099999999996,1184
2026-04-09T18:15:00+00:00,352.4099999999996,353.00999999999965,352.1599999999996,352.62999999999965,976
2026-04-09T18:20:00+00:00,352.62999999999965,352.64999999999964,350.96999999999963,351.5999999999996,1305
2026-04-09T18:25:00+00:00,351.5999999999996,351.71999999999963,351.19999999999965,351.57999999999964,1059
2026-04-09T18:30:00+00:00,351.57999999999964,351.89999999999964,351.11999999999966,351.4199999999996,1039
2026-04-09T18:35:00+00:00,351.4199999999996,352.0499999999996,351.19999999999965,351.8499999999996,916
2026-04-09T18:40:00+00:00,351.8499999999996,352.05999999999966,351.24999999999966,351.6699999999996,1097
2026-04-09T18:45:00+00:00,351.6699999999996,351.92999999999967,350.9199999999996,351.32999999999964,848
2026-04-09T18:50:00+00:00,351.32999999999964,351.42999999999967,350.63999999999965,351.05999999999966,727
2026-04-09T18:55:00+00:00,351.05999999999966,351.56999999999965,351.05999999999966,351.2999999999996,657
2026-04-09T19:00:00+00:00,351.2999999999996,352.46999999999963,351.24999999999966,352.01999999999964,1301
2026-04-09T19:05:00+00:00,352.01999999999964,352.23999999999967,350.80999999999966,351.20999999999964,1239
2026-04-09T19:10:00+00:00,351.20999999999964,351.95999999999964,350.55999999999966,350.6599999999996,1292
2026-04-09T19:15:00+00:00,350.6599999999996,351.56999999999965,350.38999999999965,350.6599999999996,1543
2026-04-09T19:20:00+00:00,350.6599999999996,351.4099999999996,350.49999999999966,351.32999999999964,1409
2026-04-09T19:25:00+00:00,351.32999999999964,351.51999999999964,350.64999999999964,351.51999999999964,1317
2026-04-09T19:30:00+00:00,351.51999999999964,352.3499999999996,351.2299999999996,351.23999999999967,1414
2026-04-09T19:35:00+00:00,351.23999999999967,352.05999999999966,350.98999999999967,351.76999999999964,1172
2026-04-09T19:40:00+00:00,351.76999999999964,351.94999999999965,351.4099999999996,351.73999999999967,1107
2026-04-09T19:45:00+00:00,351.73999999999967,351.93999999999966,351.2999999999996,351.76999999999964,1026
2026-04-09T19:50:00+00:00,351.76999999999964,351.76999999999964,350.62999999999965,351.44999999999965,1551
2026-04-09T19:55:00+00:00,351.44999999999965,351.75999999999965,350.64999999999964,351.6699999999996,1763
2026-04-10T13:30:00+00:00,351.6699999999996,356.08999999999963,350.7999999999996,353.24999999999966,2006
2026-04-10T13:35:00+00:00,353.24999999999966,353.6099999999996,351.51999999999964,351.5399999999996,2365
2026-04-10T13:40:00+00:00,351.5399999999996,353.44999999999965,351.45999999999964,352.9799999999996,1907
2026-04-10T13:45:00+00:00,352.9799999999996,354.48999999999967,352.2299999999996,352.4799999999996,2080
2026-04-10T13:50:00+00:00,352.4799999999996,353.0999999999996,350.57999999999964,352.50999999999965,1929
2026-04-10T13:55:00+00:00,352.50999999999965,353.5499999999996,352.25999999999965,353.1599999999996,1381
2026-04-10T14:00:00+00:00,353.1599999999996,353.77999999999963,352.69999999999965,352.96999999999963,1474
2026-04-10T14:05:00+00:00,352.96999999999963,353.02999999999963,351.27999999999963,351.39999999999964,1602
2026-04-10T14:10:00+00:00,351.39999999999964,352.70999999999964,350.52999999999963,352.33999999999963,1567
2026-04-10T14:15:00+00:00,352.33999999999963,353.82999999999964,352.32999999999964,352.82999999999964,1333
2026-04-10T14:20:00+00:00,352.82999999999964,353.0999999999996,351.27999999999963,352.33999999999963,1243
2026-04-10T14:25:00+00:00,352.33999999999963,352.99999999999966,351.9199999999996,352.45999999999964,1246
2026-04-10T14:30:00+00:00,352.45999999999964,353.49999999999966,352.4199999999996,353.43999999999966,1341
2026-04-10T14:35:00+00:00,353.43999999999966,353.88999999999965,352.24999999999966,352.2899999999996,1260
2026-04-10T14:40:00+00:00,352.2899999999996,353.17999999999967,351.71999999999963,351.7999999999996,1605
2026-04-10T14:45:00+00:00,351.7999999999996,352.06999999999965,351.51999999999964,351.7299999999996,1120
2026-04-10T14:50:00+00:00,351.7299999999996,352.7999999999996,351.27999999999963,351.36999999999966,1099
2026-04-10T14:55:00+00:00,351.36999999999966,352.71999999999963,351.21999999999963,352.71999999999963,1084.6208561313165
2026-04-10T15:00:00+00:00,352.71999999999963,353.1699999999997,352.45999999999964,352.4799999999997,1122
2026-04-10T15:05:00+00:00,352.4799999999997,352.9199999999997,352.08999999999963,352.68999999999966,1223
2026-04-10T15:10:00+00:00,352.68999999999966,353.18999999999966,352.3599999999997,352.88999999999965,996
2026-04-10T15:15:00+00:00,352.88999999999965,353.0399999999997,351.77999999999963,351.83999999999963,1031
2026-04-10T15:20:00+00:00,351.83999999999963,352.6099999999997,351.49999999999966,352.4099999999996,1105
2026-04-10T15:25:00+00:00,352.4099999999996,352.56999999999965,351.4799999999997,351.51999999999964,1143
2026-04-10T15:30:00+00:00,351.51999999999964,351.82999999999964,351.0999999999996,351.4199999999997,1169
2026-04-10T15:35:00+00:00,351.4199999999997,351.52999999999963,350.6599999999996,350.68999999999966,1276
2026-04-10T15:40:00+00:00,350.68999999999966,350.73999999999967,349.6599999999996,350.02999999999963,1500
2026-04-10T15:45:00+00:00,350.02999999999963,350.3499999999996,349.30999999999966,349.71999999999963,1210
2026-04-10T15:50:00+00:00,349.71999999999963,350.43999999999966,349.64999999999964,350.14999999999964,1056
2026-04-10T15:55:00+00:00,350.14999999999964,350.18999999999966,349.46999999999963,349.9099999999996,1180
2026-04-10T16:00:00+00:00,349.9099999999996,350.19999999999965,349.27999999999963,349.95999999999964,1063
2026-04-10T16:05:00+00:00,349.95999999999964,350.33999999999963,349.7899999999997,350.05999999999966,936
2026-04-10T16:10:00+00:00,350.05999999999966,350.9099999999996,350.04999999999967,350.55999999999966,953
2026-04-10T16:15:00+00:00,350.55999999999966,350.58999999999963,349.95999999999964,350.01999999999964,874
2026-04-10T16:20:00+00:00,350.01999999999964,350.39999999999964,349.69999999999965,350.19999999999965,797
2026-04-10T16:25:00+00:00,350.19999999999965,350.32999999999964,349.86999999999966,349.96999999999963,764
2026-04-10T16:30:00+00:00,349.96999999999963,350.21999999999963,349.54999999999967,350.1699999999997,875
2026-04-10T16:35:00+00:00,350.1699999999997,350.18999999999966,349.44999999999965,349.5999999999996,744
2026-04-10T16:40:00+00:00,349.5999999999996,349.6099999999997,348.68999999999966,348.8599999999997,980
2026-04-10T16:45:00+00:00,348.8599999999997,349.29999999999967,348.69999999999965,349.14999999999964,885
2026-04-10T16:50:00+00:00,349.14999999999964,349.63999999999965,348.83999999999963,349.4099999999996,946
2026-04-10T16:55:00+00:00,349.4099999999996,349.67999999999967,349.18999999999966,349.50999999999965,681
2026-04-10T17:00:00+00:00,349.50999999999965,349.55999999999966,348.80999999999966,349.0399999999997,1002
2026-04-10T17:05:00+00:00,349.0399999999997,349.7899999999997,348.94999999999965,349.74999999999966,769
2026-04-10T17:10:00+00:00,349.74999999999966,350.14999999999964,349.37999999999965,350.0399999999997,750
2026-04-10T17:15:00+00:00,350.0399999999997,350.6599999999996,350.0399999999997,350.55999999999966,795
2026-04-10T17:20:00+00:00,350.55999999999966,350.75999999999965,350.19999999999965,350.27999999999963,748
2026-04-10T17:25:00+00:00,350.27999999999963,350.4799999999997,349.82999999999964,349.9099999999996,746
2026-04-10T17:30:00+00:00,349.9099999999996,350.25999999999965,349.58999999999963,349.7299999999997,857
2026-04-10T17:35:00+00:00,349.7299999999997,350.27999999999963,349.57999999999964,350.19999999999965,839
2026-04-10T17:40:00+00:00,350.19999999999965,350.6099999999997,350.0999999999996,350.46999999999963,633
2026-04-10T17:45:00+00:00,350.46999999999963,350.58999999999963,350.1699999999997,350.3499999999996,619
2026-04-10T17:50:00+00:00,350.3499999999996,351.8599999999997,350.3499999999996,351.74999999999966,778
2026-04-10T17:55:00+00:00,351.74999999999966,352.33999999999963,351.51999999999964,352.2299999999997,749
2026-04-10T18:00:00+00:00,352.2299999999997,352.67999999999967,351.95999999999964,351.9799999999997,855
2026-04-10T18:05:00+00:00,351.9799999999997,352.01999999999964,351.62999999999965,351.82999999999964,760
2026-04-10T18:10:00+00:00,351.82999999999964,352.8599999999997,351.79999999999967,352.63999999999965,704
2026-04-10T18:15:00+00:00,352.63999999999965,353.17999999999967,352.63999999999965,352.7899999999997,751
2026-04-10T18:20:00+00:00,352.7899999999997,353.06999999999965,352.6699999999997,352.8499999999996,592
2026-04-10T18:25:00+00:00,352.8499999999996,353.11999999999966,352.64999999999964,352.8599999999997,721
2026-04-10T18:30:00+00:00,352.8599999999997,352.9199999999997,352.1599999999996,352.21999999999963,752
2026-04-10T18:35:00+00:00,352.21999999999963,352.3599999999997,351.77999999999963,351.93999999999966,730
2026-04-10T18:40:00+00:00,351.93999999999966,352.01999999999964,351.17999999999967,351.32999999999964,615
2026-04-10T18:45:00+00:00,351.32999999999964,351.6099999999997,351.01999999999964,351.58999999999963,586
2026-04-10T18:50:00+00:00,351.58999999999963,351.83999999999963,351.19999999999965,351.83999999999963,648
2026-04-10T18:55:00+00:00,351.83999999999963,351.9199999999997,351.48999999999967,351.9099999999996,571
2026-04-10T19:00:00+00:00,351.9099999999996,352.23999999999967,351.64999999999964,351.99999999999966,863
2026-04-10T19:05:00+00:00,351.99999999999966,352.38999999999965,351.79999999999967,352.3599999999997,638
2026-04-10T19:10:00+00:00,352.3599999999997,352.73999999999967,352.06999999999965,352.61999999999966,769
2026-04-10T19:15:00+00:00,352.61999999999966,352.8599999999997,352.46999999999963,352.73999999999967,753
2026-04-10T19:20:00+00:00,352.73999999999967,352.74999999999966,352.37999999999965,352.51999999999964,951
2026-04-10T19:25:00+00:00,352.51999999999964,352.54999999999967,351.94999999999965,351.99999999999966,936
2026-04-10T19:30:00+00:00,351.99999999999966,352.64999999999964,351.8599999999997,352.37999999999965,843
2026-04-10T19:35:00+00:00,352.37999999999965,352.79999999999967,352.33999999999963,352.55999999999966,917
2026-04-10T19:40:00+00:00,352.55999999999966,353.62999999999965,352.4799999999997,353.55999999999966,1155
2026-04-10T19:45:00+00:00,353.55999999999966,353.7899999999997,352.9199999999997,353.61999999999966,1375
2026-04-10T19:50:00+00:00,353.61999999999966,354.02999999999963,352.95999999999964,353.96999999999963,1467
2026-04-10T19:55:00+00:00,353.96999999999963,355.06999999999965,353.7299999999997,354.74999999999966,1518
2026-04-13T13:30:00+00:00,354.74999999999966,356.33999999999963,354.71999999999963,354.96999999999963,1779
2026-04-13T13:35:00+00:00,354.96999999999963,356.05999999999966,354.5999999999996,355.20999999999964,1789
2026-04-13T13:40:00+00:00,355.20999999999964,355.93999999999966,354.51999999999964,355.64999999999964,1729
2026-04-13T13:45:00+00:00,355.64999999999964,358.30999999999966,354.75999999999965,357.92999999999967,1904
2026-04-13T13:50:00+00:00,357.92999999999967,360.71999999999963,357.9099999999996,360.4199999999997,2903
2026-04-13T13:55:00+00:00,360.4199999999997,360.71999999999963,357.74999999999966,359.8599999999997,1990
2026-04-13T14:00:00+00:00,359.8599999999997,360.48999999999967,359.1599999999996,360.43999999999966,1766
2026-04-13T14:05:00+00:00,360.43999999999966,362.23999999999967,359.99999999999966,360.57999999999964,1851
2026-04-13T14:10:00+00:00,360.57999999999964,361.02999999999963,357.94999999999965,358.27999999999963,1614
2026-04-13T14:15:00+00:00,358.27999999999963,358.30999999999966,356.14999999999964,356.83999999999963,1623
2026-04-13T14:20:00+00:00,356.83999999999963,357.33999999999963,356.1599999999996,357.00999999999965,1854
2026-04-13T14:25:00+00:00,357.00999999999965,357.88999999999965,356.81999999999965,357.64999999999964,1386
2026-04-13T14:30:00+00:00,357.64999999999964,358.6099999999997,357.1699999999997,357.58999999999963,1264
2026-04-13T14:35:00+00:00,357.58999999999963,357.86999999999966,356.44999999999965,356.56999999999965,1124
2026-04-13T14:40:00+00:00,356.56999999999965,357.64999999999964,356.21999999999963,357.62999999999965,1039
2026-04-13T14:45:00+00:00,357.62999999999965,357.73999999999967,356.54999999999967,356.86999999999966,956
2026-04-13T14:50:00+00:00,356.86999999999966,358.30999999999966,356.54999999999967,358.05999999999966,884
2026-04-13T14:55:00+00:00,358.05999999999966,359.19999999999965,357.54999999999967,358.77999999999963,1016
2026-04-13T15:00:00+00:00,358.77999999999963,358.79999999999967,357.38999999999965,357.5399999999997,1369
2026-04-13T15:05:00+00:00,357.5399999999997,357.76999999999964,356.77999999999963,357.05999999999966,1105
2026-04-13T15:10:00+00:00,357.05999999999966,357.45999999999964,356.4099999999996,356.5399999999997,886
2026-04-13T15:15:00+00:00,356.5399999999997,356.9099999999996,355.69999999999965,355.75999999999965,937
2026-04-13T15:20:00+00:00,355.75999999999965,356.61999999999966,355.69999999999965,356.2899999999997,894
2026-04-13T15:25:00+00:00,356.2899999999997,356.58999999999963,355.71999999999963,356.26999999999964,1014
2026-04-13T15:30:00+00:00,356.26999999999964,356.62999999999965,355.89999999999964,356.38999999999965,881
2026-04-13T15:35:00+00:00,356.38999999999965,357.37999999999965,356.2899999999997,357.06999999999965,1071
2026-04-13T15:40:00+00:00,357.06999999999965,357.25999999999965,356.30999999999966,356.58999999999963,874
2026-04-13T15:45:00+00:00,356.58999999999963,357.2299999999997,356.42999999999967,356.81999999999965,818
2026-04-13T15:50:00+00:00,356.81999999999965,356.88999999999965,356.21999999999963,356.23999999999967,673
2026-04-13T15:55:00+00:00,356.23999999999967,356.83999999999963,356.00999999999965,356.83999999999963,722
2026-04-13T16:00:00+00:00,356.83999999999963,357.00999999999965,356.26999999999964,356.61999999999966,909
2026-04-13T16:05:00+00:00,356.61999999999966,358.3499999999996,356.49999999999966,357.86999999999966,1451
2026-04-13T16:10:00+00:00,357.86999999999966,358.2899999999997,357.54999999999967,357.55999999999966,1082
2026-04-13T16:15:00+00:00,357.55999999999966,357.75999999999965,357.04999999999967,357.44999999999965,879
2026-04-13T16:20:00+00:00,357.44999999999965,358.19999999999965,357.29999999999967,358.07999999999964,944
2026-04-13T16:25:00+00:00,358.07999999999964,359.26999999999964,357.89999999999964,359.02999999999963,1045
2026-04-13T16:30:00+00:00,359.02999999999963,359.30999999999966,358.37999999999965,358.6599999999996,1271
2026-04-13T16:35:00+00:00,358.6599999999996,359.4199999999997,358.54999999999967,358.74999999999966,1270
2026-04-13T16:40:00+00:00,358.74999999999966,359.01999999999964,357.64999999999964,358.39999999999964,1420
2026-04-13T16:45:00+00:00,358.39999999999964,359.17999999999967,357.94999999999965,358.83999999999963,1367
2026-04-13T16:50:00+00:00,358.83999999999963,359.26999999999964,358.36999999999966,358.36999999999966,1312
2026-04-13T16:55:00+00:00,358.36999999999966,358.8499999999996,357.99999999999966,358.79999999999967,950
2026-04-13T17:00:00+00:00,358.79999999999967,359.21999999999963,358.69999999999965,358.93999999999966,825
2026-04-13T17:05:00+00:00,358.93999999999966,359.29999999999967,358.87999999999965,359.20999999999964,753
2026-04-13T17:10:00+00:00,359.20999999999964,359.64999999999964,358.88999999999965,359.23999999999967,807
2026-04-13T17:15:00+00:00,359.23999999999967,359.75999999999965,359.06999999999965,359.45999999999964,883
2026-04-13T17:20:00+00:00,359.45999999999964,359.75999999999965,359.06999999999965,359.55999999999966,770
2026-04-13T17:25:00+00:00,359.55999999999966,360.48999999999967,359.24999999999966,360.37999999999965,873
2026-04-13T17:30:00+00:00,360.37999999999965,360.39999999999964,359.76999999999964,360.06999999999965,812
2026-04-13T17:35:00+00:00,360.06999999999965,360.39999999999964,359.8499999999996,360.11999999999966,894
2026-04-13T17:40:00+00:00,360.11999999999966,360.62999999999965,359.99999999999966,360.01999999999964,802
2026-04-13T17:45:00+00:00,360.01999999999964,360.20999999999964,359.48999999999967,359.57999999999964,736
2026-04-13T17:50:00+00:00,359.57999999999964,359.5999999999996,358.57999999999964,358.9199999999997,1013
2026-04-13T17:55:00+00:00,358.9199999999997,359.2299999999997,358.51999999999964,358.68999999999966,719
2026-04-13T18:00:00+00:00,358.68999999999966,358.89999999999964,358.54999999999967,358.7899999999997,731
2026-04-13T18:05:00+00:00,358.7899999999997,358.95999999999964,358.58999999999963,358.87999999999965,539
2026-04-13T18:10:00+00:00,358.87999999999965,358.96999999999963,358.5999999999996,358.74999999999966,457
2026-04-13T18:15:00+00:00,358.74999999999966,358.74999999999966,357.79999999999967,358.02999999999963,691
2026-04-13T18:20:00+00:00,358.02999999999963,358.33999999999963,357.7899999999997,358.23999999999967,537
2026-04-13T18:25:00+00:00,358.23999999999967,358.25999999999965,357.99999999999966,358.0999999999996,499
2026-04-13T18:30:00+00:00,358.0999999999996,358.14999999999964,357.18999999999966,357.48999999999967,809
2026-04-13T18:35:00+00:00,357.48999999999967,357.9199999999997,357.44999999999965,357.8499999999996,540
2026-04-13T18:40:00+00:00,357.8499999999996,357.93999999999966,357.48999999999967,357.69999999999965,566
2026-04-13T18:45:00+00:00,357.69999999999965,358.08999999999963,357.6699999999997,357.74999999999966,652
2026-04-13T18:50:00+00:00,357.74999999999966,357.86999999999966,357.45999999999964,357.80999999999966,563
2026-04-13T18:55:00+00:00,357.80999999999966,357.96999999999963,357.48999999999967,357.6699999999997,571
2026-04-13T19:00:00+00:00,357.6699999999997,357.9799999999997,357.14999999999964,357.26999999999964,889
2026-04-13T19:05:00+00:00,357.26999999999964,357.44999999999965,356.77999999999963,357.1699999999997,987
2026-04-13T19:10:00+00:00,357.1699999999997,357.20999999999964,356.20999999999964,356.74999999999966,1012
2026-04-13T19:15:00+00:00,356.74999999999966,357.20999999999964,356.45999999999964,356.87999999999965,882
2026-04-13T19:20:00+00:00,356.87999999999965,357.56999999999965,356.74999999999966,357.52999999999963,696
2026-04-13T19:25:00+00:00,357.52999999999963,357.64999999999964,357.11999999999966,357.3599999999997,814
2026-04-13T19:30:00+00:00,357.3599999999997,358.24999999999966,357.27999999999963,357.68999999999966,1125
2026-04-13T19:35:00+00:00,357.68999999999966,357.68999999999966,357.00999999999965,357.0399999999997,952
2026-04-13T19:40:00+00:00,357.0399999999997,357.13999999999965,356.5999999999996,356.81999999999965,980
2026-04-13T19:45:00+00:00,356.81999999999965,356.9199999999997,356.6599999999996,356.75999999999965,992
2026-04-13T19:50:00+00:00,356.75999999999965,358.14999999999964,356.75999999999965,357.9099999999996,1952
2026-04-13T19:55:00+00:00,357.9099999999996,358.64999999999964,357.9099999999996,358.2899999999997,1806
2026-04-14T13:30:00+00:00,358.2899999999997,367.13999999999965,358.2899999999997,365.63999999999965,1954
2026-04-14T13:35:00+00:00,365.63999999999965,365.80999999999966,362.6699999999997,362.74999999999966,1744
2026-04-14T13:40:00+00:00,362.74999999999966,365.55999999999966,362.74999999999966,364.42999999999967,1659
2026-04-14T13:45:00+00:00,364.42999999999967,366.82999999999964,364.2299999999997,366.71999999999963,1740
2026-04-14T13:50:00+00:00,366.71999999999963,367.02999999999963,365.49999999999966,365.79999999999967,1642
2026-04-14T13:55:00+00:00,365.79999999999967,365.81999999999965,364.44999999999965,364.9099999999996,1280
2026-04-14T14:00:00+00:00,364.9099999999996,365.55999999999966,364.18999999999966,364.30999999999966,1405
2026-04-14T14:05:00+00:00,364.30999999999966,365.6699999999997,363.81999999999965,365.51999999999964,1322
2026-04-14T14:10:00+00:00,365.51999999999964,365.88999999999965,364.94999999999965,365.30999999999966,1211
2026-04-14T14:15:00+00:00,365.30999999999966,366.1099999999997,364.8599999999997,365.54999999999967,1238
2026-04-14T14:20:00+00:00,365.54999999999967,368.64999999999964,365.48999999999967,368.43999999999966,1411
2026-04-14T14:25:00+00:00,368.43999999999966,369.1099999999997,367.56999999999965,368.93999999999966,1377
2026-04-14T14:30:00+00:00,368.93999999999966,368.99999999999966,368.24999999999966,368.4799999999997,1143
2026-04-14T14:35:00+00:00,368.4799999999997,369.26999999999964,367.62999999999965,367.9799999999997,1327
2026-04-14T14:40:00+00:00,367.9799999999997,368.25999999999965,367.48999999999967,368.12999999999965,972
2026-04-14T14:45:00+00:00,368.12999999999965,369.23999999999967,367.83999999999963,369.17999999999967,1235
2026-04-14T14:50:00+00:00,369.17999999999967,369.54999999999967,368.54999999999967,369.42999999999967,1115
2026-04-14T14:55:00+00:00,369.42999999999967,369.95999999999964,369.06999999999965,369.19999999999965,1031
2026-04-14T15:00:00+00:00,369.19999999999965,369.24999999999966,367.77999999999963,367.77999999999963,1053
2026-04-14T15:05:00+00:00,367.77999999999963,367.86999999999966,366.89999999999964,367.02999999999963,1098
2026-04-14T15:10:00+00:00,367.02999999999963,368.00999999999965,366.8499999999996,367.4199999999997,1031
2026-04-14T15:15:00+00:00,367.4199999999997,368.29999999999967,367.32999999999964,367.8499999999996,984
2026-04-14T15:20:00+00:00,367.8499999999996,368.4099999999996,367.74999999999966,368.0999999999996,864
2026-04-14T15:25:00+00:00,368.0999999999996,369.02999999999963,368.0999999999996,368.7299999999997,751
2026-04-14T15:30:00+00:00,368.7299999999997,369.81999999999965,368.70999999999964,369.71999999999963,786
2026-04-14T15:35:00+00:00,369.71999999999963,370.69999999999965,369.48999999999967,370.4099999999996,872
2026-04-14T15:40:00+00:00,370.4099999999996,370.49999999999966,369.4199999999997,370.42999999999967,958
2026-04-14T15:45:00+00:00,370.42999999999967,371.93999999999966,370.3599999999997,371.77999999999963,1055
2026-04-14T15:50:00+00:00,371.77999999999963,372.04999999999967,371.3599999999997,371.49999999999966,829
2026-04-14T15:55:00+00:00,371.49999999999966,372.04999999999967,371.45999999999964,371.5399999999997,983
2026-04-14T16:00:00+00:00,371.5399999999997,371.92999999999967,371.23999999999967,371.76999999999964,944
2026-04-14T16:05:00+00:00,371.76999999999964,372.06999999999965,371.44999999999965,371.92999999999967,786
2026-04-14T16:10:00+00:00,371.92999999999967,372.18999999999966,371.54999999999967,371.77999999999963,661
2026-04-14T16:15:00+00:00,371.77999999999963,371.95999999999964,371.43999999999966,371.74999999999966,644
2026-04-14T16:20:00+00:00,371.74999999999966,373.08999999999963,371.6599999999996,372.94999999999965,911
2026-04-14T16:25:00+00:00,372.94999999999965,373.4099999999996,372.82999999999964,373.18999999999966,740
2026-04-14T16:30:00+00:00,373.18999999999966,373.57999999999964,372.4199999999997,372.55999999999966,711
2026-04-14T16:35:00+00:00,372.55999999999966,373.13999999999965,372.27999999999963,372.98999999999967,701
2026-04-14T16:40:00+00:00,372.98999999999967,373.12999999999965,372.24999999999966,372.27999999999963,721
2026-04-14T16:45:00+00:00,372.27999999999963,372.56999999999965,371.49999999999966,371.7299999999997,892
2026-04-14T16:50:00+00:00,371.7299999999997,371.95999999999964,370.96999999999963,371.4799999999997,806
2026-04-14T16:55:00+00:00,371.4799999999997,371.55999999999966,370.8499999999996,371.04999999999967,614
2026-04-14T17:00:00+00:00,371.04999999999967,371.46999999999963,370.94999999999965,371.05999999999966,619
2026-04-14T17:05:00+00:00,371.05999999999966,371.13999999999965,370.39999999999964,370.43999999999966,607
2026-04-14T17:10:00+00:00,370.43999999999966,370.86999999999966,370.29999999999967,370.7899999999997,572
2026-04-14T17:15:00+00:00,370.7899999999997,371.43999999999966,370.6599999999996,371.2899999999997,736
2026-04-14T17:20:00+00:00,371.2899999999997,372.05999999999966,371.2899999999997,371.69999999999965,802
2026-04-14T17:25:00+00:00,371.69999999999965,371.7299999999997,371.04999999999967,371.1599999999996,538
2026-04-14T17:30:00+00:00,371.1599999999996,371.54999999999967,370.88999999999965,371.30999999999966,585
2026-04-14T17:35:00+00:00,371.30999999999966,371.3599999999997,370.75999999999965,370.87999999999965,546
2026-04-14T17:40:00+00:00,370.87999999999965,371.74999999999966,370.76999999999964,371.37999999999965,550
2026-04-14T17:45:00+00:00,371.37999999999965,371.49999999999966,370.74999999999966,371.02999999999963,515
2026-04-14T17:50:00+00:00,371.02999999999963,371.21999999999963,370.6699999999997,370.8499999999996,564
2026-04-14T17:55:00+00:00,370.8499999999996,371.21999999999963,370.50999999999965,370.63999999999965,562
2026-04-14T18:00:00+00:00,370.63999999999965,370.76999999999964,370.11999999999966,370.14999999999964,584
2026-04-14T18:05:00+00:00,370.14999999999964,370.26999999999964,369.70999999999964,370.1099999999997,616
2026-04-14T18:10:00+00:00,370.1099999999997,370.12999999999965,369.7299999999997,369.77999999999963,526
2026-04-14T18:15:00+00:00,369.77999999999963,369.86999999999966,369.20999999999964,369.26999999999964,629
2026-04-14T18:20:00+00:00,369.26999999999964,369.46999999999963,368.4799999999997,368.57999999999964,924
2026-04-14T18:25:00+00:00,368.57999999999964,369.7299999999997,368.46999999999963,369.5399999999997,770
2026-04-14T18:30:00+00:00,369.5399999999997,369.80999999999966,369.3599999999997,369.50999999999965,594
2026-04-14T18:35:00+00:00,369.50999999999965,369.9799999999997,369.38999999999965,369.76999999999964,504
2026-04-14T18:40:00+00:00,369.76999999999964,370.20999999999964,369.56999999999965,369.67999999999967,719
2026-04-14T18:45:00+00:00,369.67999999999967,369.96999999999963,369.46999999999963,369.6599999999996,632
2026-04-14T18:50:00+00:00,369.6599999999996,369.98999999999967,369.25999999999965,369.86999999999966,588
2026-04-14T18:55:00+00:00,369.86999999999966,370.17999999999967,369.7299999999997,370.13999999999965,505
2026-04-14T19:00:00+00:00,370.13999999999965,370.96999999999963,369.9099999999996,370.88999999999965,1003
2026-04-14T19:05:00+00:00,370.88999999999965,371.29999999999967,370.81999999999965,370.99999999999966,736
2026-04-14T19:10:00+00:00,370.99999999999966,371.6599999999996,370.80999999999966,370.92999999999967,909
2026-04-14T19:15:00+00:00,370.92999999999967,371.31999999999965,370.80999999999966,371.21999999999963,934
2026-04-14T19:20:00+00:00,371.21999999999963,371.62999999999965,371.11999999999966,371.4799999999997,834
2026-04-14T19:25:00+00:00,371.4799999999997,371.62999999999965,371.3499999999996,371.52999999999963,732
2026-04-14T19:30:00+00:00,371.52999999999963,371.5399999999997,370.49999999999966,370.62999999999965,1152
2026-04-14T19:35:00+00:00,370.62999999999965,370.79999999999967,370.3499999999996,370.6599999999996,1150
2026-04-14T19:40:00+00:00,370.6599999999996,370.75999999999965,370.19999999999965,370.42999999999967,1047
2026-04-14T19:45:00+00:00,370.42999999999967,371.12999999999965,370.36999999999966,370.94999999999965,886
2026-04-14T19:50:00+00:00,370.94999999999965,371.0399999999997,369.4099999999996,369.61999999999966,1541
2026-04-14T19:55:00+00:00,369.61999999999966,370.3599999999997,369.49999999999966,370.2899999999997,1542
2026-04-15T13:30:00+00:00,370.2899999999997,372.61999999999966,368.42999999999967,370.71999999999963,2388
2026-04-15T13:35:00+00:00,370.71999999999963,373.24999999999966,370.50999999999965,372.4099999999996,1805
2026-04-15T13:40:00+00:00,372.4099999999996,373.79999999999967,372.33999999999963,372.79999999999967,1834
2026-04-15T13:45:00+00:00,372.79999999999967,375.9199999999997,372.79999999999967,375.01999999999964,1948
2026-04-15T13:50:00+00:00,375.01999999999964,377.11999999999966,374.54999999999967,376.8499999999996,2053
2026-04-15T13:55:00+00:00,376.8499999999996,377.43999999999966,376.1599999999996,376.4099999999996,1854
2026-04-15T14:00:00+00:00,376.4099999999996,378.2899999999997,375.79999999999967,377.96999999999963,1776
2026-04-15T14:05:00+00:00,377.96999999999963,379.49999999999966,377.39999999999964,379.45999999999964,1582
2026-04-15T14:10:00+00:00,379.45999999999964,382.19999999999965,379.4099999999996,381.79999999999967,1862
2026-04-15T14:15:00+00:00,381.79999999999967,383.61999999999966,381.70999999999964,381.94999999999965,2081
2026-04-15T14:20:00+00:00,381.94999999999965,382.69999999999965,380.44999999999965,382.55999999999966,1776
2026-04-15T14:25:00+00:00,382.55999999999966,383.11999999999966,381.69999999999965,382.62999999999965,1375
2026-04-15T14:30:00+00:00,382.62999999999965,384.77999999999963,382.6099999999997,383.6699999999997,1586
2026-04-15T14:35:00+00:00,383.6699999999997,384.9199999999997,382.5399999999997,382.57999999999964,1827
2026-04-15T14:40:00+00:00,382.57999999999964,383.2299999999997,382.20999999999964,383.07999999999964,1747
2026-04-15T14:45:00+00:00,383.07999999999964,383.43999999999966,382.49999999999966,383.23999999999967,1508
2026-04-15T14:50:00+00:00,383.23999999999967,385.05999999999966,382.95999999999964,385.01999999999964,1673
2026-04-15T14:55:00+00:00,385.01999999999964,388.01999999999964,384.95999999999964,387.24999999999966,1955.9718417881013
2026-04-15T15:00:00+00:00,387.24999999999966,388.5399999999996,386.1599999999996,387.94999999999965,2070
2026-04-15T15:05:00+00:00,387.94999999999965,388.38999999999965,386.6599999999996,386.86999999999966,1826
2026-04-15T15:10:00+00:00,386.86999999999966,389.93999999999966,386.79999999999967,389.7899999999996,1819
2026-04-15T15:15:00+00:00,389.7899999999996,391.06999999999965,389.63999999999965,390.92999999999967,2239
2026-04-15T15:20:00+00:00,390.92999999999967,394.07999999999964,390.25999999999965,394.05999999999966,2001
2026-04-15T15:25:00+00:00,394.05999999999966,395.48999999999967,393.31999999999965,394.43999999999966,2445
2026-04-15T15:30:00+00:00,394.43999999999966,395.83999999999963,393.55999999999966,395.4099999999996,2273
2026-04-15T15:35:00+00:00,395.4099999999996,397.42999999999967,395.08999999999963,396.92999999999967,2276
2026-04-15T15:40:00+00:00,396.92999999999967,400.04999999999967,396.86999999999966,398.33999999999963,2426
2026-04-15T15:45:00+00:00,398.33999999999963,399.32999999999964,397.2299999999996,399.1699999999996,2141
2026-04-15T15:50:00+00:00,399.1699999999996,399.5399999999996,396.48999999999967,396.76999999999964,2198
2026-04-15T15:55:00+00:00,396.76999999999964,398.0999999999996,395.77999999999963,397.75999999999965,2086
2026-04-15T16:00:00+00:00,397.75999999999965,398.18999999999966,396.5399999999996,396.80999999999966,1796
2026-04-15T16:05:00+00:00,396.80999999999966,397.52999999999963,396.2299999999996,396.51999999999964,1472
2026-04-15T16:10:00+00:00,396.51999999999964,397.29999999999967,396.17999999999967,396.7299999999996,1521
2026-04-15T16:15:00+00:00,396.7299999999996,397.9799999999996,396.54999999999967,397.48999999999967,1739
2026-04-15T16:20:00+00:00,397.48999999999967,400.36999999999966,397.39999999999964,399.73999999999967,1731
2026-04-15T16:25:00+00:00,399.73999999999967,400.3599999999996,398.70999999999964,398.87999999999965,1722
2026-04-15T16:30:00+00:00,398.87999999999965,399.08999999999963,397.02999999999963,397.44999999999965,1858
2026-04-15T16:35:00+00:00,397.44999999999965,398.0399999999996,397.07999999999964,397.75999999999965,1551
2026-04-15T16:40:00+00:00,397.75999999999965,397.8499999999996,394.0999999999996,394.43999999999966,2294
2026-04-15T16:45:00+00:00,394.43999999999966,395.05999999999966,393.55999999999966,394.98999999999967,2269
2026-04-15T16:50:00+00:00,394.98999999999967,395.80999999999966,393.1099999999996,393.36999999999966,2214
2026-04-15T16:55:00+00:00,393.36999999999966,394.37999999999965,392.6599999999996,393.52999999999963,2051
2026-04-15T17:00:00+00:00,393.52999999999963,393.63999999999965,392.05999999999966,393.23999999999967,2033
2026-04-15T17:05:00+00:00,393.23999999999967,394.46999999999963,392.9799999999996,393.4099999999996,1865
2026-04-15T17:10:00+00:00,393.4099999999996,394.08999999999963,392.75999999999965,393.27999999999963,1548
2026-04-15T17:15:00+00:00,393.27999999999963,394.4799999999996,392.92999999999967,394.4799999999996,1474
2026-04-15T17:20:00+00:00,394.4799999999996,394.4799999999996,392.76999999999964,393.32999999999964,1372
2026-04-15T17:25:00+00:00,393.32999999999964,393.6099999999996,392.92999999999967,393.26999999999964,1174
2026-04-15T17:30:00+00:00,393.26999999999964,394.06999999999965,392.68999999999966,393.1599999999996,1330
2026-04-15T17:35:00+00:00,393.1599999999996,393.57999999999964,392.76999999999964,393.24999999999966,1338
2026-04-15T17:40:00+00:00,393.24999999999966,393.64999999999964,392.70999999999964,393.32999999999964,1508
2026-04-15T17:45:00+00:00,393.32999999999964,394.45999999999964,393.29999999999967,393.69999999999965,1197
2026-04-15T17:50:00+00:00,393.69999999999965,395.71999999999963,393.56999999999965,395.54999999999967,1323
2026-04-15T17:55:00+00:00,395.54999999999967,395.64999999999964,393.8599999999996,394.06999999999965,1342
2026-04-15T18:00:00+00:00,394.06999999999965,394.4799999999996,393.1599999999996,394.1599999999996,2134
2026-04-15T18:05:00+00:00,394.1599999999996,395.3499999999996,394.06999999999965,395.08999999999963,1353
2026-04-15T18:10:00+00:00,395.08999999999963,396.64999999999964,394.99999999999966,396.32999999999964,1500
2026-04-15T18:15:00+00:00,396.32999999999964,396.69999999999965,395.31999999999965,395.36999999999966,1218
2026-04-15T18:20:00+00:00,395.36999999999966,395.74999999999966,394.89999999999964,395.4799999999996,1367
2026-04-15T18:25:00+00:00,395.4799999999996,396.1599999999996,395.23999999999967,396.01999999999964,1330
2026-04-15T18:30:00+00:00,396.01999999999964,396.31999999999965,395.58999999999963,396.14999999999964,1353
2026-04-15T18:35:00+00:00,396.14999999999964,396.27999999999963,394.95999999999964,395.6699999999996,1774
2026-04-15T18:40:00+00:00,395.6699999999996,397.27999999999963,395.4799999999996,397.1699999999996,1402
2026-04-15T18:45:00+00:00,397.1699999999996,397.2299999999996,396.48999999999967,396.7899999999996,1274
2026-04-15T18:50:00+00:00,396.7899999999996,397.12999999999965,396.36999999999966,396.37999999999965,1403
2026-04-15T18:55:00+00:00,396.37999999999965,396.70999999999964,396.00999999999965,396.1099999999996,1640
2026-04-15T19:00:00+00:00,396.1099999999996,397.77999999999963,395.79999999999967,397.76999999999964,1824
2026-04-15T19:05:00+00:00,397.76999999999964,398.12999999999965,397.51999999999964,397.9799999999996,1441
2026-04-15T19:10:00+00:00,397.9799999999996,398.1099999999996,396.80999999999966,396.93999999999966,1577
2026-04-15T19:15:00+00:00,396.93999999999966,397.82999999999964,396.31999999999965,397.80999999999966,1716
2026-04-15T19:20:00+00:00,397.80999999999966,398.23999999999967,397.25999999999965,397.96999999999963,1374
2026-04-15T19:25:00+00:00,397.96999999999963,398.52999999999963,397.83999999999963,398.4199999999996,1403
2026-04-15T19:30:00+00:00,398.4199999999996,398.87999999999965,397.69999999999965,398.8499999999996,1585
2026-04-15T19:35:00+00:00,398.8499999999996,399.83999999999963,398.61999999999966,399.23999999999967,1780
2026-04-15T19:40:00+00:00,399.23999999999967,400.31999999999965,398.7299999999996,400.24999999999966,2042
2026-04-15T19:45:00+00:00,400.24999999999966,400.56999999999965,399.75999999999965,400.17999999999967,2152
2026-04-15T19:50:00+00:00,400.17999999999967,400.2899999999996,398.02999999999963,398.17999999999967,2246
2026-04-15T19:55:00+00:00,398.17999999999967,398.7299999999996,397.1699999999996,397.75999999999965,2777
2026-04-16T13:30:00+00:00,397.75999999999965,399.87999999999965,394.68999999999966,395.2899999999996,2180
2026-04-16T13:35:00+00:00,395.2899999999996,395.7899999999996,391.26999999999964,392.05999999999966,2655
2026-04-16T13:40:00+00:00,392.05999999999966,394.11999999999966,390.20999999999964,393.26999999999964,2528
2026-04-16T13:45:00+00:00,393.26999999999964,393.69999999999965,390.6699999999996,391.4199999999996,2266
2026-04-16T13:50:00+00:00,391.4199999999996,391.49999999999966,388.30999999999966,388.9799999999996,2342
2026-04-16T13:55:00+00:00,388.9799999999996,390.01999999999964,387.75999999999965,388.80999999999966,2534
2026-04-16T14:00:00+00:00,388.80999999999966,390.77999999999963,388.29999999999967,390.75999999999965,2398
2026-04-16T14:05:00+00:00,390.75999999999965,391.51999999999964,390.32999999999964,391.18999999999966,1884
2026-04-16T14:10:00+00:00,391.18999999999966,393.3499999999996,390.98999999999967,391.67999999999967,1980
2026-04-16T14:15:00+00:00,391.67999999999967,392.8499999999996,389.81999999999965,390.92999999999967,1920
2026-04-16T14:20:00+00:00,390.92999999999967,391.74999999999966,390.42999999999967,391.2299999999996,1586
2026-04-16T14:25:00+00:00,391.2299999999996,392.3499999999996,390.86999999999966,391.69999999999965,1606
2026-04-16T14:30:00+00:00,391.69999999999965,392.76999999999964,391.3599999999996,391.7299999999996,1383
2026-04-16T14:35:00+00:00,391.7299999999996,392.51999999999964,391.33999999999963,392.18999999999966,1180
2026-04-16T14:40:00+00:00,392.18999999999966,392.50999999999965,390.67999999999967,391.45999999999964,1625
2026-04-16T14:45:00+00:00,391.45999999999964,391.81999999999965,390.70999999999964,391.69999999999965,1339
2026-04-16T14:50:00+00:00,391.69999999999965,391.71999999999963,390.0999999999996,391.12999999999965,1224
2026-04-16T14:55:00+00:00,391.12999999999965,391.12999999999965,389.89999999999964,390.61999999999966,1194
2026-04-16T15:00:00+00:00,390.61999999999966,392.69999999999965,390.4799999999996,392.58999999999963,1192
2026-04-16T15:05:00+00:00,392.58999999999963,393.75999999999965,392.18999999999966,393.58999999999963,1246
2026-04-16T15:10:00+00:00,393.58999999999963,394.61999999999966,392.50999999999965,393.27999999999963,1315
2026-04-16T15:15:00+00:00,393.27999999999963,394.08999999999963,392.9799999999996,393.32999999999964,1211
2026-04-16T15:20:00+00:00,393.32999999999964,394.29999999999967,393.25999999999965,394.23999999999967,1072
2026-04-16T15:25:00+00:00,394.23999999999967,395.3599999999996,393.79999999999967,393.82999999999964,1208
2026-04-16T15:30:00+00:00,393.82999999999964,394.89999999999964,393.3599999999996,394.5999999999996,1132
2026-04-16T15:35:00+00:00,394.5999999999996,396.4799999999996,394.58999999999963,395.54999999999967,1714
2026-04-16T15:40:00+00:00,395.54999999999967,395.58999999999963,394.50999999999965,395.27999999999963,1307
2026-04-16T15:45:00+00:00,395.27999999999963,395.4199999999996,394.21999999999963,394.51999999999964,987
2026-04-16T15:50:00+00:00,394.51999999999964,395.19999999999965,394.46999999999963,395.00999999999965,883
2026-04-16T15:55:00+00:00,395.00999999999965,395.99999999999966,394.94999999999965,395.69999999999965,900
2026-04-16T16:00:00+00:00,395.69999999999965,396.23999999999967,395.45999999999964,395.89999999999964,875
2026-04-16T16:05:00+00:00,395.89999999999964,396.04999999999967,395.49999999999966,395.73999999999967,684
2026-04-16T16:10:00+00:00,395.73999999999967,395.83999999999963,394.89999999999964,395.24999999999966,758
2026-04-16T16:15:00+00:00,395.24999999999966,396.57999999999964,395.20999999999964,396.42999999999967,762
2026-04-16T16:20:00+00:00,396.42999999999967,396.45999999999964,395.6099999999996,396.04999999999967,872
2026-04-16T16:25:00+00:00,396.04999999999967,396.4099999999996,395.45999999999964,395.70999999999964,632
2026-04-16T16:30:00+00:00,395.70999999999964,395.79999999999967,392.64999999999964,393.58999999999963,1769
2026-04-16T16:35:00+00:00,393.58999999999963,394.64999999999964,393.48999999999967,394.62999999999965,1341
2026-04-16T16:40:00+00:00,394.62999999999965,394.77999999999963,393.99999999999966,394.52999999999963,841
2026-04-16T16:45:00+00:00,394.52999999999963,395.70999999999964,394.51999999999964,395.30999999999966,839
2026-04-16T16:50:00+00:00,395.30999999999966,395.5999999999996,394.45999999999964,394.56999999999965,848
2026-04-16T16:55:00+00:00,394.56999999999965,394.80999999999966,394.17999999999967,394.39999999999964,842
2026-04-16T17:00:00+00:00,394.39999999999964,394.62999999999965,393.6099999999996,394.00999999999965,960
2026-04-16T17:05:00+00:00,394.00999999999965,394.36999999999966,393.45999999999964,394.25999999999965,958
2026-04-16T17:10:00+00:00,394.25999999999965,394.73999999999967,393.6699999999996,393.79999999999967,818
2026-04-16T17:15:00+00:00,393.79999999999967,394.11999999999966,393.52999999999963,393.80999999999966,942
2026-04-16T17:20:00+00:00,393.80999999999966,395.08999999999963,393.75999999999965,394.93999999999966,802
2026-04-16T17:25:00+00:00,394.93999999999966,395.1699999999996,394.37999999999965,394.49999999999966,824
2026-04-16T17:30:00+00:00,394.49999999999966,394.94999999999965,394.1699999999996,394.3599999999996,770
2026-04-16T17:35:00+00:00,394.3599999999996,394.3599999999996,393.26999999999964,393.86999999999966,805
2026-04-16T17:40:00+00:00,393.86999999999966,394.4799999999996,393.86999999999966,394.4799999999996,640
2026-04-16T17:45:00+00:00,394.4799999999996,394.7299999999996,393.95999999999964,394.64999999999964,607
2026-04-16T17:50:00+00:00,394.64999999999964,394.69999999999965,394.19999999999965,394.3499999999996,508
2026-04-16T17:55:00+00:00,394.3499999999996,394.3499999999996,393.31999999999965,393.92999999999967,1326
2026-04-16T18:00:00+00:00,393.92999999999967,394.7899999999996,393.61999999999966,393.89999999999964,1376
2026-04-16T18:05:00+00:00,393.89999999999964,394.21999999999963,392.71999999999963,392.96999999999963,988
2026-04-16T18:10:00+00:00,392.96999999999963,393.44999999999965,392.71999999999963,393.20999999999964,1039
2026-04-16T18:15:00+00:00,393.20999999999964,393.38999999999965,392.21999999999963,392.23999999999967,858
2026-04-16T18:20:00+00:00,392.23999999999967,392.46999999999963,391.1599999999996,391.23999999999967,1029
2026-04-16T18:25:00+00:00,391.23999999999967,391.8599999999996,391.1599999999996,391.82999999999964,988
2026-04-16T18:30:00+00:00,391.82999999999964,393.1699999999996,391.80999999999966,392.88999999999965,1105
2026-04-16T18:35:00+00:00,392.88999999999965,393.63999999999965,392.57999999999964,393.36999999999966,824
2026-04-16T18:40:00+00:00,393.36999999999966,394.1099999999996,393.36999999999966,393.70999999999964,759
2026-04-16T18:45:00+00:00,393.70999999999964,393.9099999999996,392.96999999999963,393.2299999999996,707
2026-04-16T18:50:00+00:00,393.2299999999996,393.6699999999996,392.9099999999996,393.44999999999965,752
2026-04-16T18:55:00+00:00,393.44999999999965,394.01999999999964,393.36999999999966,393.93999999999966,638
2026-04-16T19:00:00+00:00,393.93999999999966,394.48999999999967,393.7299999999996,393.8499999999996,1201
2026-04-16T19:05:00+00:00,393.8499999999996,394.21999999999963,393.71999999999963,394.04999999999967,891
2026-04-16T19:10:00+00:00,394.04999999999967,394.14999999999964,393.45999999999964,393.70999999999964,1073
2026-04-16T19:15:00+00:00,393.70999999999964,394.0999999999996,393.68999999999966,393.86999999999966,767
2026-04-16T19:20:00+00:00,393.86999999999966,393.9099999999996,393.0999999999996,393.62999999999965,929
2026-04-16T19:25:00+00:00,393.62999999999965,393.76999999999964,393.20999999999964,393.31999999999965,829
2026-04-16T19:30:00+00:00,393.31999999999965,394.06999999999965,393.14999999999964,393.9099999999996,1007
2026-04-16T19:35:00+00:00,393.9099999999996,394.95999999999964,393.8599999999996,394.94999999999965,1104
2026-04-16T19:40:00+00:00,394.94999999999965,395.70999999999964,394.8599999999996,395.26999999999964,1132
2026-04-16T19:45:00+00:00,395.26999999999964,395.64999999999964,395.0999999999996,395.46999999999963,1030
2026-04-16T19:50:00+00:00,395.46999999999963,395.77999999999963,394.86999999999966,395.27999999999963,1361
2026-04-16T19:55:00+00:00,395.27999999999963,395.62999999999965,394.51999999999964,394.68999999999966,1521
2026-04-17T13:30:00+00:00,394.68999999999966,404.83999999999963,394.68999999999966,398.6599999999996,2065
2026-04-17T13:35:00+00:00,398.6599999999996,400.69999999999965,398.1599999999996,399.7899999999996,1887
2026-04-17T13:40:00+00:00,399.7899999999996,402.08999999999963,399.38999999999965,400.86999999999966,1860
2026-04-17T13:45:00+00:00,400.86999999999966,404.00999999999965,400.06999999999965,401.55999999999966,2077
2026-04-17T13:50:00+00:00,401.55999999999966,402.96999999999963,400.55999999999966,401.06999999999965,1810
2026-04-17T13:55:00+00:00,401.06999999999965,401.1599999999996,398.80999999999966,399.83999999999963,1728
2026-04-17T14:00:00+00:00,399.83999999999963,400.94999999999965,398.88999999999965,399.87999999999965,1519
2026-04-17T14:05:00+00:00,399.87999999999965,400.70999999999964,398.75999999999965,400.70999999999964,1314
2026-04-17T14:10:00+00:00,400.70999999999964,401.96999999999963,400.0399999999996,401.89999999999964,1566
2026-04-17T14:15:00+00:00,401.89999999999964,402.4199999999996,400.86999999999966,401.23999999999967,1571
2026-04-17T14:20:00+00:00,401.23999999999967,402.0399999999996,400.08999999999963,401.8499999999996,1631
2026-04-17T14:25:00+00:00,401.8499999999996,402.64999999999964,401.56999999999965,402.43999999999966,1298
2026-04-17T14:30:00+00:00,402.43999999999966,404.82999999999964,402.38999999999965,404.6099999999996,1582
2026-04-17T14:35:00+00:00,404.6099999999996,406.32999999999964,403.32999999999964,406.30999999999966,1904
2026-04-17T14:40:00+00:00,406.30999999999966,408.4099999999996,406.26999999999964,407.30999999999966,1892
2026-04-17T14:45:00+00:00,407.30999999999966,408.89999999999964,405.9799999999996,408.79999999999967,1712
2026-04-17T14:50:00+00:00,408.79999999999967,411.9799999999996,407.80999999999966,411.7299999999996,1926
2026-04-17T14:55:00+00:00,411.7299999999996,413.0199999999997,410.18999999999966,412.5999999999997,2073.433174587091
2026-04-17T15:00:00+00:00,412.5999999999997,414.36999999999966,410.4599999999997,411.31999999999965,2278
2026-04-17T15:05:00+00:00,411.31999999999965,411.62999999999965,410.5399999999997,411.4799999999997,1701
2026-04-17T15:10:00+00:00,411.4799999999997,412.2699999999997,410.6699999999997,411.06999999999965,1871
2026-04-17T15:15:00+00:00,411.06999999999965,412.6599999999997,410.86999999999966,411.55999999999966,1593
2026-04-17T15:20:00+00:00,411.55999999999966,412.94999999999965,411.1399999999997,412.56999999999965,1557
2026-04-17T15:25:00+00:00,412.56999999999965,415.5899999999997,412.5199999999997,414.3899999999997,1728
2026-04-17T15:30:00+00:00,414.3899999999997,415.3499999999997,413.8999999999997,414.6499999999997,1670
2026-04-17T15:35:00+00:00,414.6499999999997,415.3599999999997,414.24999999999966,415.0299999999997,1370
2026-04-17T15:40:00+00:00,415.0299999999997,415.0299999999997,412.79999999999967,413.2099999999997,1638
2026-04-17T15:45:00+00:00,413.2099999999997,413.7899999999997,411.8299999999997,412.56999999999965,1490
2026-04-17T15:50:00+00:00,412.56999999999965,413.44999999999965,411.7699999999997,412.6099999999997,1546
2026-04-17T15:55:00+00:00,412.6099999999997,413.0399999999997,412.0999999999997,412.5299999999997,1272
2026-04-17T16:00:00+00:00,412.5299999999997,413.80999999999966,411.7799999999997,413.3899999999997,1435
2026-04-17T16:05:00+00:00,413.3899999999997,414.6499999999997,413.0999999999997,413.29999999999967,1310
2026-04-17T16:10:00+00:00,413.29999999999967,413.48999999999967,412.3599999999997,412.3599999999997,1225
2026-04-17T16:15:00+00:00,412.3599999999997,413.0199999999997,411.4799999999997,412.2099999999997,1219
2026-04-17T16:20:00+00:00,412.2099999999997,413.00999999999965,411.6399999999997,412.61999999999966,1054
2026-04-17T16:25:00+00:00,412.61999999999966,414.06999999999965,412.49999999999966,413.4099999999997,1030
2026-04-17T16:30:00+00:00,413.4099999999997,414.24999999999966,412.61999999999966,412.7199999999997,960
2026-04-17T16:35:00+00:00,412.7199999999997,412.99999999999966,411.8599999999997,411.87999999999965,882
2026-04-17T16:40:00+00:00,411.87999999999965,412.44999999999965,411.5899999999997,412.3499999999997,951
2026-04-17T16:45:00+00:00,412.3499999999997,413.36999999999966,412.24999999999966,412.9099999999997,892
2026-04-17T16:50:00+00:00,412.9099999999997,412.94999999999965,412.00999999999965,412.7799999999997,797
2026-04-17T16:55:00+00:00,412.7799999999997,412.9099999999997,412.0899999999997,412.2299999999997,737
2026-04-17T17:00:00+00:00,412.2299999999997,412.6399999999997,411.9599999999997,412.4799999999997,764
2026-04-17T17:05:00+00:00,412.4799999999997,413.0899999999997,410.99999999999966,411.67999999999967,1152
2026-04-17T17:10:00+00:00,411.67999999999967,411.74999999999966,410.75999999999965,411.1599999999997,1394
2026-04-17T17:15:00+00:00,411.1599999999997,411.3299999999997,409.5199999999997,409.7799999999997,1093
2026-04-17T17:20:00+00:00,409.7799999999997,409.8999999999997,407.8499999999997,408.17999999999967,1622
2026-04-17T17:25:00+00:00,408.17999999999967,408.6499999999997,406.86999999999966,407.7899999999997,2048
2026-04-17T17:30:00+00:00,407.7899999999997,408.9699999999997,407.69999999999965,407.75999999999965,1512
2026-04-17T17:35:00+00:00,407.75999999999965,408.7699999999997,407.36999999999966,408.24999999999966,1280
2026-04-17T17:40:00+00:00,408.24999999999966,408.3299999999997,407.3499999999997,407.6499999999997,1050
2026-04-17T17:45:00+00:00,407.6499999999997,408.3999999999997,407.5999999999997,407.9799999999997,1049
2026-04-17T17:50:00+00:00,407.9799999999997,408.74999999999966,407.79999999999967,408.4199999999997,928
2026-04-17T17:55:00+00:00,408.4199999999997,408.75999999999965,407.99999999999966,408.29999999999967,895
2026-04-17T18:00:00+00:00,408.29999999999967,408.5999999999997,406.5199999999997,406.79999999999967,1153
2026-04-17T18:05:00+00:00,406.79999999999967,407.05999999999966,405.99999999999966,406.4099999999997,1144
2026-04-17T18:10:00+00:00,406.4099999999997,406.6499999999997,405.74999999999966,406.1499999999997,940
2026-04-17T18:15:00+00:00,406.1499999999997,407.42999999999967,405.99999999999966,407.0799999999997,943
2026-04-17T18:20:00+00:00,407.0799999999997,407.2199999999997,406.24999999999966,406.9199999999997,1105
2026-04-17T18:25:00+00:00,406.9199999999997,407.6699999999997,406.4199999999997,406.93999999999966,1220
2026-04-17T18:30:00+00:00,406.93999999999966,407.48999999999967,406.56999999999965,407.2699999999997,954
2026-04-17T18:35:00+00:00,407.2699999999997,408.0899999999997,407.0999999999997,407.81999999999965,802
2026-04-17T18:40:00+00:00,407.81999999999965,408.4199999999997,407.50999999999965,408.3599999999997,869
2026-04-17T18:45:00+00:00,408.3599999999997,409.3599999999997,408.1499999999997,408.6699999999997,1033
2026-04-17T18:50:00+00:00,408.6699999999997,408.9199999999997,407.49999999999966,407.92999999999967,1090
2026-04-17T18:55:00+00:00,407.92999999999967,408.62999999999965,407.62999999999965,407.6599999999997,1054
2026-04-17T19:00:00+00:00,407.6599999999997,408.42999999999967,407.4599999999997,407.92999999999967,1251
2026-04-17T19:05:00+00:00,407.92999999999967,407.92999999999967,407.0199999999997,407.73999999999967,1367
2026-04-17T19:10:00+00:00,407.73999999999967,407.79999999999967,406.7299999999997,407.5899999999997,1315
2026-04-17T19:15:00+00:00,407.5899999999997,408.56999999999965,407.42999999999967,408.56999999999965,1311
2026-04-17T19:20:00+00:00,408.56999999999965,408.7299999999997,407.5999999999997,408.1599999999997,1202
2026-04-17T19:25:00+00:00,408.1599999999997,408.69999999999965,407.87999999999965,408.1099999999997,1234
2026-04-17T19:30:00+00:00,408.1099999999997,408.8899999999997,407.8299999999997,408.5899999999997,1376
2026-04-17T19:35:00+00:00,408.5899999999997,408.8999999999997,408.11999999999966,408.50999999999965,1278
2026-04-17T19:40:00+00:00,408.50999999999965,408.6599999999997,407.44999999999965,407.50999999999965,1502
2026-04-17T19:45:00+00:00,407.50999999999965,407.5899999999997,406.5999999999997,407.19999999999965,1706
2026-04-17T19:50:00+00:00,407.19999999999965,407.29999999999967,406.1399999999997,407.0799999999997,1585
2026-04-17T19:55:00+00:00,407.0799999999997,407.2099999999997,406.29999999999967,407.17999999999967,1414
2026-04-20T13:30:00+00:00,407.17999999999967,412.8299999999997,407.17999999999967,411.04999999999967,2555
2026-04-20T13:35:00+00:00,411.04999999999967,411.80999999999966,405.5399999999997,405.8599999999997,2570
2026-04-20T13:40:00+00:00,405.8599999999997,406.05999999999966,401.6699999999997,401.8399999999997,2551
2026-04-20T13:45:00+00:00,401.8399999999997,403.1699999999997,400.2099999999997,400.7299999999997,2769
2026-04-20T13:50:00+00:00,400.7299999999997,402.7199999999997,400.0199999999997,402.6699999999997,2285
2026-04-20T13:55:00+00:00,402.6699999999997,402.9799999999997,401.0299999999997,402.0399999999997,2062
2026-04-20T14:00:00+00:00,402.0399999999997,402.92999999999967,400.62999999999965,401.0899999999997,1951
2026-04-20T14:05:00+00:00,401.0899999999997,402.12999999999965,400.79999999999967,402.0199999999997,1598
2026-04-20T14:10:00+00:00,402.0199999999997,402.3499999999997,398.61999999999966,399.61999999999966,2140
2026-04-20T14:15:00+00:00,399.61999999999966,399.73999999999967,398.6099999999997,399.29999999999967,1662
2026-04-20T14:20:00+00:00,399.29999999999967,400.9599999999997,398.3399999999997,400.5999999999997,1656
2026-04-20T14:25:00+00:00,400.5999999999997,401.1599999999997,398.8299999999997,399.25999999999965,1715
2026-04-20T14:30:00+00:00,399.25999999999965,399.9599999999997,398.1399999999997,399.5399999999997,1634
2026-04-20T14:35:00+00:00,399.5399999999997,401.0899999999997,399.25999999999965,400.24999999999966,1494
2026-04-20T14:40:00+00:00,400.24999999999966,400.4599999999997,398.11999999999966,398.8899999999997,1588
2026-04-20T14:45:00+00:00,398.8899999999997,399.6699999999997,398.37999999999965,399.1699999999997,1341
2026-04-20T14:50:00+00:00,399.1699999999997,399.3299999999997,396.7099999999997,397.7899999999997,1730
2026-04-20T14:55:00+00:00,397.7899999999997,397.7899999999997,396.37999999999965,396.6699999999997,1485
2026-04-20T15:00:00+00:00,396.6699999999997,397.6399999999997,395.92999999999967,396.30999999999966,1498
2026-04-20T15:05:00+00:00,396.30999999999966,396.7799999999997,394.62999999999965,396.00999999999965,1707
2026-04-20T15:10:00+00:00,396.00999999999965,397.3499999999997,395.92999999999967,397.29999999999967,1479
2026-04-20T15:15:00+00:00,397.29999999999967,398.3599999999997,396.81999999999965,397.9099999999997,1515
2026-04-20T15:20:00+00:00,397.9099999999997,399.2099999999997,397.44999999999965,398.6699999999997,1828
2026-04-20T15:25:00+00:00,398.6699999999997,399.6099999999997,398.29999999999967,399.49999999999966,1376
2026-04-20T15:30:00+00:00,399.49999999999966,399.49999999999966,397.7899999999997,397.8999999999997,1427
2026-04-20T15:35:00+00:00,397.8999999999997,398.5199999999997,397.30999999999966,397.69999999999965,1141
2026-04-20T15:40:00+00:00,397.69999999999965,398.12999999999965,397.00999999999965,397.2299999999997,1116
2026-04-20T15:45:00+00:00,397.2299999999997,397.5399999999997,396.7099999999997,396.9199999999997,1116
2026-04-20T15:50:00+00:00,396.9199999999997,397.3499999999997,396.5999999999997,397.0999999999997,965
2026-04-20T15:55:00+00:00,397.0999999999997,397.6399999999997,396.61999999999966,396.9599999999997,910
2026-04-20T16:00:00+00:00,396.9599999999997,397.37999999999965,396.6399999999997,397.0999999999997,936
2026-04-20T16:05:00+00:00,397.0999999999997,398.3899999999997,397.0399999999997,397.93999999999966,1027
2026-04-20T16:10:00+00:00,397.93999999999966,399.2699999999997,397.9199999999997,398.5299999999997,1223
2026-04-20T16:15:00+00:00,398.5299999999997,399.17999999999967,397.99999999999966,399.06999999999965,1055
2026-04-20T16:20:00+00:00,399.06999999999965,399.5199999999997,398.4199999999997,398.4799999999997,990
2026-04-20T16:25:00+00:00,398.4799999999997,398.99999999999966,398.1099999999997,398.6599999999997,1013
2026-04-20T16:30:00+00:00,398.6599999999997,399.3899999999997,398.6599999999997,398.9599999999997,980
2026-04-20T16:35:00+00:00,398.9599999999997,399.05999999999966,398.3299999999997,398.5199999999997,868
2026-04-20T16:40:00+00:00,398.5199999999997,399.0999999999997,398.29999999999967,398.74999999999966,877
2026-04-20T16:45:00+00:00,398.74999999999966,399.11999999999966,398.1599999999997,398.3499999999997,858
2026-04-20T16:50:00+00:00,398.3499999999997,398.86999999999966,398.1599999999997,398.49999999999966,667
2026-04-20T16:55:00+00:00,398.49999999999966,398.49999999999966,397.1499999999997,397.3399999999997,827
2026-04-20T17:00:00+00:00,397.3399999999997,397.8499999999997,397.06999999999965,397.3599999999997,1035
2026-04-20T17:05:00+00:00,397.3599999999997,398.0199999999997,397.0999999999997,397.6699999999997,901
2026-04-20T17:10:00+00:00,397.6699999999997,398.3399999999997,397.44999999999965,398.1399999999997,791
2026-04-20T17:15:00+00:00,398.1399999999997,398.69999999999965,397.49999999999966,398.43999999999966,823
2026-04-20T17:20:00+00:00,398.43999999999966,398.74999999999966,398.0899999999997,398.4599999999997,817
2026-04-20T17:25:00+00:00,398.4599999999997,398.67999999999967,398.0999999999997,398.2199999999997,757
2026-04-20T17:30:00+00:00,398.2199999999997,398.5999999999997,397.9599999999997,398.3299999999997,708
2026-04-20T17:35:00+00:00,398.3299999999997,399.2199999999997,398.31999999999965,398.9699999999997,889
2026-04-20T17:40:00+00:00,398.9699999999997,399.4699999999997,398.61999999999966,398.8999999999997,961
2026-04-20T17:45:00+00:00,398.8999999999997,399.5299999999997,398.75999999999965,399.2699999999997,780
2026-04-20T17:50:00+00:00,399.2699999999997,399.31999999999965,398.8599999999997,398.93999999999966,791
2026-04-20T17:55:00+00:00,398.93999999999966,398.93999999999966,398.19999999999965,398.3599999999997,785
2026-04-20T18:00:00+00:00,398.3599999999997,399.0899999999997,398.2799999999997,398.86999999999966,887
2026-04-20T18:05:00+00:00,398.86999999999966,399.37999999999965,398.7199999999997,399.18999999999966,832
2026-04-20T18:10:00+00:00,399.18999999999966,399.24999999999966,398.2899999999997,398.98999999999967,836
2026-04-20T18:15:00+00:00,398.98999999999967,399.61999999999966,398.9599999999997,399.49999999999966,824
2026-04-20T18:20:00+00:00,399.49999999999966,399.49999999999966,398.86999999999966,399.11999999999966,877
2026-04-20T18:25:00+00:00,399.11999999999966,399.3499999999997,398.7799999999997,399.12999999999965,829
2026-04-20T18:30:00+00:00,399.12999999999965,399.3299999999997,398.54999999999967,399.1699999999997,815
2026-04-20T18:35:00+00:00,399.1699999999997,399.25999999999965,397.9699999999997,398.1099999999997,796
2026-04-20T18:40:00+00:00,398.1099999999997,398.5899999999997,398.05999999999966,398.24999999999966,796
2026-04-20T18:45:00+00:00,398.24999999999966,398.36999999999966,397.69999999999965,398.05999999999966,771
2026-04-20T18:50:00+00:00,398.05999999999966,398.62999999999965,398.0199999999997,398.5799999999997,711
2026-04-20T18:55:00+00:00,398.5799999999997,398.87999999999965,398.1499999999997,398.1499999999997,728
2026-04-20T19:00:00+00:00,398.1499999999997,398.54999999999967,397.2199999999997,397.56999999999965,833
2026-04-20T19:05:00+00:00,397.56999999999965,397.5999999999997,396.75999999999965,397.2899999999997,875
2026-04-20T19:10:00+00:00,397.2899999999997,398.00999999999965,397.1599999999997,397.73999999999967,928
2026-04-20T19:15:00+00:00,397.73999999999967,398.23999999999967,397.4199999999997,398.0199999999997,767
2026-04-20T19:20:00+00:00,398.0199999999997,398.56999999999965,397.81999999999965,398.3899999999997,802
2026-04-20T19:25:00+00:00,398.3899999999997,398.5799999999997,397.99999999999966,398.5299999999997,754
2026-04-20T19:30:00+00:00,398.5299999999997,399.49999999999966,398.4699999999997,398.98999999999967,1118
2026-04-20T19:35:00+00:00,398.98999999999967,399.68999999999966,398.9599999999997,399.61999999999966,906
2026-04-20T19:40:00+00:00,399.61999999999966,399.81999999999965,398.8999999999997,399.1599999999997,955
2026-04-20T19:45:00+00:00,399.1599999999997,399.6499999999997,398.8999999999997,399.1499999999997,804
2026-04-20T19:50:00+00:00,399.1499999999997,399.7099999999997,398.9699999999997,399.18999999999966,996
2026-04-20T19:55:00+00:00,399.18999999999966,399.3999999999997,398.29999999999967,398.79999999999967,1659
2026-04-21T13:30:00+00:00,398.79999999999967,399.36999999999966,395.36999999999966,396.9099999999997,1753
2026-04-21T13:35:00+00:00,396.9099999999997,397.7899999999997,396.0999999999997,396.56999999999965,1740
2026-04-21T13:40:00+00:00,396.56999999999965,398.92999999999967,396.56999999999965,397.94999999999965,1791
2026-04-21T13:45:00+00:00,397.94999999999965,399.1499999999997,397.49999999999966,397.92999999999967,1808
2026-04-21T13:50:00+00:00,397.92999999999967,398.56999999999965,396.6699999999997,396.9099999999997,1362
2026-04-21T13:55:00+00:00,396.9099999999997,398.6599999999997,396.9099999999997,398.6599999999997,1074
2026-04-21T14:00:00+00:00,398.6599999999997,399.05999999999966,397.94999999999965,398.1499999999997,1094
2026-04-21T14:05:00+00:00,398.1499999999997,399.3399999999997,398.0999999999997,398.92999999999967,1002
2026-04-21T14:10:00+00:00,398.92999999999967,399.69999999999965,398.4799999999997,399.0999999999997,1011
2026-04-21T14:15:00+00:00,399.0999999999997,400.24999999999966,397.3999999999997,397.56999999999965,1193
2026-04-21T14:20:00+00:00,397.56999999999965,398.0399999999997,396.8999999999997,397.6099999999997,1156
2026-04-21T14:25:00+00:00,397.6099999999997,398.87999999999965,397.4199999999997,398.4599999999997,991
2026-04-21T14:30:00+00:00,398.4599999999997,399.44999999999965,398.3599999999997,398.9799999999997,1023
2026-04-21T14:35:00+00:00,398.9799999999997,399.2899999999997,397.74999999999966,397.75999999999965,949
2026-04-21T14:40:00+00:00,397.75999999999965,398.86999999999966,397.37999999999965,398.0799999999997,971
2026-04-21T14:45:00+00:00,398.0799999999997,398.2699999999997,396.99999999999966,397.2699999999997,993
2026-04-21T14:50:00+00:00,397.2699999999997,398.49999999999966,396.7799999999997,398.0999999999997,881
2026-04-21T14:55:00+00:00,398.0999999999997,398.11999999999966,396.04999999999967,396.6099999999997,1178
2026-04-21T15:00:00+00:00,396.6099999999997,397.17999999999967,394.67999999999967,394.9199999999997,1551
2026-04-21T15:05:00+00:00,394.9199999999997,396.3899999999997,393.9699999999997,396.1699999999997,1574
2026-04-21T15:10:00+00:00,396.1699999999997,397.9699999999997,396.1699999999997,397.5199999999997,1235
2026-04-21T15:15:00+00:00,397.5199999999997,398.80999999999966,397.17999999999967,398.6099999999997,1081
2026-04-21T15:20:00+00:00,398.6099999999997,398.8599999999997,397.55999999999966,397.69999999999965,985
2026-04-21T15:25:00+00:00,397.69999999999965,397.74999999999966,396.29999999999967,396.7799999999997,1088
2026-04-21T15:30:00+00:00,396.7799999999997,397.56999999999965,396.54999999999967,396.80999999999966,977
2026-04-21T15:35:00+00:00,396.80999999999966,396.8399999999997,395.3899999999997,396.5899999999997,1070
2026-04-21T15:40:00+00:00,396.5899999999997,396.74999999999966,396.05999999999966,396.4199999999997,770
2026-04-21T15:45:00+00:00,396.4199999999997,397.18999999999966,396.30999999999966,396.4099999999997,816
2026-04-21T15:50:00+00:00,396.4099999999997,396.42999999999967,395.17999999999967,395.3599999999997,875
2026-04-21T15:55:00+00:00,395.3599999999997,396.0899999999997,395.30999999999966,395.94999999999965,861
2026-04-21T16:00:00+00:00,395.94999999999965,396.75999999999965,395.61999999999966,395.7099999999997,1027
2026-04-21T16:05:00+00:00,395.7099999999997,396.5799999999997,395.6399999999997,396.43999999999966,712
2026-04-21T16:10:00+00:00,396.43999999999966,396.43999999999966,395.68999999999966,396.0799999999997,737
2026-04-21T16:15:00+00:00,396.0799999999997,396.3499999999997,395.74999999999966,395.74999999999966,552
2026-04-21T16:20:00+00:00,395.74999999999966,395.7699999999997,394.8299999999997,394.9099999999997,733
2026-04-21T16:25:00+00:00,394.9099999999997,395.0399999999997,394.30999999999966,394.5799999999997,680
2026-04-21T16:30:00+00:00,394.5799999999997,395.3999999999997,394.5799999999997,395.3499999999997,740
2026-04-21T16:35:00+00:00,395.3499999999997,395.79999999999967,394.69999999999965,395.0199999999997,774
2026-04-21T16:40:00+00:00,395.0199999999997,395.29999999999967,393.6699999999997,394.06999999999965,810
2026-04-21T16:45:00+00:00,394.06999999999965,395.4799999999997,394.04999999999967,395.36999999999966,782
2026-04-21T16:50:00+00:00,395.36999999999966,395.5799999999997,394.81999999999965,394.94999999999965,709
2026-04-21T16:55:00+00:00,394.94999999999965,395.0399999999997,394.12999999999965,394.2899999999997,690
2026-04-21T17:00:00+00:00,394.2899999999997,395.4199999999997,394.2799999999997,395.24999999999966,775
2026-04-21T17:05:00+00:00,395.24999999999966,395.24999999999966,393.25999999999965,394.05999999999966,1202
2026-04-21T17:10:00+00:00,394.05999999999966,394.0799999999997,392.62999999999965,393.31999999999965,1137
2026-04-21T17:15:00+00:00,393.31999999999965,393.4699999999997,391.8399999999997,391.98999999999967,1063
2026-04-21T17:20:00+00:00,391.98999999999967,392.3499999999997,391.5199999999997,392.0399999999997,1014
2026-04-21T17:25:00+00:00,392.0399999999997,392.69999999999965,391.62999999999965,392.1099999999997,985
2026-04-21T17:30:00+00:00,392.1099999999997,393.0299999999997,392.1099999999997,392.75999999999965,958
2026-04-21T17:35:00+00:00,392.75999999999965,394.1499999999997,392.54999999999967,393.7099999999997,1015
2026-04-21T17:40:00+00:00,393.7099999999997,395.1499999999997,393.5299999999997,394.5199999999997,1199
2026-04-21T17:45:00+00:00,394.5199999999997,394.7799999999997,394.1099999999997,394.6699999999997,850
2026-04-21T17:50:00+00:00,394.6699999999997,395.11999999999966,394.11999999999966,394.30999999999966,815
2026-04-21T17:55:00+00:00,394.30999999999966,394.7799999999997,393.8299999999997,394.5999999999997,650
2026-04-21T18:00:00+00:00,394.5999999999997,395.6099999999997,394.5999999999997,394.73999999999967,746
2026-04-21T18:05:00+00:00,394.73999999999967,395.56999999999965,394.4199999999997,395.2699999999997,687
2026-04-21T18:10:00+00:00,395.2699999999997,395.81999999999965,395.0799999999997,395.7099999999997,686
2026-04-21T18:15:00+00:00,395.7099999999997,396.3899999999997,394.5399999999997,395.05999999999966,894
2026-04-21T18:20:00+00:00,395.05999999999966,395.8599999999997,394.9799999999997,395.61999999999966,598
2026-04-21T18:25:00+00:00,395.61999999999966,395.92999999999967,395.0999999999997,395.24999999999966,571
2026-04-21T18:30:00+00:00,395.24999999999966,396.05999999999966,395.1699999999997,395.8999999999997,560
2026-04-21T18:35:00+00:00,395.8999999999997,395.9099999999997,394.8399999999997,395.2199999999997,587
2026-04-21T18:40:00+00:00,395.2199999999997,395.5899999999997,394.9099999999997,395.0199999999997,574
2026-04-21T18:45:00+00:00,395.0199999999997,395.1499999999997,394.36999999999966,394.3899999999997,591
2026-04-21T18:50:00+00:00,394.3899999999997,395.74999999999966,394.1099999999997,395.4799999999997,784
2026-04-21T18:55:00+00:00,395.4799999999997,395.9799999999997,394.81999999999965,394.94999999999965,946
2026-04-21T19:00:00+00:00,394.94999999999965,395.6099999999997,394.9199999999997,395.3999999999997,650
2026-04-21T19:05:00+00:00,395.3999999999997,395.5999999999997,395.0299999999997,395.2799999999997,559
2026-04-21T19:10:00+00:00,395.2799999999997,396.2699999999997,394.8299999999997,395.2199999999997,783
2026-04-21T19:15:00+00:00,395.2199999999997,395.98999999999967,394.61999999999966,395.8499999999997,683
2026-04-21T19:20:00+00:00,395.8499999999997,396.8499999999997,395.81999999999965,396.3299999999997,748
2026-04-21T19:25:00+00:00,396.3299999999997,396.67999999999967,396.04999999999967,396.3599999999997,534
2026-04-21T19:30:00+00:00,396.3599999999997,396.5999999999997,395.8499999999997,395.9099999999997,650
2026-04-21T19:35:00+00:00,395.9099999999997,395.9099999999997,394.4199999999997,395.1599999999997,963
2026-04-21T19:40:00+00:00,395.1599999999997,395.48999999999967,392.0999999999997,392.3999999999997,1516
2026-04-21T19:45:00+00:00,392.3999999999997,393.36999999999966,392.0999999999997,393.0799999999997,1143
2026-04-21T19:50:00+00:00,393.0799999999997,393.55999999999966,392.30999999999966,392.98999999999967,1235
2026-04-21T19:55:00+00:00,392.98999999999967,393.5199999999997,392.29999999999967,392.87999999999965,1277
2026-04-22T13:30:00+00:00,392.87999999999965,396.1499999999997,391.5799999999997,394.25999999999965,1196
2026-04-22T13:35:00+00:00,394.25999999999965,395.42999999999967,393.30999999999966,394.80999999999966,1248
2026-04-22T13:40:00+00:00,394.80999999999966,397.17999999999967,394.56999999999965,396.8299999999997,1234
2026-04-22T13:45:00+00:00,396.8299999999997,396.8299999999997,394.8999999999997,395.61999999999966,1066
2026-04-22T13:50:00+00:00,395.61999999999966,398.7899999999997,395.1399999999997,398.6699999999997,1178
2026-04-22T13:55:00+00:00,398.6699999999997,398.67999999999967,396.86999999999966,397.1499999999997,995
2026-04-22T14:00:00+00:00,397.1499999999997,398.2099999999997,396.7699999999997,397.42999999999967,935
2026-04-22T14:05:00+00:00,397.42999999999967,398.4699999999997,396.7699999999997,398.1099999999997,822
2026-04-22T14:10:00+00:00,398.1099999999997,398.6099999999997,397.0999999999997,398.3599999999997,806
2026-04-22T14:15:00+00:00,398.3599999999997,398.92999999999967,398.00999999999965,398.3599999999997,759
2026-04-22T14:20:00+00:00,398.3599999999997,398.49999999999966,397.31999999999965,397.75999999999965,763
2026-04-22T14:25:00+00:00,397.75999999999965,399.00999999999965,397.75999999999965,398.99999999999966,763
2026-04-22T14:30:00+00:00,398.99999999999966,399.2799999999997,397.49999999999966,398.0199999999997,831
2026-04-22T14:35:00+00:00,398.0199999999997,398.05999999999966,396.99999999999966,397.75999999999965,685
2026-04-22T14:40:00+00:00,397.75999999999965,398.29999999999967,396.80999999999966,396.94999999999965,696
2026-04-22T14:45:00+00:00,396.94999999999965,396.94999999999965,396.29999999999967,396.8899999999997,678
2026-04-22T14:50:00+00:00,396.8899999999997,397.4699999999997,396.5999999999997,397.3999999999997,745
2026-04-22T14:55:00+00:00,397.3999999999997,397.79999999999967,396.9099999999997,397.5899999999997,665.4796173992257
2026-04-22T15:00:00+00:00,397.5899999999997,397.7399999999997,396.34999999999974,396.6999999999997,674
2026-04-22T15:05:00+00:00,396.6999999999997,397.8799999999997,396.09999999999974,397.5899999999997,764
2026-04-22T15:10:00+00:00,397.5899999999997,398.0899999999997,397.1499999999997,397.3699999999997,584
2026-04-22T15:15:00+00:00,397.3699999999997,397.6399999999997,396.7599999999997,397.09999999999974,549
2026-04-22T15:20:00+00:00,397.09999999999974,397.1799999999997,396.5299999999997,396.78999999999974,543
2026-04-22T15:25:00+00:00,396.78999999999974,396.91999999999973,395.41999999999973,395.90999999999974,692
2026-04-22T15:30:00+00:00,395.90999999999974,397.15999999999974,395.8999999999997,396.6999999999997,679
2026-04-22T15:35:00+00:00,396.6999999999997,397.0799999999997,396.5299999999997,396.72999999999973,483
2026-04-22T15:40:00+00:00,396.72999999999973,397.3099999999997,396.2599999999997,396.6399999999997,560
2026-04-22T15:45:00+00:00,396.6399999999997,397.3799999999997,396.6199999999997,397.0799999999997,533
2026-04-22T15:50:00+00:00,397.0799999999997,397.0799999999997,396.3399999999997,396.8299999999997,482
2026-04-22T15:55:00+00:00,396.8299999999997,397.8199999999997,396.8299999999997,397.09999999999974,596
2026-04-22T16:00:00+00:00,397.09999999999974,397.3999999999997,396.7099999999997,397.3199999999997,538
2026-04-22T16:05:00+00:00,397.3199999999997,397.65999999999974,396.9899999999997,397.3199999999997,462
2026-04-22T16:10:00+00:00,397.3199999999997,397.4399999999997,396.2599999999997,396.91999999999973,573
2026-04-22T16:15:00+00:00,396.91999999999973,397.0199999999997,396.2699999999997,396.3199999999997,507
2026-04-22T16:20:00+00:00,396.3199999999997,396.4599999999997,396.0699999999997,396.1399999999997,542
2026-04-22T16:25:00+00:00,396.1399999999997,396.7499999999997,395.9899999999997,396.1299999999997,592
2026-04-22T16:30:00+00:00,396.1299999999997,396.59999999999974,395.7199999999997,396.22999999999973,634
2026-04-22T16:35:00+00:00,396.22999999999973,396.6299999999997,396.0199999999997,396.53999999999974,506
2026-04-22T16:40:00+00:00,396.53999999999974,396.8299999999997,395.9299999999997,396.1499999999997,637
2026-04-22T16:45:00+00:00,396.1499999999997,396.3199999999997,395.6199999999997,396.1499999999997,728
2026-04-22T16:50:00+00:00,396.1499999999997,396.1499999999997,395.1399999999997,395.5799999999997,723
2026-04-22T16:55:00+00:00,395.5799999999997,395.8199999999997,394.91999999999973,395.2199999999997,645
2026-04-22T17:00:00+00:00,395.2199999999997,395.85999999999973,394.9699999999997,395.6899999999997,729
2026-04-22T17:05:00+00:00,395.6899999999997,396.35999999999973,395.47999999999973,396.3399999999997,552
2026-04-22T17:10:00+00:00,396.3399999999997,396.9299999999997,396.28999999999974,396.5099999999997,720
2026-04-22T17:15:00+00:00,396.5099999999997,397.0099999999997,396.1299999999997,396.3799999999997,561
2026-04-22T17:20:00+00:00,396.3799999999997,397.1199999999997,396.3199999999997,396.7799999999997,645
2026-04-22T17:25:00+00:00,396.7799999999997,397.1199999999997,396.5699999999997,396.7599999999997,510
2026-04-22T17:30:00+00:00,396.7599999999997,397.0499999999997,396.22999999999973,396.2699999999997,587
2026-04-22T17:35:00+00:00,396.2699999999997,396.4399999999997,395.7999999999997,395.9399999999997,512
2026-04-22T17:40:00+00:00,395.9399999999997,395.97999999999973,395.4399999999997,395.8099999999997,542
2026-04-22T17:45:00+00:00,395.8099999999997,395.9499999999997,395.1299999999997,395.7599999999997,607
2026-04-22T17:50:00+00:00,395.7599999999997,395.9299999999997,395.3699999999997,395.40999999999974,480
2026-04-22T17:55:00+00:00,395.40999999999974,395.6899999999997,395.1199999999997,395.35999999999973,495
2026-04-22T18:00:00+00:00,395.35999999999973,395.47999999999973,395.1299999999997,395.34999999999974,503
2026-04-22T18:05:00+00:00,395.34999999999974,395.6799999999997,395.1399999999997,395.3299999999997,439
2026-04-22T18:10:00+00:00,395.3299999999997,395.6799999999997,395.28999999999974,395.59999999999974,416
2026-04-22T18:15:00+00:00,395.59999999999974,395.8699999999997,395.28999999999974,395.4699999999997,545
2026-04-22T18:20:00+00:00,395.4699999999997,395.4899999999997,394.6499999999997,395.0499999999997,569
2026-04-22T18:25:00+00:00,395.0499999999997,395.3399999999997,394.6499999999997,394.72999999999973,459
2026-04-22T18:30:00+00:00,394.72999999999973,395.28999999999974,394.60999999999973,394.84999999999974,530
2026-04-22T18:35:00+00:00,394.84999999999974,394.9399999999997,394.53999999999974,394.8899999999997,541
2026-04-22T18:40:00+00:00,394.8899999999997,395.1999999999997,394.78999999999974,394.9299999999997,400
2026-04-22T18:45:00+00:00,394.9299999999997,395.1299999999997,394.6799999999997,394.91999999999973,372
2026-04-22T18:50:00+00:00,394.91999999999973,395.34999999999974,394.6299999999997,394.6399999999997,472
2026-04-22T18:55:00+00:00,394.6399999999997,394.6499999999997,394.0599999999997,394.28999999999974,602
2026-04-22T19:00:00+00:00,394.28999999999974,394.3799999999997,393.6999999999997,394.0499999999997,651
2026-04-22T19:05:00+00:00,394.0499999999997,394.9299999999997,393.8199999999997,394.8899999999997,689
2026-04-22T19:10:00+00:00,394.8899999999997,395.0699999999997,394.5299999999997,394.7599999999997,581
2026-04-22T19:15:00+00:00,394.7599999999997,395.1899999999997,394.6199999999997,394.9699999999997,647
2026-04-22T19:20:00+00:00,394.9699999999997,395.91999999999973,394.9699999999997,395.5099999999997,782
2026-04-22T19:25:00+00:00,395.5099999999997,395.8699999999997,395.3899999999997,395.53999999999974,785
2026-04-22T19:30:00+00:00,395.53999999999974,396.0499999999997,395.2199999999997,395.2199999999997,801
2026-04-22T19:35:00+00:00,395.2199999999997,395.2999999999997,394.5599999999997,395.1499999999997,629
2026-04-22T19:40:00+00:00,395.1499999999997,395.4999999999997,394.35999999999973,394.40999999999974,720
2026-04-22T19:45:00+00:00,394.40999999999974,394.4599999999997,393.6999999999997,393.8799999999997,930
2026-04-22T19:50:00+00:00,393.8799999999997,394.7999999999997,393.22999999999973,394.0799999999997,1090
2026-04-22T19:55:00+00:00,394.0799999999997,394.2499999999997,393.1199999999997,393.9899999999997,1081
2026-04-23T13:30:00+00:00,393.9899999999997,393.9899999999997,377.4899999999997,385.41999999999973,2214
2026-04-23T13:35:00+00:00,385.41999999999973,390.34999999999974,385.0099999999997,389.84999999999974,2362
2026-04-23T13:40:00+00:00,389.84999999999974,391.4699999999997,384.9399999999997,385.9699999999997,2170
2026-04-23T13:45:00+00:00,385.9699999999997,389.22999999999973,384.3799999999997,385.7599999999997,1709
2026-04-23T13:50:00+00:00,385.7599999999997,385.78999999999974,382.3299999999997,382.97999999999973,1735
2026-04-23T13:55:00+00:00,382.97999999999973,383.34999999999974,378.2499999999997,378.6499999999997,1844
2026-04-23T14:00:00+00:00,378.6499999999997,381.8399999999997,378.03999999999974,380.9999999999997,1968
2026-04-23T14:05:00+00:00,380.9999999999997,381.72999999999973,380.3399999999997,381.22999999999973,1641
2026-04-23T14:10:00+00:00,381.22999999999973,381.5099999999997,376.84999999999974,377.0599999999997,1791
2026-04-23T14:15:00+00:00,377.0599999999997,378.1999999999997,375.7199999999997,375.8999999999997,2009
2026-04-23T14:20:00+00:00,375.8999999999997,376.8799999999997,375.3199999999997,376.8199999999997,1967
2026-04-23T14:25:00+00:00,376.8199999999997,377.0799999999997,374.6999999999997,375.3799999999997,1839
2026-04-23T14:30:00+00:00,375.3799999999997,378.1799999999997,375.03999999999974,378.0199999999997,1900
2026-04-23T14:35:00+00:00,378.0199999999997,379.35999999999973,377.9299999999997,379.0599999999997,1750
2026-04-23T14:40:00+00:00,379.0599999999997,379.97999999999973,377.72999999999973,379.9299999999997,1687
2026-04-23T14:45:00+00:00,379.9299999999997,381.2499999999997,379.8999999999997,380.5799999999997,1363
2026-04-23T14:50:00+00:00,380.5799999999997,381.22999999999973,379.9999999999997,380.8799999999997,1331
2026-04-23T14:55:00+00:00,380.8799999999997,382.8699999999997,380.5799999999997,382.3399999999997,1344
2026-04-23T15:00:00+00:00,382.3399999999997,383.0699999999997,381.7199999999997,382.59999999999974,1376
2026-04-23T15:05:00+00:00,382.59999999999974,383.0899999999997,382.0899999999997,382.9699999999997,1175
2026-04-23T15:10:00+00:00,382.9699999999997,383.59999999999974,382.3199999999997,382.5799999999997,1036
2026-04-23T15:15:00+00:00,382.5799999999997,383.1499999999997,381.66999999999973,383.1499999999997,1058
2026-04-23T15:20:00+00:00,383.1499999999997,384.9699999999997,382.5799999999997,384.1899999999997,1150
2026-04-23T15:25:00+00:00,384.1899999999997,384.59999999999974,383.4599999999997,383.7699999999997,1059
2026-04-23T15:30:00+00:00,383.7699999999997,384.2799999999997,383.3899999999997,383.9499999999997,1007
2026-04-23T15:35:00+00:00,383.9499999999997,384.4899999999997,383.1999999999997,384.35999999999973,958
2026-04-23T15:40:00+00:00,384.35999999999973,385.15999999999974,384.03999999999974,384.6799999999997,990
2026-04-23T15:45:00+00:00,384.6799999999997,385.4599999999997,384.0299999999997,384.8799999999997,1432
2026-04-23T15:50:00+00:00,384.8799999999997,386.0899999999997,384.4899999999997,385.5499999999997,1283
2026-04-23T15:55:00+00:00,385.5499999999997,387.2499999999997,385.3999999999997,387.09999999999974,1475
2026-04-23T16:00:00+00:00,387.09999999999974,387.2099999999997,385.6799999999997,385.6899999999997,1151
2026-04-23T16:05:00+00:00,385.6899999999997,386.1299999999997,383.1299999999997,383.1499999999997,1339
2026-04-23T16:10:00+00:00,383.1499999999997,385.3699999999997,383.0499999999997,385.2999999999997,1273
2026-04-23T16:15:00+00:00,385.2999999999997,386.1399999999997,385.0499999999997,385.5599999999997,891
2026-04-23T16:20:00+00:00,385.5599999999997,385.6199999999997,384.0299999999997,384.5799999999997,1012
2026-04-23T16:25:00+00:00,384.5799999999997,385.66999999999973,384.5699999999997,385.5499999999997,787
2026-04-23T16:30:00+00:00,385.5499999999997,387.1199999999997,385.2499999999997,386.9499999999997,853
2026-04-23T16:35:00+00:00,386.9499999999997,387.2199999999997,386.3199999999997,386.60999999999973,861
2026-04-23T16:40:00+00:00,386.60999999999973,386.7499999999997,384.1199999999997,384.1299999999997,1049
2026-04-23T16:45:00+00:00,384.1299999999997,384.3299999999997,383.1499999999997,383.4299999999997,918
2026-04-23T16:50:00+00:00,383.4299999999997,383.4399999999997,382.09999999999974,382.6899999999997,916
2026-04-23T16:55:00+00:00,382.6899999999997,383.8899999999997,382.5799999999997,383.09999999999974,1114
2026-04-23T17:00:00+00:00,383.09999999999974,383.3999999999997,380.97999999999973,381.28999999999974,1679
2026-04-23T17:05:00+00:00,381.28999999999974,382.3199999999997,380.5199999999997,380.65999999999974,1507
2026-04-23T17:10:00+00:00,380.65999999999974,380.9299999999997,379.9899999999997,380.5599999999997,1662
2026-04-23T17:15:00+00:00,380.5599999999997,380.5899999999997,378.7399999999997,379.1199999999997,1736
2026-04-23T17:20:00+00:00,379.1199999999997,379.41999999999973,378.6499999999997,378.85999999999973,1618
2026-04-23T17:25:00+00:00,378.85999999999973,379.8399999999997,378.3899999999997,379.1499999999997,1833
2026-04-23T17:30:00+00:00,379.1499999999997,380.7399999999997,378.6299999999997,380.7199999999997,1659
2026-04-23T17:35:00+00:00,380.7199999999997,381.10999999999973,378.8399999999997,378.9499999999997,1691
2026-04-23T17:40:00+00:00,378.9499999999997,378.9699999999997,377.1299999999997,377.3399999999997,1772
2026-04-23T17:45:00+00:00,377.3399999999997,378.1399999999997,376.0799999999997,377.8399999999997,2326
2026-04-23T17:50:00+00:00,377.8399999999997,380.60999999999973,377.0499999999997,379.8699999999997,2133
2026-04-23T17:55:00+00:00,379.8699999999997,380.60999999999973,378.8399999999997,379.8199999999997,1897
2026-04-23T18:00:00+00:00,379.8199999999997,381.2699999999997,379.6299999999997,380.5299999999997,1580
2026-04-23T18:05:00+00:00,380.5299999999997,380.8999999999997,379.8299999999997,380.3399999999997,1211
2026-04-23T18:10:00+00:00,380.3399999999997,381.2399999999997,380.16999999999973,380.4699999999997,1501
2026-04-23T18:15:00+00:00,380.4699999999997,380.5699999999997,379.40999999999974,379.8199999999997,1213
2026-04-23T18:20:00+00:00,379.8199999999997,380.5199999999997,379.6499999999997,380.0699999999997,1316
2026-04-23T18:25:00+00:00,380.0699999999997,380.47999999999973,379.6899999999997,380.3999999999997,911
2026-04-23T18:30:00+00:00,380.3999999999997,381.0899999999997,380.3699999999997,380.97999999999973,786
2026-04-23T18:35:00+00:00,380.97999999999973,381.41999999999973,380.7699999999997,380.90999999999974,793
2026-04-23T18:40:00+00:00,380.90999999999974,381.16999999999973,380.5199999999997,380.6899999999997,921
2026-04-23T18:45:00+00:00,380.6899999999997,380.7699999999997,379.03999999999974,379.03999999999974,976
2026-04-23T18:50:00+00:00,379.03999999999974,379.90999999999974,378.6799999999997,379.5899999999997,1112
2026-04-23T18:55:00+00:00,379.5899999999997,379.5899999999997,377.91999999999973,378.2399999999997,1147
2026-04-23T19:00:00+00:00,378.2399999999997,379.1899999999997,378.0799999999997,378.9599999999997,1489
2026-04-23T19:05:00+00:00,378.9599999999997,380.1799999999997,378.9599999999997,379.6499999999997,1459
2026-04-23T19:10:00+00:00,379.6499999999997,380.0899999999997,379.3899999999997,380.0299999999997,1348
2026-04-23T19:15:00+00:00,380.0299999999997,380.3899999999997,379.5799999999997,379.5899999999997,1358
2026-04-23T19:20:00+00:00,379.5899999999997,379.9299999999997,379.2399999999997,379.7199999999997,1150
2026-04-23T19:25:00+00:00,379.7199999999997,380.47999999999973,379.7199999999997,380.2599999999997,985
2026-04-23T19:30:00+00:00,380.2599999999997,380.5599999999997,379.2699999999997,379.3899999999997,1364
2026-04-23T19:35:00+00:00,379.3899999999997,379.53999999999974,378.6799999999997,379.22999999999973,1789
2026-04-23T19:40:00+00:00,379.22999999999973,379.3999999999997,378.65999999999974,378.8399999999997,1501
2026-04-23T19:45:00+00:00,378.8399999999997,380.4599999999997,378.8399999999997,380.4399999999997,1344
2026-04-23T19:50:00+00:00,380.4399999999997,380.4399999999997,378.9299999999997,379.8299999999997,1680
2026-04-23T19:55:00+00:00,379.8299999999997,380.5099999999997,379.5799999999997,379.91999999999973,1737
2026-04-24T13:30:00+00:00,379.91999999999973,383.7399999999997,376.9899999999997,383.1299999999997,1745
2026-04-24T13:35:00+00:00,383.1299999999997,388.3199999999997,383.0599999999997,386.4999999999997,1889
2026-04-24T13:40:00+00:00,386.4999999999997,386.65999999999974,384.4499999999997,385.9299999999997,1710
2026-04-24T13:45:00+00:00,385.9299999999997,388.8799999999997,385.53999999999974,388.5099999999997,1897
2026-04-24T13:50:00+00:00,388.5099999999997,388.9899999999997,385.0699999999997,385.5499999999997,1775
2026-04-24T13:55:00+00:00,385.5499999999997,385.5499999999997,381.28999999999974,381.28999999999974,1961
2026-04-24T14:00:00+00:00,381.28999999999974,381.53999999999974,378.9999999999997,379.0499999999997,1921
2026-04-24T14:05:00+00:00,379.0499999999997,381.5099999999997,378.5799999999997,381.1999999999997,2147
2026-04-24T14:10:00+00:00,381.1999999999997,382.6899999999997,380.78999999999974,381.3099999999997,1942
2026-04-24T14:15:00+00:00,381.3099999999997,382.2099999999997,380.8799999999997,382.0299999999997,1713
2026-04-24T14:20:00+00:00,382.0299999999997,383.16999999999973,381.72999999999973,382.4299999999997,1586
2026-04-24T14:25:00+00:00,382.4299999999997,382.6399999999997,379.3299999999997,379.7099999999997,1866
2026-04-24T14:30:00+00:00,379.7099999999997,380.6799999999997,378.78999999999974,379.4999999999997,1889
2026-04-24T14:35:00+00:00,379.4999999999997,380.8899999999997,378.7199999999997,380.7999999999997,1746
2026-04-24T14:40:00+00:00,380.7999999999997,381.8299999999997,380.5499999999997,381.72999999999973,1446
2026-04-24T14:45:00+00:00,381.72999999999973,382.16999999999973,380.2599999999997,381.2699999999997,1475
2026-04-24T14:50:00+00:00,381.2699999999997,382.6199999999997,380.7099999999997,382.5499999999997,1298
2026-04-24T14:55:00+00:00,382.5499999999997,383.7199999999997,382.2199999999997,382.94999999999965,1478.491434048161
2026-04-24T15:00:00+00:00,382.94999999999965,383.48999999999967,382.3599999999997,382.9799999999997,1264
2026-04-24T15:05:00+00:00,382.9799999999997,383.11999999999966,381.4099999999996,382.00999999999965,1360
2026-04-24T15:10:00+00:00,382.00999999999965,382.0999999999997,380.67999999999967,381.17999999999967,1203
2026-04-24T15:15:00+00:00,381.17999999999967,381.20999999999964,380.18999999999966,380.76999999999964,1226
2026-04-24T15:20:00+00:00,380.76999999999964,382.37999999999965,380.63999999999965,382.13999999999965,1092
2026-04-24T15:25:00+00:00,382.13999999999965,382.43999999999966,381.36999999999966,382.19999999999965,1057
2026-04-24T15:30:00+00:00,382.19999999999965,382.98999999999967,381.94999999999965,381.94999999999965,1099
2026-04-24T15:35:00+00:00,381.94999999999965,382.27999999999963,381.4099999999996,381.79999999999967,1133
2026-04-24T15:40:00+00:00,381.79999999999967,382.20999999999964,380.31999999999965,381.31999999999965,1379
2026-04-24T15:45:00+00:00,381.31999999999965,382.87999999999965,381.27999999999963,381.89999999999964,2163
2026-04-24T15:50:00+00:00,381.89999999999964,382.27999999999963,380.45999999999964,381.06999999999965,1510
2026-04-24T15:55:00+00:00,381.06999999999965,381.0999999999997,380.1099999999997,380.69999999999965,1259
2026-04-24T16:00:00+00:00,380.69999999999965,380.87999999999965,379.7899999999997,380.21999999999963,965
2026-04-24T16:05:00+00:00,380.21999999999963,380.25999999999965,378.6099999999997,379.37999999999965,1149
2026-04-24T16:10:00+00:00,379.37999999999965,380.77999999999963,379.24999999999966,380.6699999999997,1027
2026-04-24T16:15:00+00:00,380.6699999999997,381.37999999999965,380.46999999999963,381.29999999999967,919
2026-04-24T16:20:00+00:00,381.29999999999967,381.89999999999964,380.8599999999997,380.9199999999997,920
2026-04-24T16:25:00+00:00,380.9199999999997,381.18999999999966,380.14999999999964,380.25999999999965,891
2026-04-24T16:30:00+00:00,380.25999999999965,380.6099999999997,379.69999999999965,380.04999999999967,998
2026-04-24T16:35:00+00:00,380.04999999999967,380.61999999999966,379.8599999999997,380.42999999999967,790
2026-04-24T16:40:00+00:00,380.42999999999967,380.5399999999997,379.30999999999966,379.45999999999964,841
2026-04-24T16:45:00+00:00,379.45999999999964,380.17999999999967,379.43999999999966,379.87999999999965,857
2026-04-24T16:50:00+00:00,379.87999999999965,380.00999999999965,379.25999999999965,379.45999999999964,864
2026-04-24T16:55:00+00:00,379.45999999999964,380.43999999999966,379.45999999999964,380.4199999999997,822
2026-04-24T17:00:00+00:00,380.4199999999997,380.76999999999964,380.05999999999966,380.30999999999966,873
2026-04-24T17:05:00+00:00,380.30999999999966,382.14999999999964,380.19999999999965,382.04999999999967,950
2026-04-24T17:10:00+00:00,382.04999999999967,382.49999999999966,381.73999999999967,382.08999999999963,891
2026-04-24T17:15:00+00:00,382.08999999999963,382.11999999999966,380.95999999999964,381.95999999999964,854
2026-04-24T17:20:00+00:00,381.95999999999964,382.62999999999965,381.70999999999964,382.46999999999963,919
2026-04-24T17:25:00+00:00,382.46999999999963,382.76999999999964,381.61999999999966,381.7899999999997,851
2026-04-24T17:30:00+00:00,381.7899999999997,382.07999999999964,381.36999999999966,381.63999999999965,783
2026-04-24T17:35:00+00:00,381.63999999999965,382.20999999999964,380.88999999999965,381.05999999999966,847
2026-04-24T17:40:00+00:00,381.05999999999966,382.33999999999963,381.01999999999964,382.2299999999997,815
2026-04-24T17:45:00+00:00,382.2299999999997,382.39999999999964,381.92999999999967,382.01999999999964,729
2026-04-24T17:50:00+00:00,382.01999999999964,382.7899999999997,382.01999999999964,382.39999999999964,766
2026-04-24T17:55:00+00:00,382.39999999999964,383.32999999999964,382.27999999999963,382.5399999999997,1077
2026-04-24T18:00:00+00:00,382.5399999999997,382.96999999999963,381.9199999999997,382.37999999999965,949
2026-04-24T18:05:00+00:00,382.37999999999965,382.5399999999997,381.71999999999963,382.12999999999965,729
2026-04-24T18:10:00+00:00,382.12999999999965,382.4099999999996,381.95999999999964,382.14999999999964,640
2026-04-24T18:15:00+00:00,382.14999999999964,382.36999999999966,381.7899999999997,382.33999999999963,568
2026-04-24T18:20:00+00:00,382.33999999999963,382.6099999999997,382.05999999999966,382.42999999999967,658
2026-04-24T18:25:00+00:00,382.42999999999967,382.52999999999963,381.3599999999997,381.43999999999966,822
2026-04-24T18:30:00+00:00,381.43999999999966,382.26999999999964,381.31999999999965,382.07999999999964,699
2026-04-24T18:35:00+00:00,382.07999999999964,382.92999999999967,381.98999999999967,382.8499999999997,713
2026-04-24T18:40:00+00:00,382.8499999999997,383.17999999999967,382.25999999999965,382.32999999999964,602
2026-04-24T18:45:00+00:00,382.32999999999964,382.46999999999963,381.75999999999965,382.02999999999963,678
2026-04-24T18:50:00+00:00,382.02999999999963,382.69999999999965,381.81999999999965,382.38999999999965,741
2026-04-24T18:55:00+00:00,382.38999999999965,382.46999999999963,381.96999999999963,382.4199999999997,713
2026-04-24T19:00:00+00:00,382.4199999999997,382.79999999999967,382.12999999999965,382.3499999999997,1031
2026-04-24T19:05:00+00:00,382.3499999999997,382.71999999999963,382.00999999999965,382.69999999999965,937
2026-04-24T19:10:00+00:00,382.69999999999965,382.76999999999964,382.26999999999964,382.57999999999964,884
2026-04-24T19:15:00+00:00,382.57999999999964,383.19999999999965,382.43999999999966,382.81999999999965,1009
2026-04-24T19:20:00+00:00,382.81999999999965,383.12999999999965,382.46999999999963,383.0999999999997,1030
2026-04-24T19:25:00+00:00,383.0999999999997,383.46999999999963,382.80999999999966,382.95999999999964,999
2026-04-24T19:30:00+00:00,382.95999999999964,383.50999999999965,382.50999999999965,383.31999999999965,1193
2026-04-24T19:35:00+00:00,383.31999999999965,383.79999999999967,383.01999999999964,383.55999999999966,1166
2026-04-24T19:40:00+00:00,383.55999999999966,383.99999999999966,383.4199999999997,383.44999999999965,1142
2026-04-24T19:45:00+00:00,383.44999999999965,383.48999999999967,382.77999999999963,383.0999999999997,1105
2026-04-24T19:50:00+00:00,383.0999999999997,384.07999999999964,382.67999999999967,384.01999999999964,1577
2026-04-24T19:55:00+00:00,384.01999999999964,384.01999999999964,382.1099999999997,382.29999999999967,1331
2026-04-27T13:30:00+00:00,382.29999999999967,382.29999999999967,373.30999999999966,375.19999999999965,1935
2026-04-27T13:35:00+00:00,375.19999999999965,376.05999999999966,374.2299999999997,375.04999999999967,1866
2026-04-27T13:40:00+00:00,375.04999999999967,376.55999999999966,373.76999999999964,375.27999999999963,1658
2026-04-27T13:45:00+00:00,375.27999999999963,375.27999999999963,372.67999999999967,373.12999999999965,1767
2026-04-27T13:50:00+00:00,373.12999999999965,373.63999999999965,371.61999999999966,373.3599999999997,1983
2026-04-27T13:55:00+00:00,373.3599999999997,373.70999999999964,371.9099999999996,371.92999999999967,1598
2026-04-27T14:00:00+00:00,371.92999999999967,373.25999999999965,371.01999999999964,372.88999999999965,1706
2026-04-27T14:05:00+00:00,372.88999999999965,373.32999999999964,371.67999999999967,371.69999999999965,1506
2026-04-27T14:10:00+00:00,371.69999999999965,372.52999999999963,371.4099999999996,372.52999999999963,1452
2026-04-27T14:15:00+00:00,372.52999999999963,372.52999999999963,371.19999999999965,371.80999999999966,1361
2026-04-27T14:20:00+00:00,371.80999999999966,372.7299999999997,371.45999999999964,372.32999999999964,1330
2026-04-27T14:25:00+00:00,372.32999999999964,373.7899999999997,372.1599999999996,373.4799999999997,1243
2026-04-27T14:30:00+00:00,373.4799999999997,373.6099999999997,372.30999999999966,373.51999999999964,1347
2026-04-27T14:35:00+00:00,373.51999999999964,374.7299999999997,373.19999999999965,374.45999999999964,1434
2026-04-27T14:40:00+00:00,374.45999999999964,375.21999999999963,374.01999999999964,374.99999999999966,1094
2026-04-27T14:45:00+00:00,374.99999999999966,375.2299999999997,374.26999999999964,374.29999999999967,1013
2026-04-27T14:50:00+00:00,374.29999999999967,374.67999999999967,372.48999999999967,372.6099999999997,1121
2026-04-27T14:55:00+00:00,372.6099999999997,372.9199999999997,372.00999999999965,372.55999999999966,1116
2026-04-27T15:00:00+00:00,372.55999999999966,372.9799999999997,370.77999999999963,371.0999999999997,1226
2026-04-27T15:05:00+00:00,371.0999999999997,371.49999999999966,370.45999999999964,371.13999999999965,1302
2026-04-27T15:10:00+00:00,371.13999999999965,372.26999999999964,371.13999999999965,371.83999999999963,970
2026-04-27T15:15:00+00:00,371.83999999999963,372.07999999999964,371.07999999999964,371.21999999999963,901
2026-04-27T15:20:00+00:00,371.21999999999963,371.46999999999963,370.27999999999963,371.0999999999997,1166
2026-04-27T15:25:00+00:00,371.0999999999997,372.20999999999964,370.9199999999997,372.19999999999965,932
2026-04-27T15:30:00+00:00,372.19999999999965,373.1599999999996,372.0399999999997,372.88999999999965,968
2026-04-27T15:35:00+00:00,372.88999999999965,373.58999999999963,372.71999999999963,373.13999999999965,906
2026-04-27T15:40:00+00:00,373.13999999999965,373.37999999999965,372.62999999999965,373.1699999999997,886
2026-04-27T15:45:00+00:00,373.1699999999997,373.9099999999996,372.9199999999997,373.4799999999997,853
2026-04-27T15:50:00+00:00,373.4799999999997,373.94999999999965,373.24999999999966,373.46999999999963,801
2026-04-27T15:55:00+00:00,373.46999999999963,374.46999999999963,373.3499999999997,374.43999999999966,704
2026-04-27T16:00:00+00:00,374.43999999999966,375.48999999999967,373.95999999999964,375.33999999999963,1014
2026-04-27T16:05:00+00:00,375.33999999999963,376.96999999999963,375.29999999999967,376.4199999999997,1029
2026-04-27T16:10:00+00:00,376.4199999999997,377.63999999999965,376.12999999999965,377.5399999999997,1006
2026-04-27T16:15:00+00:00,377.5399999999997,378.02999999999963,377.2899999999997,377.38999999999965,885
2026-04-27T16:20:00+00:00,377.38999999999965,377.99999999999966,377.02999999999963,377.18999999999966,828
2026-04-27T16:25:00+00:00,377.18999999999966,378.04999999999967,377.18999999999966,378.02999999999963,681
2026-04-27T16:30:00+00:00,378.02999999999963,378.95999999999964,377.6099999999997,378.6599999999996,765
2026-04-27T16:35:00+00:00,378.6599999999996,379.25999999999965,378.6599999999996,378.82999999999964,897
2026-04-27T16:40:00+00:00,378.82999999999964,379.68999999999966,378.73999999999967,379.2899999999997,766
2026-04-27T16:45:00+00:00,379.2899999999997,379.86999999999966,378.7899999999997,379.45999999999964,799
2026-04-27T16:50:00+00:00,379.45999999999964,379.81999999999965,379.25999999999965,379.73999999999967,662
2026-04-27T16:55:00+00:00,379.73999999999967,380.0999999999997,379.3599999999997,380.05999999999966,864
2026-04-27T17:00:00+00:00,380.05999999999966,380.6699999999997,379.86999999999966,380.39999999999964,881
2026-04-27T17:05:00+00:00,380.39999999999964,381.82999999999964,380.31999999999965,381.50999999999965,991
2026-04-27T17:10:00+00:00,381.50999999999965,382.52999999999963,381.07999999999964,382.48999999999967,905
2026-04-27T17:15:00+00:00,382.48999999999967,383.13999999999965,381.25999999999965,381.58999999999963,1051
2026-04-27T17:20:00+00:00,381.58999999999963,383.8499999999997,381.1699999999997,383.5399999999997,1066
2026-04-27T17:25:00+00:00,383.5399999999997,384.18999999999966,383.29999999999967,383.9199999999997,935
2026-04-27T17:30:00+00:00,383.9199999999997,385.89999999999964,383.82999999999964,385.68999999999966,1157
2026-04-27T17:35:00+00:00,385.68999999999966,385.96999999999963,384.70999999999964,385.19999999999965,1037
2026-04-27T17:40:00+00:00,385.19999999999965,385.5399999999997,384.69999999999965,384.70999999999964,792
2026-04-27T17:45:00+00:00,384.70999999999964,384.76999999999964,383.76999999999964,384.2299999999997,872
2026-04-27T17:50:00+00:00,384.2299999999997,385.21999999999963,383.95999999999964,385.1599999999996,764
2026-04-27T17:55:00+00:00,385.1599999999996,385.8599999999997,384.86999999999966,385.75999999999965,850
2026-04-27T18:00:00+00:00,385.75999999999965,387.01999999999964,385.64999999999964,386.37999999999965,1006
2026-04-27T18:05:00+00:00,386.37999999999965,386.39999999999964,384.95999999999964,385.17999999999967,871
2026-04-27T18:10:00+00:00,385.17999999999967,385.9799999999997,385.1099999999997,385.39999999999964,740
2026-04-27T18:15:00+00:00,385.39999999999964,386.45999999999964,385.3599999999997,386.32999999999964,667
2026-04-27T18:20:00+00:00,386.32999999999964,386.39999999999964,385.68999999999966,386.19999999999965,754
2026-04-27T18:25:00+00:00,386.19999999999965,386.32999999999964,384.75999999999965,384.98999999999967,768
2026-04-27T18:30:00+00:00,384.98999999999967,385.56999999999965,384.13999999999965,384.1599999999996,735
2026-04-27T18:35:00+00:00,384.1599999999996,385.24999999999966,383.93999999999966,384.44999999999965,757
2026-04-27T18:40:00+00:00,384.44999999999965,384.9199999999997,384.12999999999965,384.58999999999963,667
2026-04-27T18:45:00+00:00,384.58999999999963,384.64999999999964,384.07999999999964,384.30999999999966,568
2026-04-27T18:50:00+00:00,384.30999999999966,384.48999999999967,383.6699999999997,384.07999999999964,603
2026-04-27T18:55:00+00:00,384.07999999999964,384.74999999999966,384.07999999999964,384.5399999999997,630
2026-04-27T19:00:00+00:00,384.5399999999997,385.27999999999963,384.51999999999964,384.80999999999966,733
2026-04-27T19:05:00+00:00,384.80999999999966,384.89999999999964,384.2899999999997,384.52999999999963,642
2026-04-27T19:10:00+00:00,384.52999999999963,385.73999999999967,384.27999999999963,385.68999999999966,668
2026-04-27T19:15:00+00:00,385.68999999999966,386.12999999999965,385.37999999999965,385.92999999999967,772
2026-04-27T19:20:00+00:00,385.92999999999967,386.23999999999967,385.43999999999966,385.51999999999964,751
2026-04-27T19:25:00+00:00,385.51999999999964,385.70999999999964,385.1099999999997,385.2899999999997,674
2026-04-27T19:30:00+00:00,385.2899999999997,385.7899999999997,384.8599999999997,385.7899999999997,791
2026-04-27T19:35:00+00:00,385.7899999999997,385.9199999999997,385.27999999999963,385.6699999999997,708
2026-04-27T19:40:00+00:00,385.6699999999997,385.77999999999963,385.21999999999963,385.64999999999964,940
2026-04-27T19:45:00+00:00,385.64999999999964,386.13999999999965,385.42999999999967,385.55999999999966,990
2026-04-27T19:50:00+00:00,385.55999999999966,386.17999999999967,385.44999999999965,385.5399999999997,1063
2026-04-27T19:55:00+00:00,385.5399999999997,385.5999999999997,384.63999999999965,385.05999999999966,1427
2026-04-28T13:30:00+00:00,385.05999999999966,385.05999999999966,378.75999999999965,383.89999999999964,1356
2026-04-28T13:35:00+00:00,383.89999999999964,385.96999999999963,383.61999999999966,384.62999999999965,1334
2026-04-28T13:40:00+00:00,384.62999999999965,384.62999999999965,381.71999999999963,383.62999999999965,1206
2026-04-28T13:45:00+00:00,383.62999999999965,385.64999999999964,383.3599999999997,384.1699999999997,1328
2026-04-28T13:50:00+00:00,384.1699999999997,384.88999999999965,383.80999999999966,384.04999999999967,1346
2026-04-28T13:55:00+00:00,384.04999999999967,385.81999999999965,382.2299999999997,385.1099999999997,1378
2026-04-28T14:00:00+00:00,385.1099999999997,386.82999999999964,384.45999999999964,385.9099999999996,1569
2026-04-28T14:05:00+00:00,385.9099999999996,388.50999999999965,385.75999999999965,387.89999999999964,1650
2026-04-28T14:10:00+00:00,387.89999999999964,388.49999999999966,386.06999999999965,387.2899999999997,1595
2026-04-28T14:15:00+00:00,387.2899999999997,387.45999999999964,385.06999999999965,385.08999999999963,1496
2026-04-28T14:20:00+00:00,385.08999999999963,385.92999999999967,383.8599999999997,384.11999999999966,1488
2026-04-28T14:25:00+00:00,384.11999999999966,384.43999999999966,383.04999999999967,383.99999999999966,1394
2026-04-28T14:30:00+00:00,383.99999999999966,384.50999999999965,383.55999999999966,383.87999999999965,1237
2026-04-28T14:35:00+00:00,383.87999999999965,384.00999999999965,381.0999999999997,381.86999999999966,1744
2026-04-28T14:40:00+00:00,381.86999999999966,382.19999999999965,380.64999999999964,381.98999999999967,1757
2026-04-28T14:45:00+00:00,381.98999999999967,382.1699999999997,380.45999999999964,380.5999999999997,1601
2026-04-28T14:50:00+00:00,380.5999999999997,381.07999999999964,379.7899999999997,379.96999999999963,1675
2026-04-28T14:55:00+00:00,379.96999999999963,381.99999999999966,379.81999999999965,381.9199999999997,1725
2026-04-28T15:00:00+00:00,381.9199999999997,382.42999999999967,381.00999999999965,381.79999999999967,1590
2026-04-28T15:05:00+00:00,381.79999999999967,382.33999999999963,381.00999999999965,382.2299999999997,1291
2026-04-28T15:10:00+00:00,382.2299999999997,383.3599999999997,381.99999999999966,383.14999999999964,1460
2026-04-28T15:15:00+00:00,383.14999999999964,383.18999999999966,382.12999999999965,382.9799999999997,1029
2026-04-28T15:20:00+00:00,382.9799999999997,383.04999999999967,381.00999999999965,381.11999999999966,1206
2026-04-28T15:25:00+00:00,381.11999999999966,381.6099999999997,380.73999999999967,381.19999999999965,1213
2026-04-28T15:30:00+00:00,381.19999999999965,381.32999999999964,380.75999999999965,381.23999999999967,1105
2026-04-28T15:35:00+00:00,381.23999999999967,381.55999999999966,380.76999999999964,381.42999999999967,1132
2026-04-28T15:40:00+00:00,381.42999999999967,381.63999999999965,380.75999999999965,381.01999999999964,1092
2026-04-28T15:45:00+00:00,381.01999999999964,381.01999999999964,380.3499999999997,380.58999999999963,995
2026-04-28T15:50:00+00:00,380.58999999999963,381.05999999999966,380.5399999999997,381.02999999999963,1008
2026-04-28T15:55:00+00:00,381.02999999999963,381.57999999999964,380.81999999999965,381.5399999999997,970
2026-04-28T16:00:00+00:00,381.5399999999997,381.92999999999967,381.25999999999965,381.56999999999965,1089
2026-04-28T16:05:00+00:00,381.56999999999965,381.98999999999967,381.4099999999996,381.80999999999966,847
2026-04-28T16:10:00+00:00,381.80999999999966,381.92999999999967,380.95999999999964,381.25999999999965,710
2026-04-28T16:15:00+00:00,381.25999999999965,381.81999999999965,380.95999999999964,381.77999999999963,815
2026-04-28T16:20:00+00:00,381.77999999999963,382.17999999999967,381.62999999999965,381.8499999999997,761
2026-04-28T16:25:00+00:00,381.8499999999997,382.05999999999966,381.1699999999997,381.32999999999964,636
2026-04-28T16:30:00+00:00,381.32999999999964,381.68999999999966,380.9799999999997,381.24999999999966,792
2026-04-28T16:35:00+00:00,381.24999999999966,381.74999999999966,380.79999999999967,381.55999999999966,784
2026-04-28T16:40:00+00:00,381.55999999999966,382.2299999999997,381.45999999999964,382.1099999999997,817
2026-04-28T16:45:00+00:00,382.1099999999997,382.89999999999964,382.1099999999997,382.62999999999965,895
2026-04-28T16:50:00+00:00,382.62999999999965,383.1699999999997,382.45999999999964,383.1699999999997,902
2026-04-28T16:55:00+00:00,383.1699999999997,383.57999999999964,382.9099999999996,383.1599999999996,900
2026-04-28T17:00:00+00:00,383.1599999999996,383.5399999999997,382.45999999999964,382.6699999999997,841
2026-04-28T17:05:00+00:00,382.6699999999997,382.7899999999997,382.19999999999965,382.4199999999997,687
2026-04-28T17:10:00+00:00,382.4199999999997,382.52999999999963,381.86999999999966,382.21999999999963,740
2026-04-28T17:15:00+00:00,382.21999999999963,382.31999999999965,381.6099999999997,381.99999999999966,702
2026-04-28T17:20:00+00:00,381.99999999999966,382.26999999999964,381.82999999999964,382.08999999999963,684
2026-04-28T17:25:00+00:00,382.08999999999963,382.61999999999966,381.93999999999966,382.56999999999965,812
2026-04-28T17:30:00+00:00,382.56999999999965,382.7899999999997,382.3499999999997,382.57999999999964,709
2026-04-28T17:35:00+00:00,382.57999999999964,382.76999999999964,382.06999999999965,382.4099999999996,675
2026-04-28T17:40:00+00:00,382.4099999999996,382.63999999999965,382.0999999999997,382.3599999999997,593
2026-04-28T17:45:00+00:00,382.3599999999997,382.56999999999965,381.93999999999966,382.26999999999964,681
2026-04-28T17:50:00+00:00,382.26999999999964,382.33999999999963,381.58999999999963,381.68999999999966,548
2026-04-28T17:55:00+00:00,381.68999999999966,382.33999999999963,381.67999999999967,382.1599999999996,525
2026-04-28T18:00:00+00:00,382.1599999999996,382.37999999999965,381.9799999999997,382.1599999999996,632
2026-04-28T18:05:00+00:00,382.1599999999996,382.48999999999967,381.9099999999996,382.42999999999967,629
2026-04-28T18:10:00+00:00,382.42999999999967,382.6099999999997,382.0399999999997,382.24999999999966,494
2026-04-28T18:15:00+00:00,382.24999999999966,382.74999999999966,382.13999999999965,382.74999999999966,475
2026-04-28T18:20:00+00:00,382.74999999999966,383.48999999999967,382.74999999999966,383.13999999999965,882
2026-04-28T18:25:00+00:00,383.13999999999965,383.87999999999965,382.96999999999963,383.76999999999964,765
2026-04-28T18:30:00+00:00,383.76999999999964,383.98999999999967,383.21999999999963,383.25999999999965,798
2026-04-28T18:35:00+00:00,383.25999999999965,383.4199999999997,382.56999999999965,382.86999999999966,641
2026-04-28T18:40:00+00:00,382.86999999999966,384.3599999999997,382.86999999999966,384.3599999999997,583
2026-04-28T18:45:00+00:00,384.3599999999997,384.5999999999997,383.7899999999997,384.4199999999997,756
2026-04-28T18:50:00+00:00,384.4199999999997,384.71999999999963,384.1099999999997,384.24999999999966,631
2026-04-28T18:55:00+00:00,384.24999999999966,384.2899999999997,383.79999999999967,384.01999999999964,544
2026-04-28T19:00:00+00:00,384.01999999999964,384.32999999999964,383.75999999999965,384.20999999999964,808
2026-04-28T19:05:00+00:00,384.20999999999964,384.49999999999966,383.98999999999967,384.1599999999996,792
2026-04-28T19:10:00+00:00,384.1599999999996,384.95999999999964,383.9799999999997,384.1099999999997,881
2026-04-28T19:15:00+00:00,384.1099999999997,384.1099999999997,383.46999999999963,383.54999999999967,854
2026-04-28T19:20:00+00:00,383.54999999999967,383.54999999999967,382.9199999999997,383.2899999999997,867
2026-04-28T19:25:00+00:00,383.2899999999997,383.6099999999997,383.13999999999965,383.57999999999964,672
2026-04-28T19:30:00+00:00,383.57999999999964,383.63999999999965,383.13999999999965,383.24999999999966,947
2026-04-28T19:35:00+00:00,383.24999999999966,383.25999999999965,382.75999999999965,382.98999999999967,910
2026-04-28T19:40:00+00:00,382.98999999999967,383.14999999999964,382.73999999999967,382.74999999999966,744
2026-04-28T19:45:00+00:00,382.74999999999966,383.13999999999965,382.27999999999963,382.38999999999965,922
2026-04-28T19:50:00+00:00,382.38999999999965,382.73999999999967,382.21999999999963,382.61999999999966,1435
2026-04-28T19:55:00+00:00,382.61999999999966,382.95999999999964,382.1599999999996,382.1599999999996,1865
2026-04-29T13:30:00+00:00,382.1599999999996,382.38999999999965,379.76999999999964,380.88999999999965,1299
2026-04-29T13:35:00+00:00,380.88999999999965,381.14999999999964,377.9099999999996,379.19999999999965,1755
2026-04-29T13:40:00+00:00,379.19999999999965,381.08999999999963,379.01999999999964,379.58999999999963,1335
2026-04-29T13:45:00+00:00,379.58999999999963,381.45999999999964,379.26999999999964,381.13999999999965,1394
2026-04-29T13:50:00+00:00,381.13999999999965,382.21999999999963,380.32999999999964,381.7899999999997,1365
2026-04-29T13:55:00+00:00,381.7899999999997,382.25999999999965,380.70999999999964,380.8499999999997,1217
2026-04-29T14:00:00+00:00,380.8499999999997,380.8499999999997,377.55999999999966,379.14999999999964,1618
2026-04-29T14:05:00+00:00,379.14999999999964,379.27999999999963,377.89999999999964,378.36999999999966,1303
2026-04-29T14:10:00+00:00,378.36999999999966,379.04999999999967,377.5399999999997,378.6599999999996,1399
2026-04-29T14:15:00+00:00,378.6599999999996,379.05999999999966,378.07999999999964,378.7299999999997,1086
2026-04-29T14:20:00+00:00,378.7299999999997,378.73999999999967,377.9199999999997,378.63999999999965,1164
2026-04-29T14:25:00+00:00,378.63999999999965,379.69999999999965,378.2899999999997,379.58999999999963,1162
2026-04-29T14:30:00+00:00,379.58999999999963,379.86999999999966,378.76999999999964,379.69999999999965,1136
2026-04-29T14:35:00+00:00,379.69999999999965,379.9099999999996,378.46999999999963,379.11999999999966,1061
2026-04-29T14:40:00+00:00,379.11999999999966,379.3599999999997,378.20999999999964,379.31999999999965,905
2026-04-29T14:45:00+00:00,379.31999999999965,380.0399999999997,378.87999999999965,379.86999999999966,964
2026-04-29T14:50:00+00:00,379.86999999999966,380.4799999999997,379.46999999999963,379.87999999999965,1013
2026-04-29T14:55:00+00:00,379.87999999999965,379.87999999999965,378.61999999999966,379.2399999999996,887.5447590774149
2026-04-29T15:00:00+00:00,379.2399999999996,379.4999999999996,377.9199999999996,378.01999999999964,912
2026-04-29T15:05:00+00:00,378.01999999999964,378.3699999999996,376.6999999999996,376.71999999999963,1093
2026-04-29T15:10:00+00:00,376.71999999999963,377.96999999999963,376.64999999999964,377.7599999999996,1085
2026-04-29T15:15:00+00:00,377.7599999999996,379.51999999999964,377.7499999999996,379.4399999999996,1104
2026-04-29T15:20:00+00:00,379.4399999999996,379.9799999999996,379.4199999999996,379.6599999999996,970
2026-04-29T15:25:00+00:00,379.6599999999996,380.57999999999964,379.5499999999996,380.2399999999996,976
2026-04-29T15:30:00+00:00,380.2399999999996,380.77999999999963,379.6599999999996,380.14999999999964,1116
2026-04-29T15:35:00+00:00,380.14999999999964,380.32999999999964,379.1199999999996,379.3099999999996,948
2026-04-29T15:40:00+00:00,379.3099999999996,379.4399999999996,378.4999999999996,378.7599999999996,882
2026-04-29T15:45:00+00:00,378.7599999999996,379.2299999999996,378.6899999999996,379.0599999999996,771
2026-04-29T15:50:00+00:00,379.0599999999996,379.1299999999996,376.58999999999963,376.8199999999996,1476
2026-04-29T15:55:00+00:00,376.8199999999996,377.27999999999963,376.2599999999996,377.02999999999963,1289
2026-04-29T16:00:00+00:00,377.02999999999963,377.9099999999996,376.9499999999996,377.6199999999996,1015
2026-04-29T16:05:00+00:00,377.6199999999996,378.1699999999996,377.4899999999996,378.02999999999963,754
2026-04-29T16:10:00+00:00,378.02999999999963,378.5399999999996,377.7399999999996,378.1699999999996,868
2026-04-29T16:15:00+00:00,378.1699999999996,378.6899999999996,377.1299999999996,377.1399999999996,815
2026-04-29T16:20:00+00:00,377.1399999999996,377.89999999999964,376.9999999999996,377.8199999999996,767
2026-04-29T16:25:00+00:00,377.8199999999996,378.1699999999996,377.5599999999996,377.7599999999996,706
2026-04-29T16:30:00+00:00,377.7599999999996,377.7599999999996,376.9199999999996,377.1699999999996,1023
2026-04-29T16:35:00+00:00,377.1699999999996,377.58999999999963,376.7499999999996,377.4899999999996,892
2026-04-29T16:40:00+00:00,377.4899999999996,378.6099999999996,377.4799999999996,378.52999999999963,830
2026-04-29T16:45:00+00:00,378.52999999999963,378.9199999999996,378.3099999999996,378.8499999999996,785
2026-04-29T16:50:00+00:00,378.8499999999996,379.6199999999996,378.6599999999996,379.01999999999964,803
2026-04-29T16:55:00+00:00,379.01999999999964,379.1199999999996,378.2499999999996,378.76999999999964,781
2026-04-29T17:00:00+00:00,378.76999999999964,378.95999999999964,378.0399999999996,378.4499999999996,850
2026-04-29T17:05:00+00:00,378.4499999999996,378.96999999999963,378.3599999999996,378.8599999999996,711
2026-04-29T17:10:00+00:00,378.8599999999996,379.6199999999996,378.8599999999996,379.3099999999996,714
2026-04-29T17:15:00+00:00,379.3099999999996,379.3499999999996,378.89999999999964,379.3099999999996,608
2026-04-29T17:20:00+00:00,379.3099999999996,380.0599999999996,379.26999999999964,379.5999999999996,903
2026-04-29T17:25:00+00:00,379.5999999999996,379.7999999999996,379.1399999999996,379.3899999999996,651
2026-04-29T17:30:00+00:00,379.3899999999996,379.6899999999996,378.95999999999964,379.2599999999996,652
2026-04-29T17:35:00+00:00,379.2599999999996,379.3599999999996,378.64999999999964,378.7899999999996,539
2026-04-29T17:40:00+00:00,378.7899999999996,379.0699999999996,378.4999999999996,378.9499999999996,489
2026-04-29T17:45:00+00:00,378.9499999999996,379.39999999999964,378.6699999999996,379.2499999999996,659
2026-04-29T17:50:00+00:00,379.2499999999996,379.8199999999996,379.1299999999996,379.2499999999996,699
2026-04-29T17:55:00+00:00,379.2499999999996,379.4099999999996,378.9799999999996,379.0999999999996,569
2026-04-29T18:00:00+00:00,379.0999999999996,379.2399999999996,377.7999999999996,377.8899999999996,1094
2026-04-29T18:05:00+00:00,377.8899999999996,378.1799999999996,377.2399999999996,377.27999999999963,1135
2026-04-29T18:10:00+00:00,377.27999999999963,377.6199999999996,376.7599999999996,377.45999999999964,1067
2026-04-29T18:15:00+00:00,377.45999999999964,378.2599999999996,377.3099999999996,378.01999999999964,1072
2026-04-29T18:20:00+00:00,378.01999999999964,378.57999999999964,377.76999999999964,377.8799999999996,841
2026-04-29T18:25:00+00:00,377.8799999999996,377.9099999999996,377.2999999999996,377.64999999999964,703
2026-04-29T18:30:00+00:00,377.64999999999964,377.64999999999964,376.6799999999996,377.33999999999963,907
2026-04-29T18:35:00+00:00,377.33999999999963,378.6299999999996,377.2999999999996,377.8799999999996,1138
2026-04-29T18:40:00+00:00,377.8799999999996,378.1399999999996,377.3599999999996,377.4099999999996,924
2026-04-29T18:45:00+00:00,377.4099999999996,378.9499999999996,377.0699999999996,378.7499999999996,1222
2026-04-29T18:50:00+00:00,378.7499999999996,379.5599999999996,378.7299999999996,379.39999999999964,1014
2026-04-29T18:55:00+00:00,379.39999999999964,380.57999999999964,379.2999999999996,380.32999999999964,977
2026-04-29T19:00:00+00:00,380.32999999999964,380.6299999999996,379.7299999999996,379.7399999999996,1240
2026-04-29T19:05:00+00:00,379.7399999999996,379.89999999999964,379.39999999999964,379.70999999999964,1119
2026-04-29T19:10:00+00:00,379.70999999999964,380.77999999999963,379.5499999999996,380.5599999999996,1035
2026-04-29T19:15:00+00:00,380.5599999999996,381.0599999999996,380.4499999999996,380.6299999999996,1133
2026-04-29T19:20:00+00:00,380.6299999999996,380.6899999999996,380.1699999999996,380.4999999999996,999
2026-04-29T19:25:00+00:00,380.4999999999996,380.57999999999964,379.8899999999996,380.14999999999964,895
2026-04-29T19:30:00+00:00,380.14999999999964,380.20999999999964,378.6899999999996,379.01999999999964,1205
2026-04-29T19:35:00+00:00,379.01999999999964,379.2499999999996,378.7399999999996,379.0399999999996,972
2026-04-29T19:40:00+00:00,379.0399999999996,379.1699999999996,378.6699999999996,378.6799999999996,919
2026-04-29T19:45:00+00:00,378.6799999999996,378.9299999999996,378.5399999999996,378.8899999999996,941
2026-04-29T19:50:00+00:00,378.8899999999996,379.5999999999996,378.3799999999996,379.3899999999996,1329
2026-04-29T19:55:00+00:00,379.3899999999996,379.7499999999996,378.8199999999996,379.27999999999963,1216
2026-04-30T13:30:00+00:00,379.27999999999963,379.27999999999963,376.0499999999996,376.7399999999996,1535
2026-04-30T13:35:00+00:00,376.7399999999996,377.9099999999996,375.5099999999996,375.5399999999996,1695
2026-04-30T13:40:00+00:00,375.5399999999996,377.9999999999996,375.0099999999996,377.45999999999964,1249
2026-04-30T13:45:00+00:00,377.45999999999964,378.3799999999996,376.7399999999996,377.7599999999996,1525
2026-04-30T13:50:00+00:00,377.7599999999996,378.3199999999996,375.4399999999996,375.4399999999996,1402
2026-04-30T13:55:00+00:00,375.4399999999996,376.4999999999996,375.1599999999996,375.7499999999996,1514
2026-04-30T14:00:00+00:00,375.7499999999996,377.4499999999996,375.5699999999996,376.6699999999996,1551
2026-04-30T14:05:00+00:00,376.6699999999996,377.0999999999996,374.4199999999996,375.1999999999996,1486
2026-04-30T14:10:00+00:00,375.1999999999996,376.5699999999996,374.6399999999996,376.4199999999996,1514
2026-04-30T14:15:00+00:00,376.4199999999996,376.6699999999996,375.0499999999996,376.07999999999964,1630
2026-04-30T14:20:00+00:00,376.07999999999964,376.45999999999964,375.4299999999996,376.1999999999996,1291
2026-04-30T14:25:00+00:00,376.1999999999996,376.7599999999996,375.1999999999996,376.6599999999996,1397
2026-04-30T14:30:00+00:00,376.6599999999996,378.4199999999996,376.3499999999996,378.21999999999963,1587
2026-04-30T14:35:00+00:00,378.21999999999963,379.82999999999964,377.5499999999996,377.76999999999964,1630
2026-04-30T14:40:00+00:00,377.76999999999964,379.1299999999996,377.4199999999996,378.9399999999996,1477
2026-04-30T14:45:00+00:00,378.9399999999996,380.8099999999996,378.8799999999996,380.51999999999964,1462
2026-04-30T14:50:00+00:00,380.51999999999964,381.7599999999996,380.14999999999964,381.0599999999996,1377
2026-04-30T14:55:00+00:00,381.0599999999996,382.5099999999996,380.2599999999996,382.1399999999996,1358
2026-04-30T15:00:00+00:00,382.1399999999996,384.3499999999996,382.1299999999996,383.9299999999996,1577
2026-04-30T15:05:00+00:00,383.9299999999996,383.9899999999996,382.4399999999996,383.52999999999963,1418
2026-04-30T15:10:00+00:00,383.52999999999963,383.89999999999964,382.27999999999963,382.7899999999996,1208
2026-04-30T15:15:00+00:00,382.7899999999996,383.4399999999996,382.5399999999996,383.1399999999996,1184
2026-04-30T15:20:00+00:00,383.1399999999996,383.71999999999963,382.7399999999996,383.5399999999996,1171
2026-04-30T15:25:00+00:00,383.5399999999996,384.8899999999996,383.4399999999996,384.71999999999963,1347
2026-04-30T15:30:00+00:00,384.71999999999963,385.95999999999964,384.0499999999996,384.0499999999996,1288
2026-04-30T15:35:00+00:00,384.0499999999996,384.3699999999996,383.0099999999996,383.3099999999996,1237
2026-04-30T15:40:00+00:00,383.3099999999996,384.33999999999963,382.9299999999996,384.0499999999996,991
2026-04-30T15:45:00+00:00,384.0499999999996,384.26999999999964,383.27999999999963,384.2599999999996,928
2026-04-30T15:50:00+00:00,384.2599999999996,385.39999999999964,384.2599999999996,384.8799999999996,998
2026-04-30T15:55:00+00:00,384.8799999999996,385.1999999999996,384.2599999999996,384.3199999999996,886
2026-04-30T16:00:00+00:00,384.3199999999996,384.6799999999996,383.6599999999996,384.64999999999964,959
2026-04-30T16:05:00+00:00,384.64999999999964,385.6699999999996,384.6399999999996,385.14999999999964,812
2026-04-30T16:10:00+00:00,385.14999999999964,386.3199999999996,384.8199999999996,386.1899999999996,833
2026-04-30T16:15:00+00:00,386.1899999999996,386.27999999999963,385.57999999999964,385.6999999999996,845
2026-04-30T16:20:00+00:00,385.6999999999996,385.8599999999996,384.9999999999996,385.0499999999996,706
2026-04-30T16:25:00+00:00,385.0499999999996,385.0699999999996,383.8899999999996,383.8899999999996,836
2026-04-30T16:30:00+00:00,383.8899999999996,384.5499999999996,383.83999999999963,384.01999999999964,735
2026-04-30T16:35:00+00:00,384.01999999999964,384.0699999999996,383.32999999999964,383.9399999999996,786
2026-04-30T16:40:00+00:00,383.9399999999996,384.5699999999996,383.6399999999996,383.6599999999996,772
2026-04-30T16:45:00+00:00,383.6599999999996,384.0999999999996,383.1199999999996,384.01999999999964,913
2026-04-30T16:50:00+00:00,384.01999999999964,384.20999999999964,383.2899999999996,383.46999999999963,738
2026-04-30T16:55:00+00:00,383.46999999999963,383.9899999999996,382.8699999999996,383.95999999999964,798
2026-04-30T17:00:00+00:00,383.95999999999964,385.3699999999996,383.8899999999996,384.96999999999963,894
2026-04-30T17:05:00+00:00,384.96999999999963,385.0599999999996,384.45999999999964,384.8899999999996,644
2026-04-30T17:10:00+00:00,384.8899999999996,385.1099999999996,384.64999999999964,384.82999999999964,584
2026-04-30T17:15:00+00:00,384.82999999999964,384.9399999999996,384.5399999999996,384.7299999999996,604
2026-04-30T17:20:00+00:00,384.7299999999996,384.8499999999996,384.1999999999996,384.76999999999964,628
2026-04-30T17:25:00+00:00,384.76999999999964,384.8899999999996,384.27999999999963,384.7299999999996,505
2026-04-30T17:30:00+00:00,384.7299999999996,385.8799999999996,384.7299999999996,385.8199999999996,978
2026-04-30T17:35:00+00:00,385.8199999999996,385.95999999999964,385.2599999999996,385.7499999999996,634
2026-04-30T17:40:00+00:00,385.7499999999996,385.8099999999996,384.8499999999996,384.9399999999996,537
2026-04-30T17:45:00+00:00,384.9399999999996,385.3899999999996,384.8899999999996,385.07999999999964,524
2026-04-30T17:50:00+00:00,385.07999999999964,385.5099999999996,384.89999999999964,385.2499999999996,491
2026-04-30T17:55:00+00:00,385.2499999999996,385.7599999999996,385.0599999999996,385.5399999999996,508
2026-04-30T18:00:00+00:00,385.5399999999996,386.8899999999996,385.4999999999996,386.5399999999996,989
2026-04-30T18:05:00+00:00,386.5399999999996,387.5999999999996,386.5399999999996,386.8799999999996,815
2026-04-30T18:10:00+00:00,386.8799999999996,386.8799999999996,386.2599999999996,386.2899999999996,566
2026-04-30T18:15:00+00:00,386.2899999999996,387.3699999999996,386.2299999999996,387.0499999999996,602
2026-04-30T18:20:00+00:00,387.0499999999996,387.5499999999996,386.83999999999963,386.9799999999996,666
2026-04-30T18:25:00+00:00,386.9799999999996,387.3799999999996,386.6099999999996,387.3799999999996,797
2026-04-30T18:30:00+00:00,387.3799999999996,387.70999999999964,387.01999999999964,387.2599999999996,820
2026-04-30T18:35:00+00:00,387.2599999999996,388.7599999999996,387.2399999999996,388.2999999999996,861
2026-04-30T18:40:00+00:00,388.2999999999996,388.4499999999996,387.4499999999996,388.0599999999996,809
2026-04-30T18:45:00+00:00,388.0599999999996,388.3899999999996,387.82999999999964,387.83999999999963,706
2026-04-30T18:50:00+00:00,387.83999999999963,388.77999999999963,387.5499999999996,388.5999999999996,785
2026-04-30T18:55:00+00:00,388.5999999999996,388.9299999999996,388.26999999999964,388.52999999999963,725
2026-04-30T19:00:00+00:00,388.52999999999963,390.33999999999963,388.33999999999963,390.1399999999996,1116
2026-04-30T19:05:00+00:00,390.1399999999996,390.89999999999964,389.7299999999996,389.7399999999996,1256
2026-04-30T19:10:00+00:00,389.7399999999996,390.1799999999996,389.45999999999964,389.6299999999996,969
2026-04-30T19:15:00+00:00,389.6299999999996,389.9899999999996,389.2499999999996,389.7599999999996,1018
2026-04-30T19:20:00+00:00,389.7599999999996,390.7299999999996,389.51999999999964,390.4999999999996,1020
2026-04-30T19:25:00+00:00,390.4999999999996,390.7299999999996,390.1699999999996,390.1699999999996,973
2026-04-30T19:30:00+00:00,390.1699999999996,390.1799999999996,388.4799999999996,388.71999999999963,1136
2026-04-30T19:35:00+00:00,388.71999999999963,388.71999999999963,387.6899999999996,388.0999999999996,1076
2026-04-30T19:40:00+00:00,388.0999999999996,388.3199999999996,387.4899999999996,388.02999999999963,1070
2026-04-30T19:45:00+00:00,388.02999999999963,388.0599999999996,386.8599999999996,387.14999999999964,1183
2026-04-30T19:50:00+00:00,387.14999999999964,388.0699999999996,387.0599999999996,387.9299999999996,1473
2026-04-30T19:55:00+00:00,387.9299999999996,388.4399999999996,387.2499999999996,387.9999999999996,1366
2026-05-01T13:30:00+00:00,387.9999999999996,393.4499999999996,387.9099999999996,390.4799999999996,1903
2026-05-01T13:35:00+00:00,390.4799999999996,390.7299999999996,386.2599999999996,388.6199999999996,2002
2026-05-01T13:40:00+00:00,388.6199999999996,388.95999999999964,386.8199999999996,387.5599999999996,1630
2026-05-01T13:45:00+00:00,387.5599999999996,388.4099999999996,385.8499999999996,388.2599999999996,1725
2026-05-01T13:50:00+00:00,388.2599999999996,389.1999999999996,387.1399999999996,388.5699999999996,1609
2026-05-01T13:55:00+00:00,388.5699999999996,389.9999999999996,388.3599999999996,389.0699999999996,1593
2026-05-01T14:00:00+00:00,389.0699999999996,390.5099999999996,388.6999999999996,389.2599999999996,1631
2026-05-01T14:05:00+00:00,389.2599999999996,392.1199999999996,388.7599999999996,391.5099999999996,1749
2026-05-01T14:10:00+00:00,391.5099999999996,393.1799999999996,390.9499999999996,392.4199999999996,1860
2026-05-01T14:15:00+00:00,392.4199999999996,392.5699999999996,390.9199999999996,391.6399999999996,1642
2026-05-01T14:20:00+00:00,391.6399999999996,392.5499999999996,390.51999999999964,392.0399999999996,1258
2026-05-01T14:25:00+00:00,392.0399999999996,394.6099999999996,391.7899999999996,394.3099999999996,1494
2026-05-01T14:30:00+00:00,394.3099999999996,394.8099999999996,393.1399999999996,393.70999999999964,1747
2026-05-01T14:35:00+00:00,393.70999999999964,394.1899999999996,391.2499999999996,392.9199999999996,1971
2026-05-01T14:40:00+00:00,392.9199999999996,395.7399999999996,392.8899999999996,394.5599999999996,1763
2026-05-01T14:45:00+00:00,394.5599999999996,396.3499999999996,393.9399999999996,396.1899999999996,1670
2026-05-01T14:50:00+00:00,396.1899999999996,396.2399999999996,394.83999999999963,395.0599999999996,1630
2026-05-01T14:55:00+00:00,395.0599999999996,397.8099999999996,395.0399999999996,397.3599999999996,1646.918433026301
2026-05-01T15:00:00+00:00,397.3599999999996,397.6099999999996,396.0899999999996,397.0599999999996,1923
2026-05-01T15:05:00+00:00,397.0599999999996,398.6399999999996,396.7499999999996,398.52999999999963,1695
2026-05-01T15:10:00+00:00,398.52999999999963,399.27999999999963,397.8099999999996,398.2899999999996,1738
2026-05-01T15:15:00+00:00,398.2899999999996,398.6999999999996,397.3599999999996,397.5099999999996,1537
2026-05-01T15:20:00+00:00,397.5099999999996,398.5699999999996,397.3399999999996,397.8899999999996,1276
2026-05-01T15:25:00+00:00,397.8899999999996,398.8499999999996,397.6399999999996,398.8199999999996,1178
2026-05-01T15:30:00+00:00,398.8199999999996,400.3599999999996,398.4999999999996,399.6999999999996,1453
2026-05-01T15:35:00+00:00,399.6999999999996,401.3299999999996,399.3799999999996,400.8099999999996,1345
2026-05-01T15:40:00+00:00,400.8099999999996,401.8399999999996,400.3699999999996,400.8399999999996,1429
2026-05-01T15:45:00+00:00,400.8399999999996,402.6499999999996,400.4299999999996,402.2399999999996,1493
2026-05-01T15:50:00+00:00,402.2399999999996,402.4299999999996,398.8199999999996,399.6299999999996,1913
2026-05-01T15:55:00+00:00,399.6299999999996,401.2699999999996,399.5899999999996,400.5899999999996,1390
2026-05-01T16:00:00+00:00,400.5899999999996,402.5999999999996,400.3699999999996,401.6899999999996,1289
2026-05-01T16:05:00+00:00,401.6899999999996,402.1099999999996,399.6899999999996,399.8599999999996,1221
2026-05-01T16:10:00+00:00,399.8599999999996,400.2999999999996,399.4899999999996,400.1999999999996,1319
2026-05-01T16:15:00+00:00,400.1999999999996,401.4199999999996,400.1899999999996,401.3899999999996,976
2026-05-01T16:20:00+00:00,401.3899999999996,402.5399999999996,401.2099999999996,401.6099999999996,1364
2026-05-01T16:25:00+00:00,401.6099999999996,402.3599999999996,400.77999999999963,401.5199999999996,1532
2026-05-01T16:30:00+00:00,401.5199999999996,402.1799999999996,400.46999999999963,401.1499999999996,1324
2026-05-01T16:35:00+00:00,401.1499999999996,401.8299999999996,400.5199999999996,400.7499999999996,1123
2026-05-01T16:40:00+00:00,400.7499999999996,400.8899999999996,399.5999999999996,400.4099999999996,1214
2026-05-01T16:45:00+00:00,400.4099999999996,400.7499999999996,399.5899999999996,399.7399999999996,1165
2026-05-01T16:50:00+00:00,399.7399999999996,401.1599999999996,399.5099999999996,401.1199999999996,1122
2026-05-01T16:55:00+00:00,401.1199999999996,401.5699999999996,400.5899999999996,400.7599999999996,1093
2026-05-01T17:00:00+00:00,400.7599999999996,401.0999999999996,400.0699999999996,400.2499999999996,1116
2026-05-01T17:05:00+00:00,400.2499999999996,401.1699999999996,399.9999999999996,400.5599999999996,992
2026-05-01T17:10:00+00:00,400.5599999999996,401.3699999999996,400.3399999999996,401.2999999999996,908
2026-05-01T17:15:00+00:00,401.2999999999996,401.8499999999996,401.1499999999996,401.3199999999996,1019
2026-05-01T17:20:00+00:00,401.3199999999996,401.77999999999963,400.9499999999996,401.0399999999996,851
2026-05-01T17:25:00+00:00,401.0399999999996,401.4999999999996,401.0199999999996,401.3999999999996,801
2026-05-01T17:30:00+00:00,401.3999999999996,401.5599999999996,401.02999999999963,401.2499999999996,805
2026-05-01T17:35:00+00:00,401.2499999999996,402.1699999999996,401.1199999999996,401.96999999999963,973
2026-05-01T17:40:00+00:00,401.96999999999963,403.6099999999996,401.96999999999963,403.2399999999996,1219
2026-05-01T17:45:00+00:00,403.2399999999996,403.3899999999996,402.7999999999996,403.2099999999996,848
2026-05-01T17:50:00+00:00,403.2099999999996,403.6199999999996,402.8899999999996,403.1099999999996,1009
2026-05-01T17:55:00+00:00,403.1099999999996,403.9199999999996,402.7699999999996,403.8099999999996,845
2026-05-01T18:00:00+00:00,403.8099999999996,403.9899999999996,402.5199999999996,402.9799999999996,1121
2026-05-01T18:05:00+00:00,402.9799999999996,403.3299999999996,402.6299999999996,403.21999999999963,964
2026-05-01T18:10:00+00:00,403.21999999999963,403.6299999999996,402.6999999999996,402.8299999999996,998
2026-05-01T18:15:00+00:00,402.8299999999996,403.0699999999996,401.7399999999996,402.0399999999996,1108
2026-05-01T18:20:00+00:00,402.0399999999996,403.0799999999996,401.5499999999996,402.9899999999996,1087
2026-05-01T18:25:00+00:00,402.9899999999996,402.9999999999996,402.0599999999996,402.4099999999996,1006
2026-05-01T18:30:00+00:00,402.4099999999996,402.5599999999996,401.4399999999996,401.6299999999996,1169
2026-05-01T18:35:00+00:00,401.6299999999996,401.6799999999996,400.7699999999996,401.0099999999996,1038
2026-05-01T18:40:00+00:00,401.0099999999996,401.0199999999996,400.1199999999996,400.8799999999996,1003
2026-05-01T18:45:00+00:00,400.8799999999996,400.9299999999996,399.7999999999996,400.2299999999996,1010
2026-05-01T18:50:00+00:00,400.2299999999996,400.9199999999996,399.9899999999996,400.9199999999996,819
2026-05-01T18:55:00+00:00,400.9199999999996,401.3899999999996,400.4099999999996,400.4599999999996,952
2026-05-01T19:00:00+00:00,400.4599999999996,401.3599999999996,400.4599999999996,401.1799999999996,1139
2026-05-01T19:05:00+00:00,401.1799999999996,401.8399999999996,400.8099999999996,401.8399999999996,1017
2026-05-01T19:10:00+00:00,401.8399999999996,401.9799999999996,401.5399999999996,401.6899999999996,1045
2026-05-01T19:15:00+00:00,401.6899999999996,401.7399999999996,400.7999999999996,401.1299999999996,1096
2026-05-01T19:20:00+00:00,401.1299999999996,401.1699999999996,400.0199999999996,400.4199999999996,1044
2026-05-01T19:25:00+00:00,400.4199999999996,400.6899999999996,400.0999999999996,400.5699999999996,1086
2026-05-01T19:30:00+00:00,400.5699999999996,400.71999999999963,399.0799999999996,399.3699999999996,1556
2026-05-01T19:35:00+00:00,399.3699999999996,399.4099999999996,398.5999999999996,399.1199999999996,1252
2026-05-01T19:40:00+00:00,399.1199999999996,399.1299999999996,397.7299999999996,398.0599999999996,1718
2026-05-01T19:45:00+00:00,398.0599999999996,398.6599999999996,397.5999999999996,398.4799999999996,1690
2026-05-01T19:50:00+00:00,398.4799999999996,398.4999999999996,396.5799999999996,396.5799999999996,2166
2026-05-01T19:55:00+00:00,396.5799999999996,397.3099999999996,396.2999999999996,396.9299999999996,1488
2026-05-04T13:30:00+00:00,396.9299999999996,398.3399999999996,393.9899999999996,394.5599999999996,1549
2026-05-04T13:35:00+00:00,394.5599999999996,397.8399999999996,393.5899999999996,397.6599999999996,1676
2026-05-04T13:40:00+00:00,397.6599999999996,400.4399999999996,397.2099999999996,398.9799999999996,1728
2026-05-04T13:45:00+00:00,398.9799999999996,400.1799999999996,397.8699999999996,398.6999999999996,1523
2026-05-04T13:50:00+00:00,398.6999999999996,399.1899999999996,396.4999999999996,398.6599999999996,1491
2026-05-04T13:55:00+00:00,398.6599999999996,400.1199999999996,397.8299999999996,399.2599999999996,1410
2026-05-04T14:00:00+00:00,399.2599999999996,400.6499999999996,398.71999999999963,399.3099999999996,1595
2026-05-04T14:05:00+00:00,399.3099999999996,399.6399999999996,395.7999999999996,395.9899999999996,1486
2026-05-04T14:10:00+00:00,395.9899999999996,398.3099999999996,395.6099999999996,397.8799999999996,1450
2026-05-04T14:15:00+00:00,397.8799999999996,398.8799999999996,397.6999999999996,397.9199999999996,1269
2026-05-04T14:20:00+00:00,397.9199999999996,398.0099999999996,395.9099999999996,396.2099999999996,1306
2026-05-04T14:25:00+00:00,396.2099999999996,396.4999999999996,395.0699999999996,395.1099999999996,1243
2026-05-04T14:30:00+00:00,395.1099999999996,396.9499999999996,394.6199999999996,396.6699999999996,1389
2026-05-04T14:35:00+00:00,396.6699999999996,397.8099999999996,396.0899999999996,397.3899999999996,1104
2026-05-04T14:40:00+00:00,397.3899999999996,397.8699999999996,396.8099999999996,396.96999999999963,990
2026-05-04T14:45:00+00:00,396.96999999999963,398.3499999999996,396.9499999999996,398.02999999999963,940
2026-05-04T14:50:00+00:00,398.02999999999963,398.5899999999996,397.5599999999996,397.71999999999963,991
2026-05-04T14:55:00+00:00,397.71999999999963,398.1999999999996,395.5999999999996,395.6099999999996,1391
2026-05-04T15:00:00+00:00,395.6099999999996,397.6299999999996,395.0899999999996,397.1699999999996,1491
2026-05-04T15:05:00+00:00,397.1699999999996,397.1699999999996,396.0799999999996,396.3899999999996,1000
2026-05-04T15:10:00+00:00,396.3899999999996,396.6499999999996,395.3899999999996,395.8699999999996,1043
2026-05-04T15:15:00+00:00,395.8699999999996,396.4499999999996,394.02999999999963,394.1899999999996,1381
2026-05-04T15:20:00+00:00,394.1899999999996,394.2099999999996,392.0199999999996,392.8899999999996,2484
2026-05-04T15:25:00+00:00,392.8899999999996,395.3599999999996,392.6999999999996,394.9199999999996,1768
2026-05-04T15:30:00+00:00,394.9199999999996,395.2599999999996,393.4799999999996,394.1899999999996,1661
2026-05-04T15:35:00+00:00,394.1899999999996,394.1899999999996,392.1899999999996,392.2999999999996,1616
2026-05-04T15:40:00+00:00,392.2999999999996,393.7999999999996,391.4199999999996,393.5899999999996,1598
2026-05-04T15:45:00+00:00,393.5899999999996,393.6999999999996,392.2899999999996,392.3199999999996,1359
2026-05-04T15:50:00+00:00,392.3199999999996,393.4799999999996,391.4299999999996,393.4299999999996,1641
2026-05-04T15:55:00+00:00,393.4299999999996,393.8699999999996,392.9399999999996,393.3199999999996,1404
2026-05-04T16:00:00+00:00,393.3199999999996,393.7399999999996,392.4899999999996,393.1999999999996,1250
2026-05-04T16:05:00+00:00,393.1999999999996,393.3199999999996,390.9999999999996,392.3799999999996,1648
2026-05-04T16:10:00+00:00,392.3799999999996,393.1899999999996,391.6299999999996,392.71999999999963,1361
2026-05-04T16:15:00+00:00,392.71999999999963,394.9499999999996,392.0899999999996,394.6799999999996,1768
2026-05-04T16:20:00+00:00,394.6799999999996,395.0599999999996,394.0399999999996,394.0599999999996,1304
2026-05-04T16:25:00+00:00,394.0599999999996,394.5099999999996,393.4299999999996,393.5699999999996,1057
2026-05-04T16:30:00+00:00,393.5699999999996,394.7599999999996,393.3099999999996,394.71999999999963,1004
2026-05-04T16:35:00+00:00,394.71999999999963,394.9399999999996,393.6699999999996,393.9999999999996,1058
2026-05-04T16:40:00+00:00,393.9999999999996,395.0799999999996,393.9599999999996,394.5599999999996,900
2026-05-04T16:45:00+00:00,394.5599999999996,395.0899999999996,394.3999999999996,395.0899999999996,862
2026-05-04T16:50:00+00:00,395.0899999999996,395.7999999999996,394.7999999999996,395.5899999999996,1085
2026-05-04T16:55:00+00:00,395.5899999999996,396.21999999999963,395.1999999999996,396.0699999999996,954
2026-05-04T17:00:00+00:00,396.0699999999996,396.8299999999996,395.9999999999996,396.5699999999996,1192
2026-05-04T17:05:00+00:00,396.5699999999996,398.4399999999996,396.5499999999996,398.3799999999996,1114
2026-05-04T17:10:00+00:00,398.3799999999996,398.8899999999996,397.8199999999996,398.3499999999996,999
2026-05-04T17:15:00+00:00,398.3499999999996,399.5699999999996,398.0499999999996,399.4899999999996,1323
2026-05-04T17:20:00+00:00,399.4899999999996,400.2899999999996,399.4799999999996,399.9499999999996,998
2026-05-04T17:25:00+00:00,399.9499999999996,400.4199999999996,399.3299999999996,399.4799999999996,981
2026-05-04T17:30:00+00:00,399.4799999999996,400.1899999999996,399.3699999999996,399.6199999999996,836
2026-05-04T17:35:00+00:00,399.6199999999996,399.6599999999996,398.7099999999996,399.5199999999996,888
2026-05-04T17:40:00+00:00,399.5199999999996,400.1099999999996,399.1899999999996,399.6799999999996,751
2026-05-04T17:45:00+00:00,399.6799999999996,399.6799999999996,398.6999999999996,398.7299999999996,699
2026-05-04T17:50:00+00:00,398.7299999999996,399.1999999999996,398.4999999999996,398.7299999999996,680
2026-05-04T17:55:00+00:00,398.7299999999996,399.3399999999996,398.3099999999996,398.3099999999996,612
2026-05-04T18:00:00+00:00,398.3099999999996,398.71999999999963,398.0699999999996,398.6999999999996,720
2026-05-04T18:05:00+00:00,398.6999999999996,399.02999999999963,398.2699999999996,398.2699999999996,572
2026-05-04T18:10:00+00:00,398.2699999999996,398.2699999999996,397.6899999999996,397.8199999999996,661
2026-05-04T18:15:00+00:00,397.8199999999996,397.8199999999996,397.0199999999996,397.1699999999996,715
2026-05-04T18:20:00+00:00,397.1699999999996,397.9599999999996,397.0199999999996,397.7299999999996,794
2026-05-04T18:25:00+00:00,397.7299999999996,398.6399999999996,397.2999999999996,398.6199999999996,813
2026-05-04T18:30:00+00:00,398.6199999999996,398.7399999999996,397.5999999999996,397.7699999999996,683
2026-05-04T18:35:00+00:00,397.7699999999996,397.8399999999996,397.1899999999996,397.4899999999996,642
2026-05-04T18:40:00+00:00,397.4899999999996,397.8499999999996,397.1699999999996,397.2099999999996,507
2026-05-04T18:45:00+00:00,397.2099999999996,397.4999999999996,396.7999999999996,397.4399999999996,710
2026-05-04T18:50:00+00:00,397.4399999999996,398.1599999999996,397.2099999999996,397.4199999999996,806
2026-05-04T18:55:00+00:00,397.4199999999996,399.0399999999996,397.3599999999996,398.9599999999996,654
2026-05-04T19:00:00+00:00,398.9599999999996,399.3499999999996,398.3999999999996,398.8299999999996,684
2026-05-04T19:05:00+00:00,398.8299999999996,399.5199999999996,398.5999999999996,399.2299999999996,1255
2026-05-04T19:10:00+00:00,399.2299999999996,399.96999999999963,398.9899999999996,399.8499999999996,1038
2026-05-04T19:15:00+00:00,399.8499999999996,400.0099999999996,399.0999999999996,399.1999999999996,967
2026-05-04T19:20:00+00:00,399.1999999999996,399.4999999999996,398.8099999999996,398.9999999999996,885
2026-05-04T19:25:00+00:00,398.9999999999996,399.6499999999996,398.7399999999996,399.2699999999996,1054
2026-05-04T19:30:00+00:00,399.2699999999996,399.4599999999996,398.9299999999996,399.1899999999996,875
2026-05-04T19:35:00+00:00,399.1899999999996,399.21999999999963,398.6599999999996,398.7299999999996,823
2026-05-04T19:40:00+00:00,398.7299999999996,398.9099999999996,398.21999999999963,398.6999999999996,899
2026-05-04T19:45:00+00:00,398.6999999999996,399.0999999999996,398.3399999999996,399.0399999999996,866
2026-05-04T19:50:00+00:00,399.0399999999996,399.0399999999996,397.9899999999996,398.8499999999996,1265
2026-05-04T19:55:00+00:00,398.8499999999996,398.8799999999996,398.2299999999996,398.77999999999963,1247
2026-05-05T13:30:00+00:00,398.77999999999963,406.3699999999996,398.77999999999963,405.8899999999996,1740
2026-05-05T13:35:00+00:00,405.8899999999996,406.0699999999996,403.7599999999996,404.1199999999996,1877
2026-05-05T13:40:00+00:00,404.1199999999996,408.1499999999996,403.9899999999996,407.1999999999996,1917
2026-05-05T13:45:00+00:00,407.1999999999996,408.02999999999963,403.6499999999996,403.8199999999996,1675
2026-05-05T13:50:00+00:00,403.8199999999996,405.1699999999996,402.9299999999996,402.9999999999996,1554
2026-05-05T13:55:00+00:00,402.9999999999996,404.6299999999996,402.9299999999996,404.2899999999996,1338
2026-05-05T14:00:00+00:00,404.2899999999996,407.1699999999996,403.7599999999996,407.0099999999996,1486
2026-05-05T14:05:00+00:00,407.0099999999996,407.8999999999996,405.0499999999996,405.2699999999996,1537
2026-05-05T14:10:00+00:00,405.2699999999996,405.52999999999963,401.71999999999963,401.8499999999996,1878
2026-05-05T14:15:00+00:00,401.8499999999996,402.9999999999996,400.9999999999996,401.9899999999996,2073
2026-05-05T14:20:00+00:00,401.9899999999996,402.8299999999996,401.5099999999996,401.6699999999996,1528
2026-05-05T14:25:00+00:00,401.6699999999996,402.2999999999996,400.4499999999996,400.5899999999996,1420
2026-05-05T14:30:00+00:00,400.5899999999996,401.3799999999996,399.6599999999996,401.2099999999996,1523
2026-05-05T14:35:00+00:00,401.2099999999996,401.6799999999996,398.5899999999996,398.7099999999996,1555
2026-05-05T14:40:00+00:00,398.7099999999996,400.3299999999996,398.2999999999996,400.0399999999996,1452
2026-05-05T14:45:00+00:00,400.0399999999996,400.7399999999996,398.9599999999996,399.4199999999996,1303
2026-05-05T14:50:00+00:00,399.4199999999996,400.0799999999996,398.9499999999996,399.6299999999996,1386
2026-05-05T14:55:00+00:00,399.6299999999996,399.8299999999996,398.4199999999996,398.4499999999996,1375
2026-05-05T15:00:00+00:00,398.4499999999996,399.1199999999996,398.02999999999963,399.0199999999996,1287
2026-05-05T15:05:00+00:00,399.0199999999996,399.3499999999996,398.3699999999996,398.8199999999996,1353
2026-05-05T15:10:00+00:00,398.8199999999996,399.6599999999996,398.4199999999996,398.5399999999996,1168
2026-05-05T15:15:00+00:00,398.5399999999996,398.9199999999996,397.7399999999996,398.5199999999996,1284
2026-05-05T15:20:00+00:00,398.5199999999996,399.7299999999996,398.4799999999996,399.2899999999996,1237
2026-05-05T15:25:00+00:00,399.2899999999996,400.1799999999996,399.1899999999996,400.1799999999996,1214
2026-05-05T15:30:00+00:00,400.1799999999996,400.8199999999996,398.9899999999996,399.2999999999996,1192
2026-05-05T15:35:00+00:00,399.2999999999996,401.1499999999996,399.27999999999963,401.0099999999996,1171
2026-05-05T15:40:00+00:00,401.0099999999996,401.5399999999996,400.6999999999996,401.0499999999996,1109
2026-05-05T15:45:00+00:00,401.0499999999996,401.3999999999996,400.2899999999996,400.2999999999996,1092
2026-05-05T15:50:00+00:00,400.2999999999996,400.4299999999996,399.1199999999996,399.7399999999996,924
2026-05-05T15:55:00+00:00,399.7399999999996,399.7399999999996,398.5099999999996,399.1699999999996,968
2026-05-05T16:00:00+00:00,399.1699999999996,400.1899999999996,398.7599999999996,399.9799999999996,1125
2026-05-05T16:05:00+00:00,399.9799999999996,400.3999999999996,399.4399999999996,399.5599999999996,943
2026-05-05T16:10:00+00:00,399.5599999999996,399.8799999999996,398.5099999999996,398.6299999999996,770
2026-05-05T16:15:00+00:00,398.6299999999996,398.6599999999996,397.8399999999996,398.6399999999996,994
2026-05-05T16:20:00+00:00,398.6399999999996,398.7999999999996,397.3299999999996,397.5499999999996,918
2026-05-05T16:25:00+00:00,397.5499999999996,397.6099999999996,395.1699999999996,395.7999999999996,1350
2026-05-05T16:30:00+00:00,395.7999999999996,397.1599999999996,395.3899999999996,397.0899999999996,1106
2026-05-05T16:35:00+00:00,397.0899999999996,398.0999999999996,397.0499999999996,397.2899999999996,1023
2026-05-05T16:40:00+00:00,397.2899999999996,398.4399999999996,396.7299999999996,398.3099999999996,1017
2026-05-05T16:45:00+00:00,398.3099999999996,398.4999999999996,397.6899999999996,397.8099999999996,907
2026-05-05T16:50:00+00:00,397.8099999999996,398.6599999999996,397.4099999999996,397.5099999999996,798
2026-05-05T16:55:00+00:00,397.5099999999996,398.5199999999996,397.2699999999996,398.4199999999996,883
2026-05-05T17:00:00+00:00,398.4199999999996,398.5499999999996,397.6199999999996,398.0499999999996,872
2026-05-05T17:05:00+00:00,398.0499999999996,398.27999999999963,397.6099999999996,397.71999999999963,786
2026-05-05T17:10:00+00:00,397.71999999999963,398.2599999999996,397.46999999999963,397.7499999999996,741
2026-05-05T17:15:00+00:00,397.7499999999996,398.2299999999996,397.4599999999996,397.77999999999963,828
2026-05-05T17:20:00+00:00,397.77999999999963,398.3399999999996,397.6899999999996,397.7299999999996,719
2026-05-05T17:25:00+00:00,397.7299999999996,398.3499999999996,397.6099999999996,398.2299999999996,696
2026-05-05T17:30:00+00:00,398.2299999999996,398.3799999999996,397.8599999999996,397.8999999999996,775
2026-05-05T17:35:00+00:00,397.8999999999996,398.1299999999996,397.5599999999996,397.7399999999996,686
2026-05-05T17:40:00+00:00,397.7399999999996,398.6499999999996,397.4899999999996,398.2299999999996,754
2026-05-05T17:45:00+00:00,398.2299999999996,398.5699999999996,398.0999999999996,398.2999999999996,640
2026-05-05T17:50:00+00:00,398.2999999999996,398.6299999999996,398.0399999999996,398.0499999999996,672
2026-05-05T17:55:00+00:00,398.0499999999996,398.4599999999996,397.3399999999996,397.3399999999996,778
2026-05-05T18:00:00+00:00,397.3399999999996,399.2099999999996,397.3399999999996,399.1499999999996,710
2026-05-05T18:05:00+00:00,399.1499999999996,399.2299999999996,398.7099999999996,398.7999999999996,719
2026-05-05T18:10:00+00:00,398.7999999999996,399.0599999999996,398.3799999999996,398.6799999999996,622
2026-05-05T18:15:00+00:00,398.6799999999996,398.9899999999996,398.3799999999996,398.6299999999996,625
2026-05-05T18:20:00+00:00,398.6299999999996,398.9599999999996,398.4799999999996,398.52999999999963,517
2026-05-05T18:25:00+00:00,398.52999999999963,398.5399999999996,397.9099999999996,397.9599999999996,616
2026-05-05T18:30:00+00:00,397.9599999999996,398.5999999999996,397.7499999999996,397.9099999999996,854
2026-05-05T18:35:00+00:00,397.9099999999996,398.2099999999996,397.3499999999996,397.7099999999996,812
2026-05-05T18:40:00+00:00,397.7099999999996,397.9399999999996,397.46999999999963,397.5899999999996,530
2026-05-05T18:45:00+00:00,397.5899999999996,397.8499999999996,397.1899999999996,397.5399999999996,702
2026-05-05T18:50:00+00:00,397.5399999999996,397.7899999999996,396.3899999999996,396.8599999999996,853
2026-05-05T18:55:00+00:00,396.8599999999996,397.5999999999996,396.8599999999996,397.2399999999996,638
2026-05-05T19:00:00+00:00,397.2399999999996,398.0199999999996,397.1399999999996,397.9099999999996,842
2026-05-05T19:05:00+00:00,397.9099999999996,398.4899999999996,397.46999999999963,397.5899999999996,816
2026-05-05T19:10:00+00:00,397.5899999999996,398.0399999999996,397.4999999999996,397.8499999999996,882
2026-05-05T19:15:00+00:00,397.8499999999996,398.77999999999963,397.7099999999996,398.52999999999963,846
2026-05-05T19:20:00+00:00,398.52999999999963,398.5899999999996,397.9899999999996,398.4899999999996,847
2026-05-05T19:25:00+00:00,398.4899999999996,398.7399999999996,398.1899999999996,398.2699999999996,898
2026-05-05T19:30:00+00:00,398.2699999999996,398.3799999999996,397.6299999999996,397.6399999999996,913
2026-05-05T19:35:00+00:00,397.6399999999996,398.2899999999996,397.5599999999996,398.2699999999996,822
2026-05-05T19:40:00+00:00,398.2699999999996,398.5899999999996,398.1099999999996,398.4199999999996,875
2026-05-05T19:45:00+00:00,398.4199999999996,398.6299999999996,398.2499999999996,398.3099999999996,945
2026-05-05T19:50:00+00:00,398.3099999999996,398.3399999999996,396.9799999999996,397.0499999999996,1632
2026-05-05T19:55:00+00:00,397.0499999999996,397.0799999999996,395.3299999999996,395.7299999999996,1952
2026-05-06T13:30:00+00:00,395.7299999999996,395.7299999999996,390.1999999999996,393.9799999999996,1644
2026-05-06T13:35:00+00:00,393.9799999999996,395.21999999999963,392.8099999999996,394.5399999999996,1659
2026-05-06T13:40:00+00:00,394.5399999999996,396.1299999999996,393.9299999999996,395.6799999999996,1412
2026-05-06T13:45:00+00:00,395.6799999999996,396.6599999999996,394.4099999999996,396.3199999999996,1574
2026-05-06T13:50:00+00:00,396.3199999999996,398.0099999999996,395.46999999999963,397.8699999999996,1612
2026-05-06T13:55:00+00:00,397.8699999999996,398.1899999999996,395.6999999999996,395.7299999999996,1301
2026-05-06T14:00:00+00:00,395.7299999999996,397.0199999999996,395.1199999999996,396.6799999999996,1419
2026-05-06T14:05:00+00:00,396.6799999999996,398.4499999999996,396.4399999999996,398.27999999999963,1497
2026-05-06T14:10:00+00:00,398.27999999999963,399.4499999999996,398.2299999999996,398.4799999999996,1504
2026-05-06T14:15:00+00:00,398.4799999999996,400.6699999999996,398.4599999999996,399.4199999999996,1471
2026-05-06T14:20:00+00:00,399.4199999999996,400.1199999999996,399.0499999999996,399.3299999999996,1218
2026-05-06T14:25:00+00:00,399.3299999999996,400.2999999999996,398.9799999999996,399.6699999999996,1305
2026-05-06T14:30:00+00:00,399.6699999999996,400.2299999999996,398.7099999999996,399.0499999999996,1314
2026-05-06T14:35:00+00:00,399.0499999999996,399.3499999999996,398.3299999999996,399.2299999999996,1053
2026-05-06T14:40:00+00:00,399.2299999999996,399.7399999999996,398.3999999999996,399.4499999999996,1179
2026-05-06T14:45:00+00:00,399.4499999999996,399.6099999999996,398.9799999999996,399.2299999999996,1144
2026-05-06T14:50:00+00:00,399.2299999999996,399.2699999999996,398.1899999999996,398.5799999999996,927
2026-05-06T14:55:00+00:00,398.5799999999996,399.0799999999996,397.24999999999966,397.36999999999966,1125.6963123644252
2026-05-06T15:00:00+00:00,397.36999999999966,398.3899999999997,397.2599999999997,398.2299999999997,980
2026-05-06T15:05:00+00:00,398.2299999999997,398.2299999999997,397.6599999999997,397.7099999999997,823
2026-05-06T15:10:00+00:00,397.7099999999997,398.4199999999997,397.5699999999997,398.0199999999997,956
2026-05-06T15:15:00+00:00,398.0199999999997,400.1099999999997,397.8899999999997,399.8199999999997,1115
2026-05-06T15:20:00+00:00,399.8199999999997,400.0399999999997,398.7699999999997,398.79999999999967,1043
2026-05-06T15:25:00+00:00,398.79999999999967,399.4999999999997,398.6599999999997,399.05999999999966,887
2026-05-06T15:30:00+00:00,399.05999999999966,399.9699999999997,399.0399999999997,399.9099999999997,915
2026-05-06T15:35:00+00:00,399.9099999999997,399.9699999999997,397.7699999999997,397.8499999999997,865
2026-05-06T15:40:00+00:00,397.8499999999997,398.5199999999997,397.55999999999966,398.3599999999997,907
2026-05-06T15:45:00+00:00,398.3599999999997,401.1299999999997,397.6999999999997,400.7899999999997,1144
2026-05-06T15:50:00+00:00,400.7899999999997,401.4999999999997,400.2099999999997,400.42999999999967,1004
2026-05-06T15:55:00+00:00,400.42999999999967,400.8499999999997,399.9599999999997,400.7099999999997,878
2026-05-06T16:00:00+00:00,400.7099999999997,401.8399999999997,400.1699999999997,401.5699999999997,1025
2026-05-06T16:05:00+00:00,401.5699999999997,401.7499999999997,400.9699999999997,401.30999999999966,835
2026-05-06T16:10:00+00:00,401.30999999999966,401.7599999999997,400.9599999999997,401.5299999999997,817
2026-05-06T16:15:00+00:00,401.5299999999997,402.98999999999967,401.05999999999966,402.8299999999997,991
2026-05-06T16:20:00+00:00,402.8299999999997,403.5099999999997,402.3999999999997,403.1299999999997,1039
2026-05-06T16:25:00+00:00,403.1299999999997,404.1699999999997,402.9599999999997,403.2599999999997,991
2026-05-06T16:30:00+00:00,403.2599999999997,403.4199999999997,402.6599999999997,402.7299999999997,730
2026-05-06T16:35:00+00:00,402.7299999999997,402.9199999999997,402.2299999999997,402.67999999999967,721
2026-05-06T16:40:00+00:00,402.67999999999967,403.48999999999967,402.4999999999997,403.1899999999997,711
2026-05-06T16:45:00+00:00,403.1899999999997,403.2799999999997,401.8599999999997,401.9699999999997,811
2026-05-06T16:50:00+00:00,401.9699999999997,402.54999999999967,401.9599999999997,402.1499999999997,713
2026-05-06T16:55:00+00:00,402.1499999999997,403.86999999999966,402.1099999999997,403.55999999999966,1020
2026-05-06T17:00:00+00:00,403.55999999999966,404.5299999999997,403.2699999999997,404.3799999999997,971
2026-05-06T17:05:00+00:00,404.3799999999997,404.7699999999997,403.9399999999997,404.4499999999997,937
2026-05-06T17:10:00+00:00,404.4499999999997,405.8599999999997,404.11999999999966,405.3599999999997,1073
2026-05-06T17:15:00+00:00,405.3599999999997,405.6099999999997,404.11999999999966,404.4799999999997,842
2026-05-06T17:20:00+00:00,404.4799999999997,405.0399999999997,404.2699999999997,404.6399999999997,705
2026-05-06T17:25:00+00:00,404.6399999999997,405.1599999999997,404.5099999999997,404.7599999999997,651
2026-05-06T17:30:00+00:00,404.7599999999997,404.92999999999967,403.9799999999997,404.55999999999966,785
2026-05-06T17:35:00+00:00,404.55999999999966,405.05999999999966,404.36999999999966,404.4099999999997,673
2026-05-06T17:40:00+00:00,404.4099999999997,404.5199999999997,403.54999999999967,403.7199999999997,757
2026-05-06T17:45:00+00:00,403.7199999999997,403.86999999999966,403.2099999999997,403.8599999999997,694
2026-05-06T17:50:00+00:00,403.8599999999997,403.9799999999997,402.92999999999967,403.0999999999997,665
2026-05-06T17:55:00+00:00,403.0999999999997,403.9499999999997,402.7699999999997,403.67999999999967,684
2026-05-06T18:00:00+00:00,403.67999999999967,404.4699999999997,403.6599999999997,404.2899999999997,658
2026-05-06T18:05:00+00:00,404.2899999999997,405.92999999999967,404.1699999999997,405.5399999999997,831
2026-05-06T18:10:00+00:00,405.5399999999997,406.7599999999997,405.2499999999997,406.5899999999997,1096
2026-05-06T18:15:00+00:00,406.5899999999997,407.2599999999997,406.0899999999997,406.5099999999997,923
2026-05-06T18:20:00+00:00,406.5099999999997,406.5799999999997,405.3799999999997,405.7599999999997,827
2026-05-06T18:25:00+00:00,405.7599999999997,407.2699999999997,405.5399999999997,407.0099999999997,862
2026-05-06T18:30:00+00:00,407.0099999999997,407.4799999999997,406.2899999999997,406.4499999999997,776
2026-05-06T18:35:00+00:00,406.4499999999997,406.8999999999997,405.9599999999997,405.9599999999997,683
2026-05-06T18:40:00+00:00,405.9599999999997,406.5899999999997,405.9599999999997,406.11999999999966,752
2026-05-06T18:45:00+00:00,406.11999999999966,406.73999999999967,405.8899999999997,406.1899999999997,764
2026-05-06T18:50:00+00:00,406.1899999999997,406.4099999999997,405.9599999999997,405.98999999999967,646
2026-05-06T18:55:00+00:00,405.98999999999967,406.17999999999967,405.2199999999997,405.29999999999967,679
2026-05-06T19:00:00+00:00,405.29999999999967,406.36999999999966,405.2599999999997,406.0699999999997,1030
2026-05-06T19:05:00+00:00,406.0699999999997,407.0799999999997,406.0699999999997,406.54999999999967,1074
2026-05-06T19:10:00+00:00,406.54999999999967,406.8999999999997,406.3799999999997,406.8999999999997,941
2026-05-06T19:15:00+00:00,406.8999999999997,407.5999999999997,406.7199999999997,407.5299999999997,875
2026-05-06T19:20:00+00:00,407.5299999999997,407.7599999999997,406.5099999999997,406.55999999999966,1071
2026-05-06T19:25:00+00:00,406.55999999999966,407.0899999999997,406.0699999999997,406.86999999999966,957
2026-05-06T19:30:00+00:00,406.86999999999966,406.86999999999966,405.3999999999997,405.4699999999997,1127
2026-05-06T19:35:00+00:00,405.4699999999997,405.6299999999997,404.9799999999997,405.5299999999997,1006
2026-05-06T19:40:00+00:00,405.5299999999997,405.6999999999997,404.7199999999997,404.8899999999997,1031
2026-05-06T19:45:00+00:00,404.8899999999997,406.0999999999997,404.86999999999966,405.6299999999997,1085
2026-05-06T19:50:00+00:00,405.6299999999997,406.5399999999997,405.05999999999966,405.1399999999997,1197
2026-05-06T19:55:00+00:00,405.1399999999997,405.23999999999967,404.2099999999997,404.8399999999997,1368
2026-05-07T13:30:00+00:00,404.8399999999997,418.3999999999997,404.8399999999997,418.1699999999997,2104
2026-05-07T13:35:00+00:00,418.1699999999997,420.4399999999997,415.9199999999997,418.48999999999967,2302
2026-05-07T13:40:00+00:00,418.48999999999967,420.3599999999997,417.4599999999997,417.5899999999997,1630
2026-05-07T13:45:00+00:00,417.5899999999997,418.5899999999997,415.6599999999997,415.7799999999997,1624
2026-05-07T13:50:00+00:00,415.7799999999997,417.1999999999997,414.54999999999967,417.0699999999997,1498
2026-05-07T13:55:00+00:00,417.0699999999997,419.6499999999997,416.9699999999997,419.5699999999997,1642
2026-05-07T14:00:00+00:00,419.5699999999997,420.2699999999997,417.55999999999966,419.8899999999997,1651
2026-05-07T14:05:00+00:00,419.8899999999997,419.9599999999997,415.6599999999997,416.1499999999997,1533
2026-05-07T14:10:00+00:00,416.1499999999997,417.48999999999967,415.86999999999966,417.4499999999997,1389
2026-05-07T14:15:00+00:00,417.4499999999997,417.9399999999997,415.2799999999997,416.04999999999967,1542
2026-05-07T14:20:00+00:00,416.04999999999967,417.4499999999997,414.9799999999997,416.8899999999997,1422
2026-05-07T14:25:00+00:00,416.8899999999997,417.9499999999997,416.2899999999997,417.1899999999997,1449
2026-05-07T14:30:00+00:00,417.1899999999997,418.04999999999967,416.92999999999967,417.5399999999997,1245
2026-05-07T14:35:00+00:00,417.5399999999997,419.67999999999967,417.0799999999997,419.6699999999997,1260
2026-05-07T14:40:00+00:00,419.6699999999997,421.4999999999997,418.2899999999997,421.3399999999997,1629
2026-05-07T14:45:00+00:00,421.3399999999997,421.9499999999997,418.17999999999967,418.5099999999997,1769
2026-05-07T14:50:00+00:00,418.5099999999997,419.3999999999997,417.9499999999997,418.9999999999997,1260
2026-05-07T14:55:00+00:00,418.9999999999997,419.3299999999997,417.2199999999997,417.4699999999997,1023
2026-05-07T15:00:00+00:00,417.4699999999997,417.7899999999997,416.7799999999997,417.0199999999997,1034
2026-05-07T15:05:00+00:00,417.0199999999997,417.0899999999997,415.2699999999997,416.9599999999997,1314
2026-05-07T15:10:00+00:00,416.9599999999997,417.30999999999966,415.4799999999997,416.0099999999997,1188
2026-05-07T15:15:00+00:00,416.0099999999997,416.4499999999997,415.6599999999997,416.0699999999997,1028
2026-05-07T15:20:00+00:00,416.0699999999997,416.3199999999997,414.9699999999997,415.29999999999967,1337
2026-05-07T15:25:00+00:00,415.29999999999967,415.6299999999997,414.0199999999997,414.9099999999997,1582
2026-05-07T15:30:00+00:00,414.9099999999997,416.0399999999997,414.8999999999997,415.8799999999997,1152
2026-05-07T15:35:00+00:00,415.8799999999997,416.98999999999967,415.4799999999997,416.7299999999997,1053
2026-05-07T15:40:00+00:00,416.7299999999997,417.42999999999967,416.42999999999967,416.8299999999997,1086
2026-05-07T15:45:00+00:00,416.8299999999997,417.0999999999997,415.48999999999967,415.5199999999997,1032
2026-05-07T15:50:00+00:00,415.5199999999997,415.5799999999997,414.6699999999997,415.4999999999997,1186
2026-05-07T15:55:00+00:00,415.4999999999997,415.5299999999997,413.17999999999967,413.5199999999997,1309
2026-05-07T16:00:00+00:00,413.5199999999997,413.9499999999997,412.2699999999997,412.86999999999966,1679
2026-05-07T16:05:00+00:00,412.86999999999966,412.86999999999966,411.7199999999997,412.7599999999997,1335
2026-05-07T16:10:00+00:00,412.7599999999997,412.7699999999997,411.1899999999997,411.3499999999997,1305
2026-05-07T16:15:00+00:00,411.3499999999997,411.3499999999997,409.7899999999997,410.1699999999997,1757
2026-05-07T16:20:00+00:00,410.1699999999997,412.11999999999966,409.67999999999967,412.0699999999997,1606
2026-05-07T16:25:00+00:00,412.0699999999997,413.4799999999997,411.9399999999997,413.2699999999997,1337
2026-05-07T16:30:00+00:00,413.2699999999997,413.7099999999997,412.4999999999997,413.3999999999997,1145
2026-05-07T16:35:00+00:00,413.3999999999997,414.2099999999997,413.1599999999997,413.2499999999997,1184
2026-05-07T16:40:00+00:00,413.2499999999997,414.8199999999997,413.17999999999967,414.6899999999997,1153
2026-05-07T16:45:00+00:00,414.6899999999997,415.7299999999997,414.6099999999997,414.9499999999997,1107
2026-05-07T16:50:00+00:00,414.9499999999997,415.4199999999997,413.9699999999997,414.8999999999997,1277
2026-05-07T16:55:00+00:00,414.8999999999997,415.1899999999997,413.1699999999997,414.6499999999997,1194
2026-05-07T17:00:00+00:00,414.6499999999997,415.7499999999997,414.1699999999997,414.8999999999997,990
2026-05-07T17:05:00+00:00,414.8999999999997,415.1399999999997,413.0099999999997,413.23999999999967,957
2026-05-07T17:10:00+00:00,413.23999999999967,413.2799999999997,412.1699999999997,412.3499999999997,1134
2026-05-07T17:15:00+00:00,412.3499999999997,412.4499999999997,411.36999999999966,411.4099999999997,1136
2026-05-07T17:20:00+00:00,411.4099999999997,412.8899999999997,411.1699999999997,412.86999999999966,1147
2026-05-07T17:25:00+00:00,412.86999999999966,413.1099999999997,410.55999999999966,411.8599999999997,1731
2026-05-07T17:30:00+00:00,411.8599999999997,412.1099999999997,410.9099999999997,411.9599999999997,1430
2026-05-07T17:35:00+00:00,411.9599999999997,413.1499999999997,411.6599999999997,412.9999999999997,978
2026-05-07T17:40:00+00:00,412.9999999999997,413.4799999999997,412.17999999999967,412.3799999999997,810
2026-05-07T17:45:00+00:00,412.3799999999997,412.6999999999997,411.6599999999997,411.8899999999997,910
2026-05-07T17:50:00+00:00,411.8899999999997,412.3599999999997,411.6699999999997,412.23999999999967,768
2026-05-07T17:55:00+00:00,412.23999999999967,413.55999999999966,412.1999999999997,413.3599999999997,1184
2026-05-07T18:00:00+00:00,413.3599999999997,413.5299999999997,412.86999999999966,413.2599999999997,945
2026-05-07T18:05:00+00:00,413.2599999999997,414.0999999999997,412.9599999999997,413.2299999999997,1019
2026-05-07T18:10:00+00:00,413.2299999999997,414.04999999999967,412.9599999999997,413.5699999999997,1095
2026-05-07T18:15:00+00:00,413.5699999999997,413.7499999999997,412.9599999999997,413.29999999999967,857
2026-05-07T18:20:00+00:00,413.29999999999967,413.5399999999997,412.5699999999997,412.6399999999997,878
2026-05-07T18:25:00+00:00,412.6399999999997,412.7599999999997,411.8499999999997,412.0099999999997,999
2026-05-07T18:30:00+00:00,412.0099999999997,412.8199999999997,411.8599999999997,412.1699999999997,852
2026-05-07T18:35:00+00:00,412.1699999999997,412.42999999999967,410.6899999999997,411.0399999999997,986
2026-05-07T18:40:00+00:00,411.0399999999997,411.1599999999997,409.3499999999997,409.7099999999997,1239
2026-05-07T18:45:00+00:00,409.7099999999997,410.05999999999966,408.7299999999997,408.7299999999997,1376
2026-05-07T18:50:00+00:00,408.7299999999997,409.29999999999967,408.29999999999967,409.11999999999966,1194
2026-05-07T18:55:00+00:00,409.11999999999966,410.6099999999997,408.9199999999997,410.5799999999997,1255
2026-05-07T19:00:00+00:00,410.5799999999997,410.6599999999997,409.8299999999997,409.8299999999997,1110
2026-05-07T19:05:00+00:00,409.8299999999997,410.79999999999967,409.80999999999966,410.3599999999997,919
2026-05-07T19:10:00+00:00,410.3599999999997,411.6299999999997,410.29999999999967,411.4399999999997,1071
2026-05-07T19:15:00+00:00,411.4399999999997,411.55999999999966,410.4199999999997,410.6899999999997,1050
2026-05-07T19:20:00+00:00,410.6899999999997,411.2199999999997,410.4599999999997,411.0899999999997,978
2026-05-07T19:25:00+00:00,411.0899999999997,411.73999999999967,410.80999999999966,411.4999999999997,1158
2026-05-07T19:30:00+00:00,411.4999999999997,412.29999999999967,411.3799999999997,412.1699999999997,1222
2026-05-07T19:35:00+00:00,412.1699999999997,413.0099999999997,411.9799999999997,412.8899999999997,1127
2026-05-07T19:40:00+00:00,412.8899999999997,413.1299999999997,412.17999999999967,412.2199999999997,1230
2026-05-07T19:45:00+00:00,412.2199999999997,412.4599999999997,411.9099999999997,411.98999999999967,1290
2026-05-07T19:50:00+00:00,411.98999999999967,413.6999999999997,411.6599999999997,413.5899999999997,1637
2026-05-07T19:55:00+00:00,413.5899999999997,418.0899999999997,413.29999999999967,417.9099999999997,1774
2026-05-08T13:30:00+00:00,417.9099999999997,428.4699999999997,417.9099999999997,428.1299999999997,2110
2026-05-08T13:35:00+00:00,428.1299999999997,428.9199999999997,426.4799999999997,428.0299999999997,1961
2026-05-08T13:40:00+00:00,428.0299999999997,428.4099999999997,425.0099999999997,428.17999999999967,2047
2026-05-08T13:45:00+00:00,428.17999999999967,430.8499999999997,428.1599999999997,429.7799999999997,1969
2026-05-08T13:50:00+00:00,429.7799999999997,432.3899999999997,429.3999999999997,430.3399999999997,1879
2026-05-08T13:55:00+00:00,430.3399999999997,434.54999999999967,430.05999999999966,434.1499999999997,1846
2026-05-08T14:00:00+00:00,434.1499999999997,435.9599999999997,433.2699999999997,435.0399999999997,1933
2026-05-08T14:05:00+00:00,435.0399999999997,435.0899999999997,432.1699999999997,432.7299999999997,1824
2026-05-08T14:10:00+00:00,432.7299999999997,433.79999999999967,431.8799999999997,432.0099999999997,1812
2026-05-08T14:15:00+00:00,432.0099999999997,433.23999999999967,431.4499999999997,433.2099999999997,1519
2026-05-08T14:20:00+00:00,433.2099999999997,435.5399999999997,432.6699999999997,435.0099999999997,1509
2026-05-08T14:25:00+00:00,435.0099999999997,435.1999999999997,430.9599999999997,431.1699999999997,1624
2026-05-08T14:30:00+00:00,431.1699999999997,431.3599999999997,429.6899999999997,429.7099999999997,1943
2026-05-08T14:35:00+00:00,429.7099999999997,431.6099999999997,429.0399999999997,431.5999999999997,1608
2026-05-08T14:40:00+00:00,431.5999999999997,431.9599999999997,430.2899999999997,431.7699999999997,1447
2026-05-08T14:45:00+00:00,431.7699999999997,432.2499999999997,431.3999999999997,431.9799999999997,1277
2026-05-08T14:50:00+00:00,431.9799999999997,434.0099999999997,431.6899999999997,433.8999999999997,1321
2026-05-08T14:55:00+00:00,433.8999999999997,435.04999999999967,433.6099999999997,433.6299999999997,1537.2789975604346
2026-05-08T15:00:00+00:00,433.6299999999997,436.53999999999974,433.4899999999997,434.8699999999997,1638
2026-05-08T15:05:00+00:00,434.8699999999997,436.1499999999997,434.15999999999974,434.8099999999997,1712
2026-05-08T15:10:00+00:00,434.8099999999997,435.6899999999997,433.9399999999997,434.1999999999997,1427
2026-05-08T15:15:00+00:00,434.1999999999997,434.7599999999997,433.5299999999997,433.72999999999973,1315
2026-05-08T15:20:00+00:00,433.72999999999973,434.7599999999997,433.2499999999997,433.3099999999997,1239
2026-05-08T15:25:00+00:00,433.3099999999997,434.7799999999997,433.21999999999974,434.7799999999997,1068
2026-05-08T15:30:00+00:00,434.7799999999997,436.21999999999974,434.1399999999997,436.1899999999997,1215
2026-05-08T15:35:00+00:00,436.1899999999997,436.4499999999997,434.8199999999997,434.97999999999973,1277
2026-05-08T15:40:00+00:00,434.97999999999973,435.5499999999997,434.1299999999997,434.91999999999973,1317
2026-05-08T15:45:00+00:00,434.91999999999973,437.2599999999997,434.8799999999997,435.7399999999997,1391
2026-05-08T15:50:00+00:00,435.7399999999997,435.85999999999973,433.90999999999974,434.60999999999973,1398
2026-05-08T15:55:00+00:00,434.60999999999973,434.9499999999997,433.5099999999997,434.9499999999997,1068
2026-05-08T16:00:00+00:00,434.9499999999997,435.5899999999997,434.7799999999997,435.3399999999997,1148
2026-05-08T16:05:00+00:00,435.3399999999997,435.6199999999997,434.7699999999997,435.1499999999997,1108
2026-05-08T16:10:00+00:00,435.1499999999997,435.3699999999997,434.78999999999974,435.15999999999974,888
2026-05-08T16:15:00+00:00,435.15999999999974,435.2699999999997,433.4899999999997,433.53999999999974,1019
2026-05-08T16:20:00+00:00,433.53999999999974,434.3199999999997,433.09999999999974,434.1499999999997,932
2026-05-08T16:25:00+00:00,434.1499999999997,434.7799999999997,433.7499999999997,434.6399999999997,919
2026-05-08T16:30:00+00:00,434.6399999999997,434.65999999999974,433.8699999999997,434.34999999999974,764
2026-05-08T16:35:00+00:00,434.34999999999974,435.3099999999997,434.0299999999997,434.97999999999973,952
2026-05-08T16:40:00+00:00,434.97999999999973,435.10999999999973,433.6299999999997,433.7099999999997,910
2026-05-08T16:45:00+00:00,433.7099999999997,434.1199999999997,433.4899999999997,433.78999999999974,985
2026-05-08T16:50:00+00:00,433.78999999999974,433.8899999999997,433.10999999999973,433.1399999999997,957
2026-05-08T16:55:00+00:00,433.1399999999997,433.9499999999997,432.96999999999974,433.60999999999973,971
2026-05-08T17:00:00+00:00,433.60999999999973,434.78999999999974,433.3699999999997,434.7399999999997,995
2026-05-08T17:05:00+00:00,434.7399999999997,434.90999999999974,433.72999999999973,434.2099999999997,1075
2026-05-08T17:10:00+00:00,434.2099999999997,434.2399999999997,432.6299999999997,432.9399999999997,1127
2026-05-08T17:15:00+00:00,432.9399999999997,433.5799999999997,432.7399999999997,433.5299999999997,994
2026-05-08T17:20:00+00:00,433.5299999999997,433.5899999999997,432.8299999999997,432.8799999999997,971
2026-05-08T17:25:00+00:00,432.8799999999997,433.4399999999997,432.4399999999997,433.09999999999974,1022
2026-05-08T17:30:00+00:00,433.09999999999974,433.8199999999997,432.9299999999997,433.7699999999997,835
2026-05-08T17:35:00+00:00,433.7699999999997,434.0599999999997,433.40999999999974,433.5499999999997,752
2026-05-08T17:40:00+00:00,433.5499999999997,433.5799999999997,432.5799999999997,432.7599999999997,876
2026-05-08T17:45:00+00:00,432.7599999999997,433.8799999999997,432.7399999999997,433.3699999999997,853
2026-05-08T17:50:00+00:00,433.3699999999997,433.72999999999973,432.8999999999997,433.6299999999997,858
2026-05-08T17:55:00+00:00,433.6299999999997,433.8899999999997,432.6399999999997,432.6899999999997,594
2026-05-08T18:00:00+00:00,432.6899999999997,433.71999999999974,432.6299999999997,433.40999999999974,1156
2026-05-08T18:05:00+00:00,433.40999999999974,433.5899999999997,432.34999999999974,432.5099999999997,781
2026-05-08T18:10:00+00:00,432.5099999999997,432.6199999999997,431.59999999999974,431.97999999999973,803
2026-05-08T18:15:00+00:00,431.97999999999973,433.2599999999997,431.9299999999997,433.09999999999974,734
2026-05-08T18:20:00+00:00,433.09999999999974,434.6999999999997,433.0599999999997,434.5099999999997,822
2026-05-08T18:25:00+00:00,434.5099999999997,435.0499999999997,434.34999999999974,434.7399999999997,953
2026-05-08T18:30:00+00:00,434.7399999999997,435.40999999999974,434.28999999999974,435.3199999999997,992
2026-05-08T18:35:00+00:00,435.3199999999997,435.5599999999997,434.72999999999973,434.8299999999997,789
2026-05-08T18:40:00+00:00,434.8299999999997,434.8299999999997,433.90999999999974,433.9599999999997,858
2026-05-08T18:45:00+00:00,433.9599999999997,434.4299999999997,433.84999999999974,434.1299999999997,862
2026-05-08T18:50:00+00:00,434.1299999999997,434.5099999999997,432.8399999999997,432.9899999999997,930
2026-05-08T18:55:00+00:00,432.9899999999997,433.5099999999997,432.0899999999997,432.0899999999997,1045
2026-05-08T19:00:00+00:00,432.0899999999997,432.7699999999997,432.0599999999997,432.5499999999997,1065
2026-05-08T19:05:00+00:00,432.5499999999997,433.09999999999974,432.1399999999997,432.15999999999974,1123
2026-05-08T19:10:00+00:00,432.15999999999974,432.7599999999997,432.0199999999997,432.5299999999997,1066
2026-05-08T19:15:00+00:00,432.5299999999997,432.9599999999997,432.0299999999997,432.2399999999997,902
2026-05-08T19:20:00+00:00,432.2399999999997,432.72999999999973,431.7599999999997,432.65999999999974,1028
2026-05-08T19:25:00+00:00,432.65999999999974,433.10999999999973,431.4399999999997,431.4599999999997,1062
2026-05-08T19:30:00+00:00,431.4599999999997,431.85999999999973,430.9999999999997,431.4399999999997,1139
2026-05-08T19:35:00+00:00,431.4399999999997,431.78999999999974,430.9399999999997,431.3799999999997,1222
2026-05-08T19:40:00+00:00,431.3799999999997,431.59999999999974,430.9299999999997,431.1399999999997,1511
2026-05-08T19:45:00+00:00,431.1399999999997,431.53999999999974,430.5099999999997,431.3999999999997,1524
2026-05-08T19:50:00+00:00,431.3999999999997,432.4499999999997,431.0499999999997,432.3099999999997,1756
2026-05-08T19:55:00+00:00,432.3099999999997,434.71999999999974,432.1499999999997,434.66999999999973,2578
2026-05-11T13:30:00+00:00,434.66999999999973,434.66999999999973,427.6299999999997,428.6499999999997,1536
2026-05-11T13:35:00+00:00,428.6499999999997,428.6499999999997,426.03999999999974,426.1499999999997,1741
2026-05-11T13:40:00+00:00,426.1499999999997,427.5099999999997,424.7699999999997,427.1499999999997,1604
2026-05-11T13:45:00+00:00,427.1499999999997,429.5299999999997,427.10999999999973,427.8999999999997,1561
2026-05-11T13:50:00+00:00,427.8999999999997,428.7799999999997,427.1999999999997,428.4899999999997,1527
2026-05-11T13:55:00+00:00,428.4899999999997,428.7699999999997,427.3799999999997,427.66999999999973,1351
2026-05-11T14:00:00+00:00,427.66999999999973,428.03999999999974,425.8999999999997,426.7999999999997,1527
2026-05-11T14:05:00+00:00,426.7999999999997,427.5899999999997,426.3299999999997,426.47999999999973,1319
2026-05-11T14:10:00+00:00,426.47999999999973,426.6499999999997,425.1299999999997,426.1899999999997,1535
2026-05-11T14:15:00+00:00,426.1899999999997,427.2599999999997,426.0599999999997,426.7799999999997,1266
2026-05-11T14:20:00+00:00,426.7799999999997,427.2499999999997,425.8899999999997,425.9499999999997,1166
2026-05-11T14:25:00+00:00,425.9499999999997,426.1899999999997,423.8299999999997,423.97999999999973,1798
2026-05-11T14:30:00+00:00,423.97999999999973,424.5199999999997,422.90999999999974,423.85999999999973,1885
2026-05-11T14:35:00+00:00,423.85999999999973,424.8799999999997,423.1399999999997,424.6999999999997,1586
2026-05-11T14:40:00+00:00,424.6999999999997,424.85999999999973,423.5299999999997,424.1399999999997,1284
2026-05-11T14:45:00+00:00,424.1399999999997,427.2599999999997,423.6999999999997,427.1299999999997,1852
2026-05-11T14:50:00+00:00,427.1299999999997,428.46999999999974,426.97999999999973,428.46999999999974,1754
2026-05-11T14:55:00+00:00,428.46999999999974,428.78999999999974,427.8999999999997,428.7499999999997,1183
2026-05-11T15:00:00+00:00,428.7499999999997,431.2099999999997,428.7099999999997,430.96999999999974,1397
2026-05-11T15:05:00+00:00,430.96999999999974,433.0499999999997,429.6499999999997,432.6499999999997,1517
2026-05-11T15:10:00+00:00,432.6499999999997,436.2099999999997,432.3699999999997,436.1499999999997,1743
2026-05-11T15:15:00+00:00,436.1499999999997,439.0099999999997,435.65999999999974,436.78999999999974,1956
2026-05-11T15:20:00+00:00,436.78999999999974,439.90999999999974,436.5599999999997,439.7799999999997,1869
2026-05-11T15:25:00+00:00,439.7799999999997,442.35999999999973,438.8199999999997,441.7099999999997,1649
2026-05-11T15:30:00+00:00,441.7099999999997,443.4399999999997,440.8999999999997,442.8899999999997,1958
2026-05-11T15:35:00+00:00,442.8899999999997,445.5599999999997,442.8799999999997,444.9599999999997,1880
2026-05-11T15:40:00+00:00,444.9599999999997,447.15999999999974,444.9599999999997,445.7799999999997,1821
2026-05-11T15:45:00+00:00,445.7799999999997,447.65999999999974,445.22999999999973,445.6299999999997,1996
2026-05-11T15:50:00+00:00,445.6299999999997,445.7599999999997,443.2499999999997,443.46999999999974,1758
2026-05-11T15:55:00+00:00,443.46999999999974,444.53999999999974,442.9999999999997,443.66999999999973,1498
2026-05-11T16:00:00+00:00,443.66999999999973,444.1899999999997,442.3799999999997,444.10999999999973,1487
2026-05-11T16:05:00+00:00,444.10999999999973,445.7399999999997,443.8299999999997,445.0499999999997,1271
2026-05-11T16:10:00+00:00,445.0499999999997,446.9299999999997,445.03999999999974,446.7699999999997,1124
2026-05-11T16:15:00+00:00,446.7699999999997,446.7699999999997,444.9299999999997,445.2399999999997,1254
2026-05-11T16:20:00+00:00,445.2399999999997,445.7999999999997,444.2999999999997,445.5299999999997,1280
2026-05-11T16:25:00+00:00,445.5299999999997,446.2599999999997,445.2799999999997,445.9899999999997,1102
2026-05-11T16:30:00+00:00,445.9899999999997,449.46999999999974,445.97999999999973,448.0299999999997,1531
2026-05-11T16:35:00+00:00,448.0299999999997,448.4999999999997,446.1899999999997,446.41999999999973,1207
2026-05-11T16:40:00+00:00,446.41999999999973,446.90999999999974,444.35999999999973,445.28999999999974,1675
2026-05-11T16:45:00+00:00,445.28999999999974,445.3799999999997,444.59999999999974,444.9399999999997,1342
2026-05-11T16:50:00+00:00,444.9399999999997,445.5499999999997,443.8799999999997,445.0299999999997,1312
2026-05-11T16:55:00+00:00,445.0299999999997,446.7499999999997,444.7699999999997,446.6199999999997,1198
2026-05-11T17:00:00+00:00,446.6199999999997,447.3699999999997,445.71999999999974,446.1799999999997,1152
2026-05-11T17:05:00+00:00,446.1799999999997,446.1999999999997,445.0499999999997,445.5299999999997,1025
2026-05-11T17:10:00+00:00,445.5299999999997,445.5499999999997,443.9399999999997,445.1199999999997,1159
2026-05-11T17:15:00+00:00,445.1199999999997,445.2499999999997,444.3299999999997,444.97999999999973,1279
2026-05-11T17:20:00+00:00,444.97999999999973,446.0499999999997,444.71999999999974,445.85999999999973,1018
2026-05-11T17:25:00+00:00,445.85999999999973,446.4299999999997,445.8299999999997,446.15999999999974,893
2026-05-11T17:30:00+00:00,446.15999999999974,446.3799999999997,445.4999999999997,445.7599999999997,1136
2026-05-11T17:35:00+00:00,445.7599999999997,446.8299999999997,445.46999999999974,446.6799999999997,982
2026-05-11T17:40:00+00:00,446.6799999999997,447.21999999999974,446.0799999999997,447.0599999999997,1024
2026-05-11T17:45:00+00:00,447.0599999999997,448.6499999999997,446.96999999999974,448.46999999999974,1022
2026-05-11T17:50:00+00:00,448.46999999999974,449.1899999999997,447.8799999999997,448.8199999999997,1135
2026-05-11T17:55:00+00:00,448.8199999999997,449.59999999999974,448.2999999999997,448.4299999999997,1136
2026-05-11T18:00:00+00:00,448.4299999999997,451.3399999999997,448.40999999999974,450.8999999999997,1453
2026-05-11T18:05:00+00:00,450.8999999999997,451.5099999999997,450.7099999999997,451.16999999999973,1138
2026-05-11T18:10:00+00:00,451.16999999999973,451.5299999999997,450.3899999999997,450.4499999999997,1189
2026-05-11T18:15:00+00:00,450.4499999999997,451.0199999999997,449.8899999999997,450.4599999999997,1104
2026-05-11T18:20:00+00:00,450.4599999999997,453.22999999999973,450.4399999999997,453.16999999999973,1328
2026-05-11T18:25:00+00:00,453.16999999999973,453.46999999999974,452.6799999999997,452.9899999999997,1286
2026-05-11T18:30:00+00:00,452.9899999999997,453.6399999999997,451.9399999999997,451.96999999999974,1514
2026-05-11T18:35:00+00:00,451.96999999999974,452.8299999999997,451.5799999999997,451.7699999999997,1243
2026-05-11T18:40:00+00:00,451.7699999999997,451.9599999999997,451.1299999999997,451.2499999999997,1281
2026-05-11T18:45:00+00:00,451.2499999999997,452.1399999999997,451.2499999999997,451.5599999999997,1108
2026-05-11T18:50:00+00:00,451.5599999999997,452.6899999999997,451.1399999999997,451.2799999999997,1140
2026-05-11T18:55:00+00:00,451.2799999999997,453.22999999999973,450.53999999999974,450.6299999999997,1663
2026-05-11T19:00:00+00:00,450.6299999999997,453.0199999999997,450.47999999999973,452.3699999999997,1344
2026-05-11T19:05:00+00:00,452.3699999999997,454.0799999999997,452.2699999999997,453.8699999999997,1215
2026-05-11T19:10:00+00:00,453.8699999999997,455.21999999999974,453.6899999999997,453.9899999999997,1536
2026-05-11T19:15:00+00:00,453.9899999999997,454.2699999999997,453.5199999999997,453.7499999999997,1294
2026-05-11T19:20:00+00:00,453.7499999999997,454.3999999999997,452.46999999999974,452.6799999999997,1388
2026-05-11T19:25:00+00:00,452.6799999999997,453.0699999999997,451.0099999999997,451.41999999999973,1659
2026-05-11T19:30:00+00:00,451.41999999999973,452.78999999999974,450.8899999999997,452.34999999999974,1522
2026-05-11T19:35:00+00:00,452.34999999999974,453.0699999999997,452.21999999999974,452.6999999999997,1418
2026-05-11T19:40:00+00:00,452.6999999999997,453.4999999999997,451.8799999999997,451.90999999999974,1411
2026-05-11T19:45:00+00:00,451.90999999999974,451.90999999999974,450.9499999999997,451.03999999999974,1507
2026-05-11T19:50:00+00:00,451.03999999999974,451.1999999999997,448.5499999999997,448.78999999999974,1883
2026-05-11T19:55:00+00:00,448.78999999999974,451.5599999999997,448.78999999999974,451.1799999999997,1743
2026-05-12T13:30:00+00:00,451.1799999999997,451.1799999999997,445.6999999999997,446.0799999999997,1748
2026-05-12T13:35:00+00:00,446.0799999999997,449.96999999999974,444.5299999999997,449.3399999999997,1871
2026-05-12T13:40:00+00:00,449.3399999999997,453.7699999999997,448.65999999999974,451.72999999999973,1928
2026-05-12T13:45:00+00:00,451.72999999999973,452.1399999999997,444.66999999999973,445.66999999999973,1832
2026-05-12T13:50:00+00:00,445.66999999999973,446.2699999999997,443.6799999999997,445.3299999999997,1519
2026-05-12T13:55:00+00:00,445.3299999999997,445.4899999999997,442.66999999999973,443.0199999999997,1632
2026-05-12T14:00:00+00:00,443.0199999999997,444.5599999999997,442.3999999999997,443.8199999999997,1892
2026-05-12T14:05:00+00:00,443.8199999999997,444.8799999999997,443.0899999999997,444.7499999999997,1483
2026-05-12T14:10:00+00:00,444.7499999999997,445.1399999999997,443.5299999999997,444.53999999999974,1517
2026-05-12T14:15:00+00:00,444.53999999999974,445.3099999999997,443.4999999999997,445.1499999999997,1410
2026-05-12T14:20:00+00:00,445.1499999999997,445.5499999999997,443.7699999999997,443.90999999999974,1477
2026-05-12T14:25:00+00:00,443.90999999999974,444.6399999999997,441.2099999999997,441.2999999999997,1589
2026-05-12T14:30:00+00:00,441.2999999999997,441.3399999999997,438.3999999999997,439.2099999999997,1967
2026-05-12T14:35:00+00:00,439.2099999999997,441.8099999999997,438.8299999999997,441.5699999999997,1914
2026-05-12T14:40:00+00:00,441.5699999999997,442.5599999999997,441.1999999999997,441.9599999999997,1555
2026-05-12T14:45:00+00:00,441.9599999999997,441.9599999999997,439.0599999999997,439.15999999999974,1584
2026-05-12T14:50:00+00:00,439.15999999999974,439.4399999999997,437.72999999999973,438.96999999999974,1633
2026-05-12T14:55:00+00:00,438.96999999999974,439.3799999999997,436.47999999999973,436.8299999999997,1567
2026-05-12T15:00:00+00:00,436.8299999999997,438.4599999999997,436.5499999999997,437.5599999999997,1636
2026-05-12T15:05:00+00:00,437.5599999999997,438.28999999999974,436.6499999999997,437.3199999999997,1564
2026-05-12T15:10:00+00:00,437.3199999999997,437.5099999999997,435.5299999999997,435.6899999999997,1350
2026-05-12T15:15:00+00:00,435.6899999999997,435.7099999999997,433.9999999999997,434.9399999999997,1448
2026-05-12T15:20:00+00:00,434.9399999999997,435.3399999999997,432.6399999999997,432.8699999999997,1671
2026-05-12T15:25:00+00:00,432.8699999999997,433.8099999999997,432.5299999999997,432.7499999999997,1792
2026-05-12T15:30:00+00:00,432.7499999999997,434.5899999999997,432.7399999999997,434.1399999999997,1643
2026-05-12T15:35:00+00:00,434.1399999999997,435.3999999999997,433.3399999999997,435.1199999999997,1463
2026-05-12T15:40:00+00:00,435.1199999999997,435.7599999999997,434.1999999999997,435.5699999999997,1314
2026-05-12T15:45:00+00:00,435.5699999999997,435.9899999999997,433.59999999999974,433.84999999999974,1282
2026-05-12T15:50:00+00:00,433.84999999999974,434.0499999999997,432.84999999999974,432.90999999999974,1208
2026-05-12T15:55:00+00:00,432.90999999999974,432.90999999999974,430.7099999999997,431.16999999999973,1310
2026-05-12T16:00:00+00:00,431.16999999999973,433.4999999999997,430.7399999999997,433.2999999999997,1513
2026-05-12T16:05:00+00:00,433.2999999999997,433.78999999999974,432.9299999999997,433.21999999999974,1094
2026-05-12T16:10:00+00:00,433.21999999999974,434.2699999999997,432.8199999999997,434.16999999999973,1133
2026-05-12T16:15:00+00:00,434.16999999999973,434.16999999999973,433.1399999999997,433.1799999999997,1066
2026-05-12T16:20:00+00:00,433.1799999999997,433.1899999999997,431.9899999999997,433.03999999999974,1134
2026-05-12T16:25:00+00:00,433.03999999999974,433.03999999999974,431.7599999999997,431.7999999999997,1037
2026-05-12T16:30:00+00:00,431.7999999999997,432.0599999999997,429.90999999999974,430.0299999999997,1264
2026-05-12T16:35:00+00:00,430.0299999999997,431.5299999999997,429.96999999999974,430.46999999999974,1125
2026-05-12T16:40:00+00:00,430.46999999999974,431.0599999999997,428.9299999999997,429.2399999999997,1283
2026-05-12T16:45:00+00:00,429.2399999999997,429.7999999999997,428.8099999999997,429.6399999999997,1195
2026-05-12T16:50:00+00:00,429.6399999999997,429.65999999999974,428.3999999999997,429.0699999999997,1203
2026-05-12T16:55:00+00:00,429.0699999999997,429.7399999999997,428.7799999999997,428.9999999999997,1222
2026-05-12T17:00:00+00:00,428.9999999999997,430.2099999999997,428.97999999999973,429.84999999999974,1113
2026-05-12T17:05:00+00:00,429.84999999999974,430.8199999999997,429.6299999999997,430.10999999999973,1170
2026-05-12T17:10:00+00:00,430.10999999999973,432.2499999999997,429.9899999999997,432.1999999999997,1224
2026-05-12T17:15:00+00:00,432.1999999999997,433.2099999999997,431.9999999999997,433.1399999999997,1181
2026-05-12T17:20:00+00:00,433.1399999999997,434.47999999999973,433.1399999999997,433.40999999999974,1318
2026-05-12T17:25:00+00:00,433.40999999999974,433.5099999999997,432.1299999999997,433.0099999999997,1213
2026-05-12T17:30:00+00:00,433.0099999999997,434.4399999999997,432.8299999999997,434.1199999999997,1101
2026-05-12T17:35:00+00:00,434.1199999999997,434.6399999999997,433.0099999999997,433.7699999999997,1051
2026-05-12T17:40:00+00:00,433.7699999999997,434.0899999999997,433.4299999999997,433.4399999999997,809
2026-05-12T17:45:00+00:00,433.4399999999997,433.5499999999997,432.6899999999997,433.5099999999997,906
2026-05-12T17:50:00+00:00,433.5099999999997,434.6899999999997,433.1499999999997,433.90999999999974,938
2026-05-12T17:55:00+00:00,433.90999999999974,433.97999999999973,433.0299999999997,433.7499999999997,1018
2026-05-12T18:00:00+00:00,433.7499999999997,434.8099999999997,433.6899999999997,434.7699999999997,1036
2026-05-12T18:05:00+00:00,434.7699999999997,435.2099999999997,433.9599999999997,434.7699999999997,1070
2026-05-12T18:10:00+00:00,434.7699999999997,435.34999999999974,434.3899999999997,435.2599999999997,895
2026-05-12T18:15:00+00:00,435.2599999999997,435.53999999999974,434.7599999999997,435.1499999999997,851
2026-05-12T18:20:00+00:00,435.1499999999997,435.8399999999997,434.8699999999997,435.5699999999997,838
2026-05-12T18:25:00+00:00,435.5699999999997,436.3899999999997,435.47999999999973,435.8199999999997,1042
2026-05-12T18:30:00+00:00,435.8199999999997,436.5499999999997,435.7499999999997,435.9499999999997,892
2026-05-12T18:35:00+00:00,435.9499999999997,436.5499999999997,435.5499999999997,435.9399999999997,849
2026-05-12T18:40:00+00:00,435.9399999999997,436.2499999999997,435.28999999999974,435.60999999999973,769
2026-05-12T18:45:00+00:00,435.60999999999973,436.6899999999997,435.2799999999997,436.6199999999997,950
2026-05-12T18:50:00+00:00,436.6199999999997,437.3699999999997,436.53999999999974,436.97999999999973,916
2026-05-12T18:55:00+00:00,436.97999999999973,437.9999999999997,435.7499999999997,435.8299999999997,1093
2026-05-12T19:00:00+00:00,435.8299999999997,438.35999999999973,435.66999999999973,438.2499999999997,1123
2026-05-12T19:05:00+00:00,438.2499999999997,439.4999999999997,437.8299999999997,439.0199999999997,1002
2026-05-12T19:10:00+00:00,439.0199999999997,439.3899999999997,438.3299999999997,438.4599999999997,1211
2026-05-12T19:15:00+00:00,438.4599999999997,438.9899999999997,438.1299999999997,438.35999999999973,1129
2026-05-12T19:20:00+00:00,438.35999999999973,438.6999999999997,437.5299999999997,438.4599999999997,1120
2026-05-12T19:25:00+00:00,438.4599999999997,439.60999999999973,438.4399999999997,439.34999999999974,1078
2026-05-12T19:30:00+00:00,439.34999999999974,440.60999999999973,439.34999999999974,440.3699999999997,1338
2026-05-12T19:35:00+00:00,440.3699999999997,440.5599999999997,439.78999999999974,439.9299999999997,1382
2026-05-12T19:40:00+00:00,439.9299999999997,441.0799999999997,439.8899999999997,441.0299999999997,1171
2026-05-12T19:45:00+00:00,441.0299999999997,441.09999999999974,439.8399999999997,440.4299999999997,1372
2026-05-12T19:50:00+00:00,440.4299999999997,441.8199999999997,440.4299999999997,441.41999999999973,1916
2026-05-12T19:55:00+00:00,441.41999999999973,441.6199999999997,438.6299999999997,439.8999999999997,1856
2026-05-13T13:30:00+00:00,439.8999999999997,445.5899999999997,439.8999999999997,443.6299999999997,1444
2026-05-13T13:35:00+00:00,443.6299999999997,444.3899999999997,441.9399999999997,442.0599999999997,1586
2026-05-13T13:40:00+00:00,442.0599999999997,443.0199999999997,440.65999999999974,440.7399999999997,1755
2026-05-13T13:45:00+00:00,440.7399999999997,440.9499999999997,436.3299999999997,438.28999999999974,2002
2026-05-13T13:50:00+00:00,438.28999999999974,440.9299999999997,436.8399999999997,440.9299999999997,1770
2026-05-13T13:55:00+00:00,440.9299999999997,441.1299999999997,438.5299999999997,439.5899999999997,1676
2026-05-13T14:00:00+00:00,439.5899999999997,441.47999999999973,439.5899999999997,441.4499999999997,1480
2026-05-13T14:05:00+00:00,441.4499999999997,443.47999999999973,441.21999999999974,443.0299999999997,1611
2026-05-13T14:10:00+00:00,443.0299999999997,446.59999999999974,442.9899999999997,445.96999999999974,1920
2026-05-13T14:15:00+00:00,445.96999999999974,446.1399999999997,443.3099999999997,443.6899999999997,1702
2026-05-13T14:20:00+00:00,443.6899999999997,447.1199999999997,443.53999999999974,446.1199999999997,1533
2026-05-13T14:25:00+00:00,446.1199999999997,449.3299999999997,445.9499999999997,448.5899999999997,1799
2026-05-13T14:30:00+00:00,448.5899999999997,451.6799999999997,448.16999999999973,451.5499999999997,1898
2026-05-13T14:35:00+00:00,451.5499999999997,452.5599999999997,450.6199999999997,451.72999999999973,1779
2026-05-13T14:40:00+00:00,451.72999999999973,454.5499999999997,451.2499999999997,453.8199999999997,1933
2026-05-13T14:45:00+00:00,453.8199999999997,454.0799999999997,450.9599999999997,451.1499999999997,1788
2026-05-13T14:50:00+00:00,451.1499999999997,453.6499999999997,450.6399999999997,452.1899999999997,1605
2026-05-13T14:55:00+00:00,452.1899999999997,454.2199999999997,451.9499999999997,453.59999999999974,1430.4176872222824
2026-05-13T15:00:00+00:00,453.59999999999974,455.6499999999997,452.47999999999973,454.2599999999997,1640
2026-05-13T15:05:00+00:00,454.2599999999997,455.2999999999997,453.4599999999997,455.10999999999973,1436
2026-05-13T15:10:00+00:00,455.10999999999973,455.85999999999973,453.8199999999997,454.3299999999997,1638
2026-05-13T15:15:00+00:00,454.3299999999997,456.5299999999997,454.15999999999974,455.7699999999997,1349
2026-05-13T15:20:00+00:00,455.7699999999997,457.47999999999973,453.6399999999997,454.5199999999997,1786
2026-05-13T15:25:00+00:00,454.5199999999997,456.90999999999974,453.4399999999997,456.6899999999997,1673
2026-05-13T15:30:00+00:00,456.6899999999997,459.21999999999974,456.15999999999974,458.1899999999997,1708
2026-05-13T15:35:00+00:00,458.1899999999997,459.3399999999997,457.3299999999997,458.9299999999997,1475
2026-05-13T15:40:00+00:00,458.9299999999997,459.47999999999973,457.7399999999997,458.6399999999997,1473
2026-05-13T15:45:00+00:00,458.6399999999997,458.6999999999997,455.3799999999997,455.3799999999997,1434
2026-05-13T15:50:00+00:00,455.3799999999997,455.40999999999974,453.9499999999997,454.21999999999974,1677
2026-05-13T15:55:00+00:00,454.21999999999974,454.6999999999997,453.0099999999997,453.2799999999997,1467
2026-05-13T16:00:00+00:00,453.2799999999997,453.5499999999997,452.71999999999974,453.0699999999997,1382
2026-05-13T16:05:00+00:00,453.0699999999997,454.3399999999997,452.72999999999973,454.21999999999974,1284
2026-05-13T16:10:00+00:00,454.21999999999974,455.21999999999974,453.8199999999997,455.16999999999973,1232
2026-05-13T16:15:00+00:00,455.16999999999973,456.1399999999997,455.15999999999974,455.4999999999997,1168
2026-05-13T16:20:00+00:00,455.4999999999997,457.1999999999997,454.8799999999997,457.0799999999997,1232
2026-05-13T16:25:00+00:00,457.0799999999997,457.7799999999997,456.6499999999997,457.28999999999974,1268
2026-05-13T16:30:00+00:00,457.28999999999974,458.3799999999997,456.6999999999997,457.0099999999997,1307
2026-05-13T16:35:00+00:00,457.0099999999997,457.2699999999997,455.9399999999997,456.0199999999997,1347
2026-05-13T16:40:00+00:00,456.0199999999997,456.3199999999997,455.6299999999997,455.9499999999997,1020
2026-05-13T16:45:00+00:00,455.9499999999997,456.9999999999997,455.7399999999997,456.7799999999997,983
2026-05-13T16:50:00+00:00,456.7799999999997,457.2099999999997,455.3799999999997,455.4499999999997,1028
2026-05-13T16:55:00+00:00,455.4499999999997,455.65999999999974,454.46999999999974,454.60999999999973,1105
2026-05-13T17:00:00+00:00,454.60999999999973,456.15999999999974,454.60999999999973,455.6299999999997,932
2026-05-13T17:05:00+00:00,455.6299999999997,456.4999999999997,454.8899999999997,454.9899999999997,991
2026-05-13T17:10:00+00:00,454.9899999999997,455.3899999999997,454.6999999999997,454.84999999999974,826
2026-05-13T17:15:00+00:00,454.84999999999974,455.66999999999973,454.8099999999997,455.6399999999997,809
2026-05-13T17:20:00+00:00,455.6399999999997,455.6499999999997,454.3699999999997,454.3699999999997,767
2026-05-13T17:25:00+00:00,454.3699999999997,455.0799999999997,454.16999999999973,454.41999999999973,987
2026-05-13T17:30:00+00:00,454.41999999999973,455.1799999999997,453.8299999999997,453.91999999999973,1069
2026-05-13T17:35:00+00:00,453.91999999999973,454.1899999999997,453.3699999999997,453.5099999999997,1129
2026-05-13T17:40:00+00:00,453.5099999999997,454.2099999999997,453.1799999999997,454.0199999999997,907
2026-05-13T17:45:00+00:00,454.0199999999997,454.5599999999997,453.6999999999997,454.1799999999997,858
2026-05-13T17:50:00+00:00,454.1799999999997,454.3299999999997,453.47999999999973,453.8999999999997,793
2026-05-13T17:55:00+00:00,453.8999999999997,454.2599999999997,453.03999999999974,453.1299999999997,855
2026-05-13T18:00:00+00:00,453.1299999999997,455.40999999999974,453.0199999999997,455.35999999999973,1151
2026-05-13T18:05:00+00:00,455.35999999999973,455.7799999999997,455.0299999999997,455.6399999999997,904
2026-05-13T18:10:00+00:00,455.6399999999997,456.90999999999974,455.5599999999997,456.90999999999974,957
2026-05-13T18:15:00+00:00,456.90999999999974,457.47999999999973,456.5699999999997,456.65999999999974,1160
2026-05-13T18:20:00+00:00,456.65999999999974,456.7799999999997,454.4299999999997,454.46999999999974,1421
2026-05-13T18:25:00+00:00,454.46999999999974,454.7399999999997,453.2599999999997,453.2999999999997,1167
2026-05-13T18:30:00+00:00,453.2999999999997,454.22999999999973,453.2599999999997,454.22999999999973,827
2026-05-13T18:35:00+00:00,454.22999999999973,454.2799999999997,453.1299999999997,453.5899999999997,809
2026-05-13T18:40:00+00:00,453.5899999999997,453.84999999999974,451.84999999999974,451.8899999999997,891
2026-05-13T18:45:00+00:00,451.8899999999997,453.2599999999997,451.72999999999973,453.21999999999974,1087
2026-05-13T18:50:00+00:00,453.21999999999974,453.84999999999974,453.0699999999997,453.6399999999997,861
2026-05-13T18:55:00+00:00,453.6399999999997,453.8699999999997,451.8399999999997,451.84999999999974,1048
2026-05-13T19:00:00+00:00,451.84999999999974,453.3899999999997,451.8399999999997,452.8799999999997,1316
2026-05-13T19:05:00+00:00,452.8799999999997,454.03999999999974,452.6899999999997,453.9499999999997,1146
2026-05-13T19:10:00+00:00,453.9499999999997,454.4399999999997,453.6899999999997,454.21999999999974,858
2026-05-13T19:15:00+00:00,454.21999999999974,454.35999999999973,453.7399999999997,453.78999999999974,1108
2026-05-13T19:20:00+00:00,453.78999999999974,453.7999999999997,451.0299999999997,451.09999999999974,1464
2026-05-13T19:25:00+00:00,451.09999999999974,451.4899999999997,450.1399999999997,450.6799999999997,1509
2026-05-13T19:30:00+00:00,450.6799999999997,451.47999999999973,450.3699999999997,450.8399999999997,1102
2026-05-13T19:35:00+00:00,450.8399999999997,451.7599999999997,450.5099999999997,451.1999999999997,928
2026-05-13T19:40:00+00:00,451.1999999999997,451.4499999999997,449.6299999999997,450.7999999999997,1265
2026-05-13T19:45:00+00:00,450.7999999999997,451.15999999999974,450.35999999999973,450.47999999999973,937
2026-05-13T19:50:00+00:00,450.47999999999973,451.28999999999974,450.3399999999997,450.8199999999997,1639
2026-05-13T19:55:00+00:00,450.8199999999997,451.5899999999997,450.5099999999997,451.1999999999997,1345
2026-05-14T13:30:00+00:00,451.1999999999997,452.35999999999973,449.3299999999997,449.40999999999974,1646
2026-05-14T13:35:00+00:00,449.40999999999974,452.5199999999997,449.1799999999997,451.1499999999997,1684
2026-05-14T13:40:00+00:00,451.1499999999997,451.41999999999973,448.85999999999973,449.6199999999997,1600
2026-05-14T13:45:00+00:00,449.6199999999997,451.8699999999997,449.3799999999997,450.0899999999997,1648
2026-05-14T13:50:00+00:00,450.0899999999997,450.6399999999997,448.85999999999973,448.96999999999974,1564
2026-05-14T13:55:00+00:00,448.96999999999974,450.0699999999997,448.1499999999997,448.6499999999997,1727
2026-05-14T14:00:00+00:00,448.6499999999997,452.4899999999997,448.47999999999973,449.6499999999997,1790
2026-05-14T14:05:00+00:00,449.6499999999997,450.0499999999997,447.6799999999997,449.0499999999997,1719
2026-05-14T14:10:00+00:00,449.0499999999997,450.03999999999974,448.3299999999997,449.5499999999997,1559
2026-05-14T14:15:00+00:00,449.5499999999997,451.1799999999997,449.21999999999974,450.7799999999997,1501
2026-05-14T14:20:00+00:00,450.7799999999997,451.3099999999997,449.4999999999997,449.91999999999973,1370
2026-05-14T14:25:00+00:00,449.91999999999973,450.03999999999974,447.2799999999997,448.22999999999973,1505
2026-05-14T14:30:00+00:00,448.22999999999973,449.3199999999997,447.8899999999997,449.2099999999997,1359
2026-05-14T14:35:00+00:00,449.2099999999997,450.3899999999997,449.0099999999997,449.4599999999997,1210
2026-05-14T14:40:00+00:00,449.4599999999997,451.4599999999997,449.1399999999997,451.2999999999997,1400
2026-05-14T14:45:00+00:00,451.2999999999997,451.6899999999997,450.7699999999997,451.1899999999997,1463
2026-05-14T14:50:00+00:00,451.1899999999997,452.6999999999997,451.1299999999997,451.4499999999997,1321
2026-05-14T14:55:00+00:00,451.4499999999997,451.8399999999997,450.3799999999997,450.47999999999973,1222
2026-05-14T15:00:00+00:00,450.47999999999973,451.2699999999997,450.1899999999997,450.6799999999997,1175
2026-05-14T15:05:00+00:00,450.6799999999997,452.9899999999997,450.60999999999973,452.2999999999997,1203
2026-05-14T15:10:00+00:00,452.2999999999997,453.1199999999997,452.1299999999997,452.91999999999973,1093
2026-05-14T15:15:00+00:00,452.91999999999973,453.6899999999997,452.4399999999997,453.21999999999974,1311
2026-05-14T15:20:00+00:00,453.21999999999974,453.6499999999997,452.4399999999997,453.5499999999997,1083
2026-05-14T15:25:00+00:00,453.5499999999997,453.78999999999974,452.53999999999974,452.7099999999997,1016
2026-05-14T15:30:00+00:00,452.7099999999997,454.09999999999974,452.2699999999997,454.0599999999997,1117
2026-05-14T15:35:00+00:00,454.0599999999997,455.8699999999997,453.9599999999997,455.72999999999973,1435
2026-05-14T15:40:00+00:00,455.72999999999973,456.22999999999973,454.8199999999997,455.4599999999997,1210
2026-05-14T15:45:00+00:00,455.4599999999997,455.47999999999973,454.4499999999997,455.34999999999974,1066
2026-05-14T15:50:00+00:00,455.34999999999974,455.3799999999997,454.2599999999997,454.91999999999973,1051
2026-05-14T15:55:00+00:00,454.91999999999973,455.7599999999997,454.6799999999997,454.8299999999997,978
2026-05-14T16:00:00+00:00,454.8299999999997,456.3799999999997,454.78999999999974,456.2599999999997,999
2026-05-14T16:05:00+00:00,456.2599999999997,457.0699999999997,456.1299999999997,456.59999999999974,878
2026-05-14T16:10:00+00:00,456.59999999999974,456.90999999999974,455.7099999999997,455.7799999999997,1021
2026-05-14T16:15:00+00:00,455.7799999999997,456.9299999999997,455.7499999999997,456.90999999999974,832
2026-05-14T16:20:00+00:00,456.90999999999974,458.0199999999997,456.72999999999973,457.0299999999997,1001
2026-05-14T16:25:00+00:00,457.0299999999997,457.2399999999997,454.7999999999997,455.0599999999997,1407
2026-05-14T16:30:00+00:00,455.0599999999997,455.6299999999997,453.9299999999997,453.9299999999997,1463
2026-05-14T16:35:00+00:00,453.9299999999997,454.9299999999997,453.9299999999997,454.22999999999973,1115
2026-05-14T16:40:00+00:00,454.22999999999973,454.41999999999973,453.40999999999974,453.8299999999997,1001
2026-05-14T16:45:00+00:00,453.8299999999997,454.2499999999997,452.9399999999997,453.09999999999974,1308
2026-05-14T16:50:00+00:00,453.09999999999974,453.28999999999974,452.3199999999997,452.8999999999997,1175
2026-05-14T16:55:00+00:00,452.8999999999997,454.03999999999974,452.2399999999997,453.7699999999997,1120
2026-05-14T17:00:00+00:00,453.7699999999997,454.09999999999974,453.22999999999973,453.3899999999997,904
2026-05-14T17:05:00+00:00,453.3899999999997,453.5499999999997,451.7099999999997,451.78999999999974,1166
2026-05-14T17:10:00+00:00,451.78999999999974,452.10999999999973,451.1899999999997,451.66999999999973,1343
2026-05-14T17:15:00+00:00,451.66999999999973,452.15999999999974,450.2499999999997,450.4499999999997,2280
2026-05-14T17:20:00+00:00,450.4499999999997,451.3999999999997,450.1299999999997,450.22999999999973,1930
2026-05-14T17:25:00+00:00,450.22999999999973,450.9899999999997,449.7399999999997,450.9399999999997,1856
2026-05-14T17:30:00+00:00,450.9399999999997,451.5099999999997,450.7099999999997,451.2999999999997,1522
2026-05-14T17:35:00+00:00,451.2999999999997,451.8799999999997,451.1499999999997,451.53999999999974,1325
2026-05-14T17:40:00+00:00,451.53999999999974,452.1799999999997,451.2799999999997,452.03999999999974,998
2026-05-14T17:45:00+00:00,452.03999999999974,453.1499999999997,451.9999999999997,452.9399999999997,904
2026-05-14T17:50:00+00:00,452.9399999999997,453.1999999999997,452.47999999999973,452.60999999999973,880
2026-05-14T17:55:00+00:00,452.60999999999973,453.2599999999997,452.5799999999997,452.84999999999974,765
2026-05-14T18:00:00+00:00,452.84999999999974,452.84999999999974,450.5699999999997,451.3999999999997,1886
2026-05-14T18:05:00+00:00,451.3999999999997,451.72999999999973,450.71999999999974,450.8899999999997,1148
2026-05-14T18:10:00+00:00,450.8899999999997,451.7499999999997,450.41999999999973,451.66999999999973,991
2026-05-14T18:15:00+00:00,451.66999999999973,451.7399999999997,450.9299999999997,451.5199999999997,839
2026-05-14T18:20:00+00:00,451.5199999999997,451.5499999999997,449.85999999999973,450.0499999999997,988
2026-05-14T18:25:00+00:00,450.0499999999997,450.4899999999997,449.53999999999974,449.7499999999997,998
2026-05-14T18:30:00+00:00,449.7499999999997,450.71999999999974,449.6499999999997,450.35999999999973,886
2026-05-14T18:35:00+00:00,450.35999999999973,451.0199999999997,450.1399999999997,450.6999999999997,668
2026-05-14T18:40:00+00:00,450.6999999999997,451.0699999999997,449.9899999999997,450.9899999999997,788
2026-05-14T18:45:00+00:00,450.9899999999997,451.97999999999973,450.5799999999997,451.72999999999973,850
2026-05-14T18:50:00+00:00,451.72999999999973,451.9599999999997,451.0199999999997,451.3399999999997,975
2026-05-14T18:55:00+00:00,451.3399999999997,451.59999999999974,450.72999999999973,451.1399999999997,990
2026-05-14T19:00:00+00:00,451.1399999999997,451.8999999999997,451.0499999999997,451.6799999999997,1100
2026-05-14T19:05:00+00:00,451.6799999999997,452.03999999999974,451.3299999999997,451.6499999999997,1008
2026-05-14T19:10:00+00:00,451.6499999999997,451.6899999999997,450.3899999999997,450.8399999999997,1016
2026-05-14T19:15:00+00:00,450.8399999999997,450.8999999999997,450.2099999999997,450.22999999999973,949
2026-05-14T19:20:00+00:00,450.22999999999973,451.21999999999974,450.1299999999997,450.41999999999973,1040
2026-05-14T19:25:00+00:00,450.41999999999973,450.4499999999997,449.2399999999997,449.3799999999997,1261
2026-05-14T19:30:00+00:00,449.3799999999997,450.3299999999997,449.2599999999997,450.0599999999997,1287
2026-05-14T19:35:00+00:00,450.0599999999997,450.4599999999997,449.8699999999997,449.8699999999997,987
2026-05-14T19:40:00+00:00,449.8699999999997,450.0499999999997,449.3999999999997,449.84999999999974,900
2026-05-14T19:45:00+00:00,449.84999999999974,450.0599999999997,449.3299999999997,449.8099999999997,1054
2026-05-14T19:50:00+00:00,449.8099999999997,450.03999999999974,449.1999999999997,449.2799999999997,1212
2026-05-14T19:55:00+00:00,449.2799999999997,449.6299999999997,448.6299999999997,449.4999999999997,1404
2026-05-15T13:30:00+00:00,449.4999999999997,449.4999999999997,434.35999999999973,435.3699999999997,1877
2026-05-15T13:35:00+00:00,435.3699999999997,436.4299999999997,433.1299999999997,433.40999999999974,1924
2026-05-15T13:40:00+00:00,433.40999999999974,434.0899999999997,432.2099999999997,432.65999999999974,1934
2026-05-15T13:45:00+00:00,432.65999999999974,434.6799999999997,431.16999999999973,434.60999999999973,2043
2026-05-15T13:50:00+00:00,434.60999999999973,435.4999999999997,433.7399999999997,435.3999999999997,2169
2026-05-15T13:55:00+00:00,435.3999999999997,436.3899999999997,431.9599999999997,432.0899999999997,1984
2026-05-15T14:00:00+00:00,432.0899999999997,433.2699999999997,431.7799999999997,432.3799999999997,2082
2026-05-15T14:05:00+00:00,432.3799999999997,434.3099999999997,432.1399999999997,433.6999999999997,1777
2026-05-15T14:10:00+00:00,433.6999999999997,435.4299999999997,432.6499999999997,435.1499999999997,1675
2026-05-15T14:15:00+00:00,435.1499999999997,435.7999999999997,434.6799999999997,435.3099999999997,1443
2026-05-15T14:20:00+00:00,435.3099999999997,435.46999999999974,433.6499999999997,433.66999999999973,1817
2026-05-15T14:25:00+00:00,433.66999999999973,433.66999999999973,431.8099999999997,432.65999999999974,1839
2026-05-15T14:30:00+00:00,432.65999999999974,434.0199999999997,432.2099999999997,433.91999999999973,1755
2026-05-15T14:35:00+00:00,433.91999999999973,434.21999999999974,433.28999999999974,433.84999999999974,1418
2026-05-15T14:40:00+00:00,433.84999999999974,434.3999999999997,433.6299999999997,433.96999999999974,1408
2026-05-15T14:45:00+00:00,433.96999999999974,434.1299999999997,432.5899999999997,432.6499999999997,1362
2026-05-15T14:50:00+00:00,432.6499999999997,432.9999999999997,431.8899999999997,432.6999999999997,1998
2026-05-15T14:55:00+00:00,432.6999999999997,433.16999999999973,431.4999999999997,431.5899999999997,1520.225669957687
2026-05-15T15:00:00+00:00,431.5899999999997,432.2899999999997,430.86999999999966,430.9799999999997,1699
2026-05-15T15:05:00+00:00,430.9799999999997,432.0799999999997,430.4199999999997,432.05999999999966,1575
2026-05-15T15:10:00+00:00,432.05999999999966,432.6099999999997,431.3399999999997,431.7099999999997,1929
2026-05-15T15:15:00+00:00,431.7099999999997,432.8499999999997,431.5999999999997,432.5799999999997,1460
2026-05-15T15:20:00+00:00,432.5799999999997,433.0399999999997,431.30999999999966,431.3299999999997,1553
2026-05-15T15:25:00+00:00,431.3299999999997,432.2899999999997,431.1099999999997,431.9199999999997,1602
2026-05-15T15:30:00+00:00,431.9199999999997,433.3499999999997,431.8999999999997,432.7199999999997,1593
2026-05-15T15:35:00+00:00,432.7199999999997,433.7799999999997,432.4099999999997,432.4399999999997,1490
2026-05-15T15:40:00+00:00,432.4399999999997,432.8599999999997,431.2799999999997,431.54999999999967,1693
2026-05-15T15:45:00+00:00,431.54999999999967,432.0899999999997,431.1999999999997,431.29999999999967,1474
2026-05-15T15:50:00+00:00,431.29999999999967,431.3199999999997,430.0899999999997,430.4599999999997,1609
2026-05-15T15:55:00+00:00,430.4599999999997,431.1499999999997,429.98999999999967,431.04999999999967,1731
2026-05-15T16:00:00+00:00,431.04999999999967,431.9799999999997,430.7799999999997,431.1599999999997,1734
2026-05-15T16:05:00+00:00,431.1599999999997,431.5299999999997,430.86999999999966,431.3999999999997,1437
2026-05-15T16:10:00+00:00,431.3999999999997,431.4599999999997,430.0199999999997,430.8299999999997,1436
2026-05-15T16:15:00+00:00,430.8299999999997,430.8299999999997,429.79999999999967,429.99999999999966,1328
2026-05-15T16:20:00+00:00,429.99999999999966,430.6599999999997,429.79999999999967,430.30999999999966,1358
2026-05-15T16:25:00+00:00,430.30999999999966,430.8999999999997,430.0999999999997,430.6899999999997,1369
2026-05-15T16:30:00+00:00,430.6899999999997,431.0999999999997,429.9099999999997,429.9699999999997,1084
2026-05-15T16:35:00+00:00,429.9699999999997,430.4699999999997,429.6599999999997,430.2099999999997,1196
2026-05-15T16:40:00+00:00,430.2099999999997,430.5699999999997,429.6499999999997,430.5099999999997,1202
2026-05-15T16:45:00+00:00,430.5099999999997,430.5999999999997,430.11999999999966,430.1499999999997,1055
2026-05-15T16:50:00+00:00,430.1499999999997,430.6599999999997,429.5199999999997,429.6099999999997,1226
2026-05-15T16:55:00+00:00,429.6099999999997,430.8599999999997,429.6099999999997,430.8199999999997,1179
2026-05-15T17:00:00+00:00,430.8199999999997,431.3999999999997,430.6399999999997,430.99999999999966,1293
2026-05-15T17:05:00+00:00,430.99999999999966,432.42999999999967,430.86999999999966,432.42999999999967,1243
2026-05-15T17:10:00+00:00,432.42999999999967,433.7299999999997,432.2599999999997,433.4499999999997,1216
2026-05-15T17:15:00+00:00,433.4499999999997,433.7599999999997,432.6299999999997,433.1599999999997,1286
2026-05-15T17:20:00+00:00,433.1599999999997,433.6399999999997,432.49999999999966,433.5899999999997,1256
2026-05-15T17:25:00+00:00,433.5899999999997,434.80999999999966,433.5399999999997,434.4599999999997,1398
2026-05-15T17:30:00+00:00,434.4599999999997,435.3899999999997,434.1299999999997,435.3799999999997,1322
2026-05-15T17:35:00+00:00,435.3799999999997,435.4499999999997,434.1399999999997,434.61999999999966,1220
2026-05-15T17:40:00+00:00,434.61999999999966,434.9399999999997,433.8999999999997,433.9199999999997,1142
2026-05-15T17:45:00+00:00,433.9199999999997,434.2799999999997,433.6099999999997,433.9799999999997,1019
2026-05-15T17:50:00+00:00,433.9799999999997,434.8799999999997,433.8999999999997,434.4499999999997,993
2026-05-15T17:55:00+00:00,434.4499999999997,434.73999999999967,434.0299999999997,434.3299999999997,918
2026-05-15T18:00:00+00:00,434.3299999999997,435.1399999999997,434.3299999999997,434.99999999999966,1088
2026-05-15T18:05:00+00:00,434.99999999999966,435.2199999999997,434.04999999999967,434.1099999999997,1169
2026-05-15T18:10:00+00:00,434.1099999999997,434.5099999999997,433.9699999999997,434.1299999999997,1144
2026-05-15T18:15:00+00:00,434.1299999999997,434.1999999999997,431.92999999999967,431.98999999999967,1670
2026-05-15T18:20:00+00:00,431.98999999999967,432.7099999999997,431.9199999999997,432.30999999999966,1465
2026-05-15T18:25:00+00:00,432.30999999999966,432.5899999999997,431.6099999999997,431.7199999999997,1358
2026-05-15T18:30:00+00:00,431.7199999999997,431.92999999999967,430.3999999999997,430.86999999999966,1981
2026-05-15T18:35:00+00:00,430.86999999999966,431.74999999999966,430.6999999999997,431.67999999999967,1434
2026-05-15T18:40:00+00:00,431.67999999999967,431.79999999999967,430.9399999999997,431.3299999999997,1295
2026-05-15T18:45:00+00:00,431.3299999999997,431.9799999999997,430.80999999999966,431.8899999999997,1329
2026-05-15T18:50:00+00:00,431.8899999999997,432.3799999999997,431.61999999999966,432.36999999999966,1093
2026-05-15T18:55:00+00:00,432.36999999999966,432.6099999999997,431.6999999999997,431.8899999999997,1406
2026-05-15T19:00:00+00:00,431.8899999999997,432.0099999999997,431.1599999999997,431.2299999999997,1669
2026-05-15T19:05:00+00:00,431.2299999999997,431.6399999999997,430.74999999999966,430.7699999999997,1752
2026-05-15T19:10:00+00:00,430.7699999999997,430.7699999999997,429.79999999999967,430.4099999999997,1824
2026-05-15T19:15:00+00:00,430.4099999999997,430.7299999999997,430.1299999999997,430.3999999999997,1911
2026-05-15T19:20:00+00:00,430.3999999999997,430.99999999999966,429.1899999999997,429.24999999999966,1722
2026-05-15T19:25:00+00:00,429.24999999999966,429.36999999999966,428.79999999999967,429.11999999999966,1694
2026-05-15T19:30:00+00:00,429.11999999999966,429.9199999999997,428.6899999999997,429.0299999999997,1811
2026-05-15T19:35:00+00:00,429.0299999999997,430.79999999999967,428.6999999999997,430.7099999999997,1449
2026-05-15T19:40:00+00:00,430.7099999999997,430.9199999999997,430.3599999999997,430.3899999999997,1989
2026-05-15T19:45:00+00:00,430.3899999999997,430.67999999999967,429.49999999999966,430.1899999999997,2209
2026-05-15T19:50:00+00:00,430.1899999999997,430.1899999999997,428.4099999999997,428.9099999999997,1958
2026-05-15T19:55:00+00:00,428.9099999999997,428.9199999999997,428.0899999999997,428.30999999999966,2284
2026-05-18T13:30:00+00:00,428.30999999999966,428.30999999999966,423.3899999999997,424.99999999999966,1402
2026-05-18T13:35:00+00:00,424.99999999999966,426.1699999999997,420.6299999999997,421.1399999999997,1686
2026-05-18T13:40:00+00:00,421.1399999999997,421.1499999999997,417.8899999999997,417.9599999999997,1791
2026-05-18T13:45:00+00:00,417.9599999999997,419.8799999999997,417.11999999999966,418.79999999999967,2049
2026-05-18T13:50:00+00:00,418.79999999999967,421.7899999999997,418.6099999999997,421.4399999999997,1596
2026-05-18T13:55:00+00:00,421.4399999999997,422.7299999999997,419.6499999999997,422.1599999999997,1588
2026-05-18T14:00:00+00:00,422.1599999999997,422.29999999999967,419.1399999999997,421.0399999999997,1397
2026-05-18T14:05:00+00:00,421.0399999999997,423.61999999999966,420.7899999999997,423.1999999999997,1470
2026-05-18T14:10:00+00:00,423.1999999999997,423.8799999999997,422.1899999999997,422.7799999999997,1389
2026-05-18T14:15:00+00:00,422.7799999999997,424.8499999999997,422.7799999999997,424.2299999999997,1457
2026-05-18T14:20:00+00:00,424.2299999999997,424.6399999999997,421.9799999999997,421.99999999999966,1165
2026-05-18T14:25:00+00:00,421.99999999999966,422.9599999999997,419.86999999999966,419.8999999999997,1262
2026-05-18T14:30:00+00:00,419.8999999999997,420.5199999999997,416.6299999999997,416.6299999999997,1880
2026-05-18T14:35:00+00:00,416.6299999999997,419.48999999999967,416.42999999999967,418.1899999999997,2275
2026-05-18T14:40:00+00:00,418.1899999999997,418.8999999999997,417.0299999999997,418.3999999999997,1964
2026-05-18T14:45:00+00:00,418.3999999999997,418.7099999999997,415.98999999999967,416.4699999999997,1736
2026-05-18T14:50:00+00:00,416.4699999999997,417.99999999999966,416.1099999999997,416.3299999999997,1698
2026-05-18T14:55:00+00:00,416.3299999999997,417.36999999999966,415.4599999999997,416.9499999999997,1731
2026-05-18T15:00:00+00:00,416.9499999999997,418.3199999999997,416.4799999999997,416.61999999999966,2122
2026-05-18T15:05:00+00:00,416.61999999999966,417.4499999999997,415.4799999999997,415.5399999999997,1640
2026-05-18T15:10:00+00:00,415.5399999999997,417.5699999999997,414.9499999999997,416.67999999999967,1760
2026-05-18T15:15:00+00:00,416.67999999999967,416.7099999999997,414.74999999999966,414.9699999999997,1459
2026-05-18T15:20:00+00:00,414.9699999999997,416.0399999999997,414.8999999999997,415.4799999999997,1516
2026-05-18T15:25:00+00:00,415.4799999999997,416.4799999999997,414.3199999999997,414.36999999999966,1707
2026-05-18T15:30:00+00:00,414.36999999999966,415.4499999999997,413.9599999999997,415.3899999999997,1500
2026-05-18T15:35:00+00:00,415.3899999999997,417.4199999999997,415.24999999999966,416.5899999999997,1408
2026-05-18T15:40:00+00:00,416.5899999999997,417.49999999999966,416.17999999999967,416.3499999999997,1211
2026-05-18T15:45:00+00:00,416.3499999999997,417.6899999999997,416.3499999999997,417.1599999999997,1136
2026-05-18T15:50:00+00:00,417.1599999999997,418.61999999999966,416.5199999999997,418.3999999999997,1181
2026-05-18T15:55:00+00:00,418.3999999999997,419.24999999999966,417.8599999999997,418.1399999999997,1224
2026-05-18T16:00:00+00:00,418.1399999999997,418.3999999999997,417.3999999999997,418.0199999999997,1007
2026-05-18T16:05:00+00:00,418.0199999999997,419.04999999999967,417.7599999999997,418.73999999999967,964
2026-05-18T16:10:00+00:00,418.73999999999967,419.7099999999997,418.7099999999997,419.67999999999967,1012
2026-05-18T16:15:00+00:00,419.67999999999967,420.2699999999997,419.3499999999997,419.7799999999997,830
2026-05-18T16:20:00+00:00,419.7799999999997,420.5899999999997,419.1099999999997,419.1099999999997,1072
2026-05-18T16:25:00+00:00,419.1099999999997,419.1699999999997,415.0999999999997,415.3899999999997,1430
2026-05-18T16:30:00+00:00,415.3899999999997,417.11999999999966,414.7599999999997,416.5399999999997,1476
2026-05-18T16:35:00+00:00,416.5399999999997,417.49999999999966,416.2799999999997,416.9599999999997,1060
2026-05-18T16:40:00+00:00,416.9599999999997,417.04999999999967,415.99999999999966,416.1499999999997,973
2026-05-18T16:45:00+00:00,416.1499999999997,416.4499999999997,415.8599999999997,416.3399999999997,916
2026-05-18T16:50:00+00:00,416.3399999999997,417.98999999999967,416.0999999999997,417.7699999999997,1108
2026-05-18T16:55:00+00:00,417.7699999999997,418.4399999999997,417.3199999999997,417.6499999999997,1175
2026-05-18T17:00:00+00:00,417.6499999999997,417.7699999999997,416.1899999999997,416.67999999999967,1226
2026-05-18T17:05:00+00:00,416.67999999999967,417.74999999999966,416.4099999999997,417.0999999999997,981
2026-05-18T17:10:00+00:00,417.0999999999997,417.4799999999997,415.8499999999997,415.92999999999967,819
2026-05-18T17:15:00+00:00,415.92999999999967,416.5799999999997,415.6999999999997,416.3899999999997,780
2026-05-18T17:20:00+00:00,416.3899999999997,416.5799999999997,415.48999999999967,415.6099999999997,883
2026-05-18T17:25:00+00:00,415.6099999999997,416.1999999999997,415.3499999999997,415.99999999999966,979
2026-05-18T17:30:00+00:00,415.99999999999966,416.0899999999997,414.29999999999967,414.4199999999997,1058
2026-05-18T17:35:00+00:00,414.4199999999997,414.5399999999997,413.7099999999997,413.9099999999997,1107
2026-05-18T17:40:00+00:00,413.9099999999997,414.8899999999997,413.7599999999997,414.6299999999997,1040
2026-05-18T17:45:00+00:00,414.6299999999997,414.8599999999997,413.79999999999967,414.2599999999997,1052
2026-05-18T17:50:00+00:00,414.2599999999997,415.1399999999997,414.2599999999997,414.8499999999997,933
2026-05-18T17:55:00+00:00,414.8499999999997,415.6599999999997,414.8299999999997,415.4399999999997,907
2026-05-18T18:00:00+00:00,415.4399999999997,415.6299999999997,413.80999999999966,414.1499999999997,1108
2026-05-18T18:05:00+00:00,414.1499999999997,414.3599999999997,413.3599999999997,413.49999999999966,1060
2026-05-18T18:10:00+00:00,413.49999999999966,414.17999999999967,413.1399999999997,413.4199999999997,991
2026-05-18T18:15:00+00:00,413.4199999999997,413.42999999999967,411.8599999999997,412.1599999999997,1260
2026-05-18T18:20:00+00:00,412.1599999999997,413.2199999999997,411.98999999999967,413.1699999999997,1360
2026-05-18T18:25:00+00:00,413.1699999999997,413.30999999999966,411.80999999999966,413.1099999999997,1234
2026-05-18T18:30:00+00:00,413.1099999999997,414.1099999999997,412.3999999999997,412.7599999999997,1170
2026-05-18T18:35:00+00:00,412.7599999999997,413.2699999999997,412.1899999999997,412.3199999999997,1316
2026-05-18T18:40:00+00:00,412.3199999999997,412.6499999999997,412.11999999999966,412.6099999999997,1071
2026-05-18T18:45:00+00:00,412.6099999999997,412.7599999999997,411.6899999999997,411.8599999999997,1137
2026-05-18T18:50:00+00:00,411.8599999999997,412.23999999999967,411.4199999999997,411.6099999999997,1194
2026-05-18T18:55:00+00:00,411.6099999999997,412.7699999999997,411.4199999999997,412.1899999999997,1117
2026-05-18T19:00:00+00:00,412.1899999999997,417.3499999999997,412.1399999999997,415.5899999999997,1435
2026-05-18T19:05:00+00:00,415.5899999999997,416.05999999999966,413.86999999999966,415.0199999999997,908
2026-05-18T19:10:00+00:00,415.0199999999997,416.2099999999997,414.79999999999967,415.2299999999997,893
2026-05-18T19:15:00+00:00,415.2299999999997,415.67999999999967,414.3299999999997,414.6099999999997,1282
2026-05-18T19:20:00+00:00,414.6099999999997,415.1899999999997,413.99999999999966,414.29999999999967,1171
2026-05-18T19:25:00+00:00,414.29999999999967,414.5799999999997,413.5999999999997,414.5099999999997,989
2026-05-18T19:30:00+00:00,414.5099999999997,415.99999999999966,414.3299999999997,415.3799999999997,1069
2026-05-18T19:35:00+00:00,415.3799999999997,416.3399999999997,415.36999999999966,416.1699999999997,1014
2026-05-18T19:40:00+00:00,416.1699999999997,416.6699999999997,415.6399999999997,416.0799999999997,1358
2026-05-18T19:45:00+00:00,416.0799999999997,417.0099999999997,416.05999999999966,416.8599999999997,1203
2026-05-18T19:50:00+00:00,416.8599999999997,416.9399999999997,415.2599999999997,415.49999999999966,988
2026-05-18T19:55:00+00:00,415.49999999999966,416.3899999999997,414.6099999999997,416.0399999999997,1922
2026-05-19T13:30:00+00:00,416.0399999999997,416.0399999999997,407.3999999999997,408.0099999999997,1598
2026-05-19T13:35:00+00:00,408.0099999999997,410.73999999999967,407.0999999999997,409.67999999999967,1716
2026-05-19T13:40:00+00:00,409.67999999999967,409.8199999999997,406.99999999999966,406.99999999999966,1659
2026-05-19T13:45:00+00:00,406.99999999999966,407.9699999999997,405.3999999999997,406.9599999999997,1696
2026-05-19T13:50:00+00:00,406.9599999999997,408.36999999999966,406.2099999999997,408.2299999999997,1340
2026-05-19T13:55:00+00:00,408.2299999999997,408.7699999999997,404.7199999999997,405.0099999999997,1411
2026-05-19T14:00:00+00:00,405.0099999999997,405.0399999999997,402.4599999999997,404.42999999999967,1664
2026-05-19T14:05:00+00:00,404.42999999999967,404.73999999999967,401.73999999999967,402.7099999999997,1521
2026-05-19T14:10:00+00:00,402.7099999999997,404.29999999999967,402.6899999999997,403.30999999999966,1501
2026-05-19T14:15:00+00:00,403.30999999999966,404.11999999999966,402.1599999999997,403.80999999999966,1362
2026-05-19T14:20:00+00:00,403.80999999999966,403.98999999999967,401.7899999999997,402.8299999999997,1430
2026-05-19T14:25:00+00:00,402.8299999999997,403.0399999999997,401.49999999999966,401.8499999999997,1419
2026-05-19T14:30:00+00:00,401.8499999999997,402.9399999999997,401.29999999999967,402.0399999999997,1564
2026-05-19T14:35:00+00:00,402.0399999999997,403.5299999999997,401.98999999999967,403.3299999999997,1689
2026-05-19T14:40:00+00:00,403.3299999999997,403.8199999999997,402.1299999999997,402.1499999999997,1426
2026-05-19T14:45:00+00:00,402.1499999999997,402.5099999999997,399.74999999999966,400.55999999999966,1550
2026-05-19T14:50:00+00:00,400.55999999999966,402.2699999999997,400.3999999999997,401.8299999999997,1285
2026-05-19T14:55:00+00:00,401.8299999999997,403.17999999999967,401.5999999999997,402.9599999999997,1103
2026-05-19T15:00:00+00:00,402.9599999999997,403.2199999999997,401.5999999999997,402.3599999999997,1244
2026-05-19T15:05:00+00:00,402.3599999999997,402.8299999999997,401.5999999999997,402.3299999999997,1046
2026-05-19T15:10:00+00:00,402.3299999999997,403.7599999999997,402.2799999999997,403.5699999999997,988
2026-05-19T15:15:00+00:00,403.5699999999997,404.17999999999967,402.9199999999997,403.0299999999997,1040
2026-05-19T15:20:00+00:00,403.0299999999997,403.73999999999967,402.3999999999997,402.4199999999997,1108
2026-05-19T15:25:00+00:00,402.4199999999997,404.0899999999997,402.0699999999997,403.6499999999997,1120
2026-05-19T15:30:00+00:00,403.6499999999997,404.7799999999997,403.2299999999997,403.4099999999997,1119
2026-05-19T15:35:00+00:00,403.4099999999997,404.3799999999997,402.8599999999997,404.0199999999997,1070
2026-05-19T15:40:00+00:00,404.0199999999997,404.2899999999997,403.23999999999967,403.4399999999997,949
2026-05-19T15:45:00+00:00,403.4399999999997,403.8299999999997,403.1999999999997,403.67999999999967,783
2026-05-19T15:50:00+00:00,403.67999999999967,404.1299999999997,402.6999999999997,402.99999999999966,868
2026-05-19T15:55:00+00:00,402.99999999999966,403.42999999999967,402.30999999999966,403.4099999999997,774
2026-05-19T16:00:00+00:00,403.4099999999997,404.6299999999997,403.3899999999997,404.4599999999997,886
2026-05-19T16:05:00+00:00,404.4599999999997,404.6399999999997,403.49999999999966,403.5199999999997,928
2026-05-19T16:10:00+00:00,403.5199999999997,403.7199999999997,402.8299999999997,403.04999999999967,817
2026-05-19T16:15:00+00:00,403.04999999999967,403.4499999999997,402.6099999999997,402.6299999999997,721
2026-05-19T16:20:00+00:00,402.6299999999997,402.99999999999966,402.0999999999997,402.7099999999997,752
2026-05-19T16:25:00+00:00,402.7099999999997,403.5299999999997,402.6499999999997,402.8499999999997,823
2026-05-19T16:30:00+00:00,402.8499999999997,403.5299999999997,402.5199999999997,403.2299999999997,768
2026-05-19T16:35:00+00:00,403.2299999999997,403.7799999999997,402.1999999999997,403.5199999999997,843
2026-05-19T16:40:00+00:00,403.5199999999997,405.0399999999997,403.5099999999997,404.98999999999967,1013
2026-05-19T16:45:00+00:00,404.98999999999967,405.5199999999997,404.4799999999997,405.3599999999997,823
2026-05-19T16:50:00+00:00,405.3599999999997,406.8899999999997,405.1399999999997,406.7199999999997,972
2026-05-19T16:55:00+00:00,406.7199999999997,407.8599999999997,406.5999999999997,407.6599999999997,1040
2026-05-19T17:00:00+00:00,407.6599999999997,408.92999999999967,407.1499999999997,408.49999999999966,1117
2026-05-19T17:05:00+00:00,408.49999999999966,409.30999999999966,408.2199999999997,409.11999999999966,869
2026-05-19T17:10:00+00:00,409.11999999999966,409.4499999999997,408.4499999999997,409.2099999999997,813
2026-05-19T17:15:00+00:00,409.2099999999997,409.79999999999967,408.8999999999997,409.54999999999967,864
2026-05-19T17:20:00+00:00,409.54999999999967,409.5999999999997,408.2299999999997,408.30999999999966,909
2026-05-19T17:25:00+00:00,408.30999999999966,409.1999999999997,408.1099999999997,409.1399999999997,930
2026-05-19T17:30:00+00:00,409.1399999999997,409.99999999999966,409.1399999999997,409.3499999999997,895
2026-05-19T17:35:00+00:00,409.3499999999997,409.5899999999997,408.8999999999997,409.4499999999997,862
2026-05-19T17:40:00+00:00,409.4499999999997,409.6399999999997,408.80999999999966,409.05999999999966,816
2026-05-19T17:45:00+00:00,409.05999999999966,409.5799999999997,408.5999999999997,409.36999999999966,929
2026-05-19T17:50:00+00:00,409.36999999999966,409.5699999999997,408.42999999999967,408.8299999999997,912
2026-05-19T17:55:00+00:00,408.8299999999997,410.23999999999967,408.6399999999997,410.0199999999997,872
2026-05-19T18:00:00+00:00,410.0199999999997,410.5299999999997,409.9199999999997,410.29999999999967,836
2026-05-19T18:05:00+00:00,410.29999999999967,411.17999999999967,410.17999999999967,410.79999999999967,751
2026-05-19T18:10:00+00:00,410.79999999999967,411.0299999999997,410.4399999999997,410.61999999999966,700
2026-05-19T18:15:00+00:00,410.61999999999966,411.3999999999997,410.4199999999997,411.36999999999966,902
2026-05-19T18:20:00+00:00,411.36999999999966,411.5099999999997,410.3599999999997,410.5299999999997,936
2026-05-19T18:25:00+00:00,410.5299999999997,411.30999999999966,410.3199999999997,410.79999999999967,897
2026-05-19T18:30:00+00:00,410.79999999999967,411.1399999999997,410.3999999999997,410.8799999999997,829
2026-05-19T18:35:00+00:00,410.8799999999997,411.23999999999967,410.3599999999997,410.4099999999997,746
2026-05-19T18:40:00+00:00,410.4099999999997,411.6699999999997,410.0999999999997,411.6299999999997,922
2026-05-19T18:45:00+00:00,411.6299999999997,411.6299999999997,410.1099999999997,410.7699999999997,951
2026-05-19T18:50:00+00:00,410.7699999999997,410.79999999999967,409.1399999999997,409.2099999999997,871
2026-05-19T18:55:00+00:00,409.2099999999997,409.4799999999997,408.3899999999997,409.2599999999997,1087
2026-05-19T19:00:00+00:00,409.2599999999997,410.6999999999997,409.17999999999967,409.9599999999997,926
2026-05-19T19:05:00+00:00,409.9599999999997,410.8499999999997,408.8999999999997,410.7099999999997,784
2026-05-19T19:10:00+00:00,410.7099999999997,411.2199999999997,410.29999999999967,410.3499999999997,783
2026-05-19T19:15:00+00:00,410.3499999999997,410.5299999999997,409.5799999999997,409.6599999999997,642
2026-05-19T19:20:00+00:00,409.6599999999997,410.5099999999997,409.5899999999997,409.5899999999997,739
2026-05-19T19:25:00+00:00,409.5899999999997,410.30999999999966,409.3799999999997,410.0899999999997,887
2026-05-19T19:30:00+00:00,410.0899999999997,410.73999999999967,409.6299999999997,409.86999999999966,657
2026-05-19T19:35:00+00:00,409.86999999999966,410.3599999999997,409.3299999999997,410.1299999999997,722
2026-05-19T19:40:00+00:00,410.1299999999997,410.1299999999997,409.3499999999997,409.48999999999967,794
2026-05-19T19:45:00+00:00,409.48999999999967,410.3499999999997,409.2799999999997,410.24999999999966,851
2026-05-19T19:50:00+00:00,410.24999999999966,410.9699999999997,409.92999999999967,409.9599999999997,1010
2026-05-19T19:55:00+00:00,409.9599999999997,410.5299999999997,409.1999999999997,410.3499999999997,1464
2026-05-20T13:30:00+00:00,410.3499999999997,417.5399999999997,410.3499999999997,415.0199999999997,1753
2026-05-20T13:35:00+00:00,415.0199999999997,416.7799999999997,414.8999999999997,416.7199999999997,1812
2026-05-20T13:40:00+00:00,416.7199999999997,419.9399999999997,416.23999999999967,417.0999999999997,2034
2026-05-20T13:45:00+00:00,417.0999999999997,419.2699999999997,416.1999999999997,416.49999999999966,1755
2026-05-20T13:50:00+00:00,416.49999999999966,417.4599999999997,414.7699999999997,415.23999999999967,1698
2026-05-20T13:55:00+00:00,415.23999999999967,416.1899999999997,414.49999999999966,415.8499999999997,1598
2026-05-20T14:00:00+00:00,415.8499999999997,416.2099999999997,414.8999999999997,415.5099999999997,1597
2026-05-20T14:05:00+00:00,415.5099999999997,415.6599999999997,413.48999999999967,414.0999999999997,1417
2026-05-20T14:10:00+00:00,414.0999999999997,415.0899999999997,412.6599999999997,414.1499999999997,1726
2026-05-20T14:15:00+00:00,414.1499999999997,417.0399999999997,413.6999999999997,415.49999999999966,1595
2026-05-20T14:20:00+00:00,415.49999999999966,416.1599999999997,412.9599999999997,412.9699999999997,1479
2026-05-20T14:25:00+00:00,412.9699999999997,414.29999999999967,412.49999999999966,413.9199999999997,1226
2026-05-20T14:30:00+00:00,413.9199999999997,416.4499999999997,413.8999999999997,415.6499999999997,1735
2026-05-20T14:35:00+00:00,415.6499999999997,416.2699999999997,414.6099999999997,415.2199999999997,1949
2026-05-20T14:40:00+00:00,415.2199999999997,416.3799999999997,414.8599999999997,416.3799999999997,1692
2026-05-20T14:45:00+00:00,416.3799999999997,417.3499999999997,416.30999999999966,416.86999999999966,1536
2026-05-20T14:50:00+00:00,416.86999999999966,417.92999999999967,416.04999999999967,417.8399999999997,1404
2026-05-20T14:55:00+00:00,417.8399999999997,418.9199999999997,417.79999999999967,418.28999999999974,1433.0201834862385
2026-05-20T15:00:00+00:00,418.28999999999974,418.5099999999997,416.85999999999973,416.9499999999997,1507
2026-05-20T15:05:00+00:00,416.9499999999997,417.72999999999973,416.6299999999997,416.9399999999997,1355
2026-05-20T15:10:00+00:00,416.9399999999997,417.02999999999975,415.52999999999975,415.6799999999997,1118
2026-05-20T15:15:00+00:00,415.6799999999997,418.4899999999997,415.52999999999975,418.41999999999973,2851
2026-05-20T15:20:00+00:00,418.41999999999973,419.1499999999997,418.27999999999975,418.6499999999997,1651
2026-05-20T15:25:00+00:00,418.6499999999997,418.7599999999997,417.7399999999997,418.58999999999975,1581
2026-05-20T15:30:00+00:00,418.58999999999975,419.53999999999974,418.5699999999997,419.1399999999997,1223
2026-05-20T15:35:00+00:00,419.1399999999997,419.2999999999997,418.2499999999997,418.2599999999997,1089
2026-05-20T15:40:00+00:00,418.2599999999997,418.40999999999974,417.2599999999997,418.2999999999997,1042
2026-05-20T15:45:00+00:00,418.2999999999997,419.09999999999974,417.84999999999974,419.0499999999997,892
2026-05-20T15:50:00+00:00,419.0499999999997,419.35999999999973,418.4299999999997,418.6499999999997,876
2026-05-20T15:55:00+00:00,418.6499999999997,419.0699999999997,417.9399999999997,418.6399999999997,1077
2026-05-20T16:00:00+00:00,418.6399999999997,419.22999999999973,418.6399999999997,418.83999999999975,961
2026-05-20T16:05:00+00:00,418.83999999999975,420.47999999999973,418.8199999999997,419.83999999999975,1091
2026-05-20T16:10:00+00:00,419.83999999999975,420.10999999999973,418.6499999999997,419.1199999999997,922
2026-05-20T16:15:00+00:00,419.1199999999997,419.1299999999997,417.9499999999997,418.2699999999997,1015
2026-05-20T16:20:00+00:00,418.2699999999997,418.5799999999997,417.6499999999997,417.91999999999973,1443
2026-05-20T16:25:00+00:00,417.91999999999973,418.3299999999997,417.28999999999974,418.0699999999997,1548
2026-05-20T16:30:00+00:00,418.0699999999997,418.8799999999997,417.8199999999997,418.2599999999997,1283
2026-05-20T16:35:00+00:00,418.2599999999997,419.10999999999973,418.0599999999997,418.5599999999997,900
2026-05-20T16:40:00+00:00,418.5599999999997,419.9999999999997,418.3899999999997,419.6899999999997,1021
2026-05-20T16:45:00+00:00,419.6899999999997,420.1999999999997,419.0199999999997,419.2499999999997,1262
2026-05-20T16:50:00+00:00,419.2499999999997,419.4899999999997,418.9599999999997,419.3799999999997,1014
2026-05-20T16:55:00+00:00,419.3799999999997,419.3799999999997,418.58999999999975,419.1199999999997,1022
2026-05-20T17:00:00+00:00,419.1199999999997,419.9999999999997,418.85999999999973,419.0099999999997,1217
2026-05-20T17:05:00+00:00,419.0099999999997,419.2399999999997,418.65999999999974,418.91999999999973,895
2026-05-20T17:10:00+00:00,418.91999999999973,420.10999999999973,418.66999999999973,419.5599999999997,1139
2026-05-20T17:15:00+00:00,419.5599999999997,420.08999999999975,418.84999999999974,420.0199999999997,1085
2026-05-20T17:20:00+00:00,420.0199999999997,420.08999999999975,419.2699999999997,419.8099999999997,833
2026-05-20T17:25:00+00:00,419.8099999999997,420.4299999999997,419.72999999999973,420.09999999999974,841
2026-05-20T17:30:00+00:00,420.09999999999974,420.5699999999997,419.47999999999973,420.33999999999975,997
2026-05-20T17:35:00+00:00,420.33999999999975,421.33999999999975,420.2399999999997,420.8699999999997,1113
2026-05-20T17:40:00+00:00,420.8699999999997,420.8699999999997,420.2499999999997,420.6299999999997,748
2026-05-20T17:45:00+00:00,420.6299999999997,420.84999999999974,420.2699999999997,420.6199999999997,697
2026-05-20T17:50:00+00:00,420.6199999999997,420.6299999999997,419.0499999999997,419.1299999999997,675
2026-05-20T17:55:00+00:00,419.1299999999997,419.46999999999974,418.9999999999997,419.2699999999997,788
2026-05-20T18:00:00+00:00,419.2699999999997,419.71999999999974,418.6499999999997,419.0599999999997,989
2026-05-20T18:05:00+00:00,419.0599999999997,419.10999999999973,418.6999999999997,418.8699999999997,696
2026-05-20T18:10:00+00:00,418.8699999999997,419.27999999999975,418.7099999999997,419.1899999999997,782
2026-05-20T18:15:00+00:00,419.1899999999997,419.4299999999997,418.5799999999997,418.6799999999997,852
2026-05-20T18:20:00+00:00,418.6799999999997,418.7699999999997,418.1999999999997,418.1999999999997,669
2026-05-20T18:25:00+00:00,418.1999999999997,419.0699999999997,418.0499999999997,419.0499999999997,807
2026-05-20T18:30:00+00:00,419.0499999999997,419.4599999999997,418.96999999999974,419.35999999999973,769
2026-05-20T18:35:00+00:00,419.35999999999973,420.09999999999974,419.2499999999997,419.9299999999997,646
2026-05-20T18:40:00+00:00,419.9299999999997,420.09999999999974,419.2999999999997,419.2999999999997,1040
2026-05-20T18:45:00+00:00,419.2999999999997,419.91999999999973,419.16999999999973,419.8699999999997,965
2026-05-20T18:50:00+00:00,419.8699999999997,420.5499999999997,419.6799999999997,419.9999999999997,726
2026-05-20T18:55:00+00:00,419.9999999999997,420.2499999999997,419.5599999999997,420.0099999999997,906
2026-05-20T19:00:00+00:00,420.0099999999997,420.40999999999974,419.65999999999974,419.65999999999974,922
2026-05-20T19:05:00+00:00,419.65999999999974,419.7699999999997,419.2599999999997,419.5099999999997,691
2026-05-20T19:10:00+00:00,419.5099999999997,419.9599999999997,419.27999999999975,419.7099999999997,701
2026-05-20T19:15:00+00:00,419.7099999999997,420.40999999999974,419.5499999999997,420.2099999999997,697
2026-05-20T19:20:00+00:00,420.2099999999997,420.66999999999973,420.0199999999997,420.10999999999973,680
2026-05-20T19:25:00+00:00,420.10999999999973,420.16999999999973,419.65999999999974,419.7999999999997,577
2026-05-20T19:30:00+00:00,419.7999999999997,419.7999999999997,418.7599999999997,419.28999999999974,744
2026-05-20T19:35:00+00:00,419.28999999999974,419.7099999999997,419.0199999999997,419.1999999999997,835
2026-05-20T19:40:00+00:00,419.1999999999997,420.7399999999997,419.1399999999997,420.6999999999997,939
2026-05-20T19:45:00+00:00,420.6999999999997,421.0799999999997,420.1799999999997,420.4399999999997,1091
2026-05-20T19:50:00+00:00,420.4399999999997,421.77999999999975,419.4299999999997,420.7699999999997,1352
2026-05-20T19:55:00+00:00,420.7699999999997,423.6899999999997,420.7699999999997,423.58999999999975,1976
2026-05-21T13:30:00+00:00,423.58999999999975,432.1799999999997,423.58999999999975,432.1799999999997,1735
2026-05-21T13:35:00+00:00,432.1799999999997,433.10999999999973,429.90999999999974,429.90999999999974,2044
2026-05-21T13:40:00+00:00,429.90999999999974,430.78999999999974,427.7499999999997,429.0699999999997,1833
2026-05-21T13:45:00+00:00,429.0699999999997,429.2099999999997,425.6399999999997,425.78999999999974,1752
2026-05-21T13:50:00+00:00,425.78999999999974,427.2599999999997,424.27999999999975,427.0199999999997,1933
2026-05-21T13:55:00+00:00,427.0199999999997,427.1299999999997,423.7599999999997,424.8799999999997,1693
2026-05-21T14:00:00+00:00,424.8799999999997,425.5499999999997,423.40999999999974,423.41999999999973,1544
2026-05-21T14:05:00+00:00,423.41999999999973,425.40999999999974,423.10999999999973,425.2599999999997,1901
2026-05-21T14:10:00+00:00,425.2599999999997,425.8099999999997,424.0499999999997,424.72999999999973,1589
2026-05-21T14:15:00+00:00,424.72999999999973,424.9299999999997,422.96999999999974,423.1199999999997,1772
2026-05-21T14:20:00+00:00,423.1199999999997,423.1499999999997,419.9999999999997,420.0099999999997,1876
2026-05-21T14:25:00+00:00,420.0099999999997,420.53999999999974,419.1399999999997,420.40999999999974,1795
2026-05-21T14:30:00+00:00,420.40999999999974,421.22999999999973,419.5599999999997,420.21999999999974,2154
2026-05-21T14:35:00+00:00,420.21999999999974,421.7399999999997,420.15999999999974,421.03999999999974,2229
2026-05-21T14:40:00+00:00,421.03999999999974,421.53999999999974,419.8099999999997,421.3299999999997,2500
2026-05-21T14:45:00+00:00,421.3299999999997,421.5599999999997,419.8099999999997,420.5199999999997,2165
2026-05-21T14:50:00+00:00,420.5199999999997,421.59999999999974,419.8999999999997,421.52999999999975,1993
2026-05-21T14:55:00+00:00,421.52999999999975,422.21999999999974,420.96999999999974,422.1799999999997,2214
2026-05-21T15:00:00+00:00,422.1799999999997,423.02999999999975,421.7499999999997,421.9999999999997,2222
2026-05-21T15:05:00+00:00,421.9999999999997,421.9999999999997,420.5799999999997,421.2399999999997,2341
2026-05-21T15:10:00+00:00,421.2399999999997,422.7099999999997,420.47999999999973,422.4999999999997,2625
2026-05-21T15:15:00+00:00,422.4999999999997,423.41999999999973,422.35999999999973,423.2099999999997,1997
2026-05-21T15:20:00+00:00,423.2099999999997,423.8999999999997,423.10999999999973,423.3899999999997,1922
2026-05-21T15:25:00+00:00,423.3899999999997,424.1799999999997,423.0599999999997,423.66999999999973,1975
2026-05-21T15:30:00+00:00,423.66999999999973,423.7499999999997,421.65999999999974,422.0099999999997,1873
2026-05-21T15:35:00+00:00,422.0099999999997,423.7399999999997,421.6999999999997,423.2699999999997,1886
2026-05-21T15:40:00+00:00,423.2699999999997,423.66999999999973,422.90999999999974,423.08999999999975,1567
2026-05-21T15:45:00+00:00,423.08999999999975,423.83999999999975,423.0499999999997,423.7399999999997,1612
2026-05-21T15:50:00+00:00,423.7399999999997,423.8999999999997,423.1899999999997,423.3699999999997,1344
2026-05-21T15:55:00+00:00,423.3699999999997,423.91999999999973,423.0499999999997,423.4899999999997,1170
2026-05-21T16:00:00+00:00,423.4899999999997,424.59999999999974,423.4899999999997,423.9599999999997,1569
2026-05-21T16:05:00+00:00,423.9599999999997,424.2099999999997,423.5199999999997,423.96999999999974,1352
2026-05-21T16:10:00+00:00,423.96999999999974,424.0599999999997,423.0499999999997,423.5099999999997,1637
2026-05-21T16:15:00+00:00,423.5099999999997,424.09999999999974,423.0699999999997,423.58999999999975,1450
2026-05-21T16:20:00+00:00,423.58999999999975,423.84999999999974,422.40999999999974,422.90999999999974,1458
2026-05-21T16:25:00+00:00,422.90999999999974,423.2499999999997,422.47999999999973,423.02999999999975,1353
2026-05-21T16:30:00+00:00,423.02999999999975,424.1199999999997,422.4999999999997,423.83999999999975,1319
2026-05-21T16:35:00+00:00,423.83999999999975,424.0499999999997,423.3899999999997,423.7599999999997,1273
2026-05-21T16:40:00+00:00,423.7599999999997,424.66999999999973,423.4499999999997,424.52999999999975,1041
2026-05-21T16:45:00+00:00,424.52999999999975,425.0199999999997,423.6799999999997,423.7699999999997,1297
2026-05-21T16:50:00+00:00,423.7699999999997,423.7699999999997,422.9599999999997,423.4299999999997,1189
2026-05-21T16:55:00+00:00,423.4299999999997,423.85999999999973,423.35999999999973,423.8299999999997,1025
2026-05-21T17:00:00+00:00,423.8299999999997,424.5099999999997,423.8099999999997,424.3799999999997,1166
2026-05-21T17:05:00+00:00,424.3799999999997,424.59999999999974,424.1199999999997,424.1199999999997,922
2026-05-21T17:10:00+00:00,424.1199999999997,426.5099999999997,423.9999999999997,425.65999999999974,2639
2026-05-21T17:15:00+00:00,425.65999999999974,428.1999999999997,425.5099999999997,427.27999999999975,2548
2026-05-21T17:20:00+00:00,427.27999999999975,428.60999999999973,425.9899999999997,427.2499999999997,2591
2026-05-21T17:25:00+00:00,427.2499999999997,427.8299999999997,427.2499999999997,427.4499999999997,1603
2026-05-21T17:30:00+00:00,427.4499999999997,428.02999999999975,427.08999999999975,427.28999999999974,1780
2026-05-21T17:35:00+00:00,427.28999999999974,428.10999999999973,427.1999999999997,427.8299999999997,1366
2026-05-21T17:40:00+00:00,427.8299999999997,428.2699999999997,427.3799999999997,427.9299999999997,1619
2026-05-21T17:45:00+00:00,427.9299999999997,428.0699999999997,427.40999999999974,427.71999999999974,1445
2026-05-21T17:50:00+00:00,427.71999999999974,429.15999999999974,427.6399999999997,429.08999999999975,1357
2026-05-21T17:55:00+00:00,429.08999999999975,429.60999999999973,428.5599999999997,428.6199999999997,1904
2026-05-21T18:00:00+00:00,428.6199999999997,429.6399999999997,428.34999999999974,428.35999999999973,1852
2026-05-21T18:05:00+00:00,428.35999999999973,429.2499999999997,428.1799999999997,428.40999999999974,1696
2026-05-21T18:10:00+00:00,428.40999999999974,428.47999999999973,427.41999999999973,427.66999999999973,1601
2026-05-21T18:15:00+00:00,427.66999999999973,428.0199999999997,426.9499999999997,427.7599999999997,1445
2026-05-21T18:20:00+00:00,427.7599999999997,428.03999999999974,427.0099999999997,427.33999999999975,1368
2026-05-21T18:25:00+00:00,427.33999999999975,427.60999999999973,426.6299999999997,426.66999999999973,1275
2026-05-21T18:30:00+00:00,426.66999999999973,427.27999999999975,426.6199999999997,427.0199999999997,1292
2026-05-21T18:35:00+00:00,427.0199999999997,427.21999999999974,426.7499999999997,426.83999999999975,981
2026-05-21T18:40:00+00:00,426.83999999999975,427.27999999999975,426.7999999999997,426.8199999999997,1159
2026-05-21T18:45:00+00:00,426.8199999999997,426.90999999999974,424.9399999999997,425.22999999999973,1655
2026-05-21T18:50:00+00:00,425.22999999999973,425.71999999999974,423.2999999999997,423.3099999999997,2339
2026-05-21T18:55:00+00:00,423.3099999999997,424.1799999999997,423.16999999999973,424.0799999999997,2245
2026-05-21T19:00:00+00:00,424.0799999999997,424.5799999999997,423.9499999999997,424.28999999999974,1469
2026-05-21T19:05:00+00:00,424.28999999999974,424.33999999999975,423.34999999999974,423.9899999999997,1508
2026-05-21T19:10:00+00:00,423.9899999999997,424.35999999999973,423.1299999999997,423.6299999999997,1259
2026-05-21T19:15:00+00:00,423.6299999999997,424.65999999999974,423.5699999999997,424.5799999999997,1209
2026-05-21T19:20:00+00:00,424.5799999999997,424.78999999999974,424.2599999999997,424.46999999999974,1340
2026-05-21T19:25:00+00:00,424.46999999999974,424.6499999999997,424.09999999999974,424.3899999999997,1151
2026-05-21T19:30:00+00:00,424.3899999999997,425.4999999999997,424.3799999999997,424.8999999999997,1137
2026-05-21T19:35:00+00:00,424.8999999999997,425.96999999999974,424.8999999999997,425.7499999999997,1192
2026-05-21T19:40:00+00:00,425.7499999999997,426.21999999999974,425.59999999999974,425.8299999999997,1414
2026-05-21T19:45:00+00:00,425.8299999999997,425.84999999999974,424.7999999999997,424.96999999999974,1362
2026-05-21T19:50:00+00:00,424.96999999999974,425.2399999999997,424.0599999999997,424.9399999999997,1499
2026-05-21T19:55:00+00:00,424.9399999999997,425.0799999999997,423.4599999999997,424.0699999999997,2177
2026-05-22T13:30:00+00:00,424.0699999999997,433.27999999999975,424.0699999999997,432.8099999999997,1750
2026-05-22T13:35:00+00:00,432.8099999999997,433.35999999999973,429.3299999999997,429.3299999999997,1690
2026-05-22T13:40:00+00:00,429.3299999999997,429.8999999999997,427.5599999999997,427.7599999999997,1652
2026-05-22T13:45:00+00:00,427.7599999999997,428.3699999999997,426.7499999999997,427.9499999999997,1496
2026-05-22T13:50:00+00:00,427.9499999999997,428.03999999999974,426.9499999999997,427.6199999999997,1397
2026-05-22T13:55:00+00:00,427.6199999999997,428.3899999999997,426.8999999999997,428.3899999999997,1228
2026-05-22T14:00:00+00:00,428.3899999999997,429.41999999999973,427.4499999999997,429.35999999999973,1310
2026-05-22T14:05:00+00:00,429.35999999999973,429.9999999999997,428.1899999999997,429.09999999999974,1499
2026-05-22T14:10:00+00:00,429.09999999999974,430.5499999999997,428.85999999999973,429.8699999999997,1519
2026-05-22T14:15:00+00:00,429.8699999999997,431.0599999999997,429.34999999999974,431.0599999999997,1357
2026-05-22T14:20:00+00:00,431.0599999999997,432.27999999999975,430.85999999999973,431.03999999999974,1885
2026-05-22T14:25:00+00:00,431.03999999999974,432.10999999999973,429.77999999999975,430.84999999999974,1548
2026-05-22T14:30:00+00:00,430.84999999999974,435.1199999999997,430.8199999999997,434.0599999999997,2426
2026-05-22T14:35:00+00:00,434.0599999999997,434.8699999999997,432.4499999999997,432.4999999999997,1925
2026-05-22T14:40:00+00:00,432.4999999999997,434.3299999999997,432.46999999999974,434.15999999999974,1799
2026-05-22T14:45:00+00:00,434.15999999999974,435.53999999999974,433.5099999999997,434.8299999999997,1889
2026-05-22T14:50:00+00:00,434.8299999999997,435.3199999999997,434.2499999999997,434.8099999999997,1981
2026-05-22T14:55:00+00:00,434.8099999999997,436.9399999999997,434.6299999999997,436.6299999999997,1906.4184339314845
2026-05-22T15:00:00+00:00,436.6299999999997,436.8199999999997,434.8799999999997,436.2199999999997,1605
2026-05-22T15:05:00+00:00,436.2199999999997,437.0299999999997,435.8799999999997,436.1899999999997,1786
2026-05-22T15:10:00+00:00,436.1899999999997,437.1199999999997,434.8399999999997,434.9999999999997,1774
2026-05-22T15:15:00+00:00,434.9999999999997,435.0599999999997,433.8099999999997,434.6499999999997,1816
2026-05-22T15:20:00+00:00,434.6499999999997,434.9299999999997,433.9499999999997,434.4299999999997,1514
2026-05-22T15:25:00+00:00,434.4299999999997,434.9999999999997,434.0399999999997,434.9899999999997,1380
2026-05-22T15:30:00+00:00,434.9899999999997,435.1399999999997,433.0999999999997,433.2099999999997,1469
2026-05-22T15:35:00+00:00,433.2099999999997,433.5699999999997,432.47999999999973,432.7999999999997,1296
2026-05-22T15:40:00+00:00,432.7999999999997,433.22999999999973,432.4699999999997,432.6999999999997,1061
2026-05-22T15:45:00+00:00,432.6999999999997,433.0399999999997,432.4399999999997,432.5399999999997,1113
2026-05-22T15:50:00+00:00,432.5399999999997,434.2499999999997,432.4899999999997,434.16999999999973,1402
2026-05-22T15:55:00+00:00,434.16999999999973,435.66999999999973,434.0199999999997,435.3899999999997,1384
2026-05-22T16:00:00+00:00,435.3899999999997,437.4099999999997,435.2499999999997,436.7699999999997,1673
2026-05-22T16:05:00+00:00,436.7699999999997,436.7699999999997,435.3899999999997,435.5099999999997,1274
2026-05-22T16:10:00+00:00,435.5099999999997,436.6199999999997,435.4099999999997,435.8999999999997,1093
2026-05-22T16:15:00+00:00,435.8999999999997,436.5099999999997,434.8999999999997,435.0499999999997,1362
2026-05-22T16:20:00+00:00,435.0499999999997,435.3299999999997,433.7699999999997,433.8999999999997,1315
2026-05-22T16:25:00+00:00,433.8999999999997,434.0999999999997,433.3999999999997,433.8899999999997,957
2026-05-22T16:30:00+00:00,433.8899999999997,433.9899999999997,433.2699999999997,433.5199999999997,1086
2026-05-22T16:35:00+00:00,433.5199999999997,434.2499999999997,433.3399999999997,433.9299999999997,1157
2026-05-22T16:40:00+00:00,433.9299999999997,433.9299999999997,432.7399999999997,433.0699999999997,1094
2026-05-22T16:45:00+00:00,433.0699999999997,433.8199999999997,432.9999999999997,433.16999999999973,1041
2026-05-22T16:50:00+00:00,433.16999999999973,434.0299999999997,432.9599999999997,433.7399999999997,879
2026-05-22T16:55:00+00:00,433.7399999999997,434.1799999999997,433.22999999999973,433.8799999999997,1035
2026-05-22T17:00:00+00:00,433.8799999999997,434.4899999999997,433.6599999999997,433.66999999999973,959
2026-05-22T17:05:00+00:00,433.66999999999973,434.1499999999997,433.3299999999997,433.3899999999997,976
2026-05-22T17:10:00+00:00,433.3899999999997,434.1999999999997,433.1899999999997,434.0999999999997,974
2026-05-22T17:15:00+00:00,434.0999999999997,434.5099999999997,432.9899999999997,433.1499999999997,972
2026-05-22T17:20:00+00:00,433.1499999999997,434.10999999999973,432.8899999999997,433.8699999999997,1284
2026-05-22T17:25:00+00:00,433.8699999999997,436.1299999999997,433.7999999999997,436.1299999999997,1859
2026-05-22T17:30:00+00:00,436.1299999999997,436.3999999999997,435.1299999999997,435.7799999999997,1737
2026-05-22T17:35:00+00:00,435.7799999999997,437.4099999999997,435.7399999999997,437.2099999999997,1441
2026-05-22T17:40:00+00:00,437.2099999999997,437.8699999999997,436.6799999999997,437.2999999999997,1334
2026-05-22T17:45:00+00:00,437.2999999999997,437.3899999999997,436.1299999999997,436.1399999999997,1377
2026-05-22T17:50:00+00:00,436.1399999999997,436.6399999999997,435.2699999999997,435.4899999999997,1380
2026-05-22T17:55:00+00:00,435.4899999999997,435.5099999999997,434.4399999999997,434.4699999999997,1250
2026-05-22T18:00:00+00:00,434.4699999999997,434.6899999999997,433.2899999999997,433.6199999999997,1663
2026-05-22T18:05:00+00:00,433.6199999999997,434.5299999999997,433.3999999999997,434.4499999999997,1146
2026-05-22T18:10:00+00:00,434.4499999999997,434.7199999999997,433.4599999999997,434.0399999999997,1076
2026-05-22T18:15:00+00:00,434.0399999999997,434.10999999999973,433.5799999999997,433.6899999999997,1037
2026-05-22T18:20:00+00:00,433.6899999999997,434.0799999999997,433.41999999999973,433.91999999999973,869
2026-05-22T18:25:00+00:00,433.91999999999973,434.5999999999997,433.4899999999997,434.2999999999997,906
2026-05-22T18:30:00+00:00,434.2999999999997,435.5199999999997,434.10999999999973,435.3899999999997,1181
2026-05-22T18:35:00+00:00,435.3899999999997,435.4099999999997,434.2699999999997,435.10999999999973,1308
2026-05-22T18:40:00+00:00,435.10999999999973,435.9399999999997,434.5299999999997,435.5499999999997,1364
2026-05-22T18:45:00+00:00,435.5499999999997,435.8299999999997,434.7099999999997,435.0399999999997,1246
2026-05-22T18:50:00+00:00,435.0399999999997,435.8699999999997,434.9399999999997,435.6899999999997,978
2026-05-22T18:55:00+00:00,435.6899999999997,436.1899999999997,435.5299999999997,435.66999999999973,976
2026-05-22T19:00:00+00:00,435.66999999999973,435.7799999999997,434.3899999999997,434.5999999999997,1563
2026-05-22T19:05:00+00:00,434.5999999999997,434.8499999999997,433.7199999999997,434.1899999999997,1520
2026-05-22T19:10:00+00:00,434.1899999999997,434.3499999999997,433.5499999999997,433.9099999999997,1166
2026-05-22T19:15:00+00:00,433.9099999999997,434.10999999999973,433.4399999999997,433.6799999999997,1189
2026-05-22T19:20:00+00:00,433.6799999999997,433.72999999999973,432.8999999999997,433.0399999999997,1080
2026-05-22T19:25:00+00:00,433.0399999999997,433.2999999999997,431.8099999999997,432.1999999999997,1081
2026-05-22T19:30:00+00:00,432.1999999999997,432.2499999999997,431.5699999999997,432.1399999999997,1455
2026-05-22T19:35:00+00:00,432.1399999999997,432.8699999999997,431.9499999999997,432.4499999999997,1091
2026-05-22T19:40:00+00:00,432.4499999999997,432.4999999999997,431.8299999999997,431.9499999999997,1037
2026-05-22T19:45:00+00:00,431.9499999999997,431.9499999999997,430.91999999999973,431.0299999999997,1300
2026-05-22T19:50:00+00:00,431.0299999999997,431.3999999999997,430.2599999999997,430.2599999999997,1177
2026-05-22T19:55:00+00:00,430.2599999999997,432.5599999999997,430.2599999999997,432.5299999999997,1530
2026-05-26T13:30:00+00:00,432.5299999999997,439.8699999999997,432.5299999999997,438.8099999999997,1788
2026-05-26T13:35:00+00:00,438.8099999999997,438.8099999999997,434.4899999999997,434.9099999999997,1331
2026-05-26T13:40:00+00:00,434.9099999999997,435.5999999999997,434.0499999999997,434.9899999999997,1124
2026-05-26T13:45:00+00:00,434.9899999999997,436.6299999999997,434.8899999999997,435.9399999999997,1056
2026-05-26T13:50:00+00:00,435.9399999999997,438.5699999999997,435.9399999999997,438.0699999999997,1179
2026-05-26T13:55:00+00:00,438.0699999999997,438.5199999999997,434.6499999999997,436.8299999999997,1104
2026-05-26T14:00:00+00:00,436.8299999999997,437.8499999999997,436.0299999999997,436.8399999999997,989
2026-05-26T14:05:00+00:00,436.8399999999997,437.0599999999997,435.1599999999997,435.35999999999973,838
2026-05-26T14:10:00+00:00,435.35999999999973,435.5399999999997,434.4899999999997,434.8899999999997,863
2026-05-26T14:15:00+00:00,434.8899999999997,435.35999999999973,434.22999999999973,435.2399999999997,772
2026-05-26T14:20:00+00:00,435.2399999999997,435.9399999999997,433.2599999999997,433.2999999999997,948
2026-05-26T14:25:00+00:00,433.2999999999997,433.8299999999997,432.5499999999997,433.1999999999997,974
2026-05-26T14:30:00+00:00,433.1999999999997,433.7499999999997,432.5099999999997,433.72999999999973,1057
2026-05-26T14:35:00+00:00,433.72999999999973,435.7099999999997,433.5499999999997,435.6599999999997,1293
2026-05-26T14:40:00+00:00,435.6599999999997,437.9099999999997,435.5499999999997,437.5299999999997,1480
2026-05-26T14:45:00+00:00,437.5299999999997,439.0599999999997,437.5199999999997,438.1399999999997,1332
2026-05-26T14:50:00+00:00,438.1399999999997,439.2699999999997,437.9299999999997,438.1499999999997,1244
2026-05-26T14:55:00+00:00,438.1499999999997,438.2099999999997,436.7599999999997,436.9599999999997,1187
2026-05-26T15:00:00+00:00,436.9599999999997,438.4899999999997,436.6999999999997,438.3099999999997,1103
2026-05-26T15:05:00+00:00,438.3099999999997,439.35999999999973,438.2699999999997,439.2399999999997,1102
2026-05-26T15:10:00+00:00,439.2399999999997,439.7499999999997,438.7599999999997,439.6499999999997,1246
2026-05-26T15:15:00+00:00,439.6499999999997,440.3399999999997,438.8199999999997,440.1999999999997,1192
2026-05-26T15:20:00+00:00,440.1999999999997,440.5999999999997,438.6199999999997,440.5999999999997,1250
2026-05-26T15:25:00+00:00,440.5999999999997,440.8799999999997,439.60999999999973,439.7099999999997,1232
2026-05-26T15:30:00+00:00,439.7099999999997,440.0999999999997,438.6899999999997,438.6999999999997,1176
2026-05-26T15:35:00+00:00,438.6999999999997,439.0699999999997,437.1299999999997,437.6799999999997,1121
2026-05-26T15:40:00+00:00,437.6799999999997,438.41999999999973,437.10999999999973,437.6399999999997,1050
2026-05-26T15:45:00+00:00,437.6399999999997,438.6299999999997,437.41999999999973,437.7799999999997,1090
2026-05-26T15:50:00+00:00,437.7799999999997,438.0699999999997,435.4099999999997,435.5999999999997,1277
2026-05-26T15:55:00+00:00,435.5999999999997,435.97999999999973,434.8899999999997,434.9099999999997,1330
2026-05-26T16:00:00+00:00,434.9099999999997,435.7599999999997,434.4899999999997,435.3999999999997,972
2026-05-26T16:05:00+00:00,435.3999999999997,435.6599999999997,434.6299999999997,434.6799999999997,839
2026-05-26T16:10:00+00:00,434.6799999999997,435.1999999999997,434.0099999999997,434.2499999999997,998
2026-05-26T16:15:00+00:00,434.2499999999997,434.8999999999997,433.9099999999997,434.4899999999997,830
2026-05-26T16:20:00+00:00,434.4899999999997,435.3099999999997,434.41999999999973,434.7999999999997,868
2026-05-26T16:25:00+00:00,434.7999999999997,436.2499999999997,434.5899999999997,436.2099999999997,825
2026-05-26T16:30:00+00:00,436.2099999999997,437.41999999999973,436.1899999999997,437.2799999999997,772
2026-05-26T16:35:00+00:00,437.2799999999997,438.7399999999997,437.2799999999997,438.4999999999997,826
2026-05-26T16:40:00+00:00,438.4999999999997,438.9099999999997,438.2399999999997,438.5999999999997,884
2026-05-26T16:45:00+00:00,438.5999999999997,438.9599999999997,437.9299999999997,437.9399999999997,862
2026-05-26T16:50:00+00:00,437.9399999999997,438.60999999999973,437.7799999999997,438.4399999999997,769
2026-05-26T16:55:00+00:00,438.4399999999997,438.8499999999997,438.1799999999997,438.4099999999997,696
2026-05-26T17:00:00+00:00,438.4099999999997,439.10999999999973,438.2599999999997,438.2699999999997,792
2026-05-26T17:05:00+00:00,438.2699999999997,439.6299999999997,438.2599999999997,439.2499999999997,774
2026-05-26T17:10:00+00:00,439.2499999999997,439.3099999999997,438.0999999999997,438.5099999999997,801
2026-05-26T17:15:00+00:00,438.5099999999997,438.7799999999997,437.9099999999997,438.4899999999997,759
2026-05-26T17:20:00+00:00,438.4899999999997,440.0899999999997,438.3899999999997,439.2399999999997,864
2026-05-26T17:25:00+00:00,439.2399999999997,439.3399999999997,438.6599999999997,438.6999999999997,665
2026-05-26T17:30:00+00:00,438.6999999999997,438.8799999999997,438.0599999999997,438.2999999999997,778
2026-05-26T17:35:00+00:00,438.2999999999997,438.2999999999997,437.22999999999973,437.4099999999997,697
2026-05-26T17:40:00+00:00,437.4099999999997,437.66999999999973,436.9399999999997,437.5699999999997,721
2026-05-26T17:45:00+00:00,437.5699999999997,438.6799999999997,437.3899999999997,438.5399999999997,673
2026-05-26T17:50:00+00:00,438.5399999999997,439.3999999999997,438.2199999999997,438.2199999999997,719
2026-05-26T17:55:00+00:00,438.2199999999997,438.6499999999997,437.97999999999973,438.3399999999997,773
2026-05-26T18:00:00+00:00,438.3399999999997,438.91999999999973,438.2799999999997,438.7499999999997,744
2026-05-26T18:05:00+00:00,438.7499999999997,439.0799999999997,438.5099999999997,438.85999999999973,723
2026-05-26T18:10:00+00:00,438.85999999999973,439.5299999999997,438.2699999999997,438.3899999999997,714
2026-05-26T18:15:00+00:00,438.3899999999997,438.9599999999997,437.7699999999997,438.8499999999997,732
2026-05-26T18:20:00+00:00,438.8499999999997,439.3399999999997,438.7099999999997,438.9499999999997,673
2026-05-26T18:25:00+00:00,438.9499999999997,439.5599999999997,438.8299999999997,439.1999999999997,794
2026-05-26T18:30:00+00:00,439.1999999999997,440.3499999999997,439.1999999999997,440.22999999999973,839
2026-05-26T18:35:00+00:00,440.22999999999973,441.2599999999997,440.0799999999997,441.2599999999997,983
2026-05-26T18:40:00+00:00,441.2599999999997,441.5499999999997,440.3999999999997,440.3999999999997,979
2026-05-26T18:45:00+00:00,440.3999999999997,440.5699999999997,439.1899999999997,439.2499999999997,802
2026-05-26T18:50:00+00:00,439.2499999999997,439.6999999999997,438.8999999999997,439.0599999999997,816
2026-05-26T18:55:00+00:00,439.0599999999997,439.4999999999997,438.0299999999997,438.3999999999997,835
2026-05-26T19:00:00+00:00,438.3999999999997,438.60999999999973,437.72999999999973,437.8399999999997,882
2026-05-26T19:05:00+00:00,437.8399999999997,438.2599999999997,437.5299999999997,438.0699999999997,727
2026-05-26T19:10:00+00:00,438.0699999999997,438.0899999999997,437.4099999999997,437.41999999999973,882
2026-05-26T19:15:00+00:00,437.41999999999973,437.5799999999997,436.2499999999997,436.4399999999997,786
2026-05-26T19:20:00+00:00,436.4399999999997,437.1299999999997,436.1399999999997,436.5499999999997,693
2026-05-26T19:25:00+00:00,436.5499999999997,437.4899999999997,436.3999999999997,437.4299999999997,676
2026-05-26T19:30:00+00:00,437.4299999999997,438.7599999999997,437.2199999999997,438.6899999999997,717
2026-05-26T19:35:00+00:00,438.6899999999997,439.22999999999973,438.6499999999997,438.8899999999997,791
2026-05-26T19:40:00+00:00,438.8899999999997,439.6999999999997,438.7399999999997,439.5599999999997,720
2026-05-26T19:45:00+00:00,439.5599999999997,439.6599999999997,438.8199999999997,439.0799999999997,849
2026-05-26T19:50:00+00:00,439.0799999999997,439.9899999999997,438.9999999999997,439.8899999999997,838
2026-05-26T19:55:00+00:00,439.8899999999997,440.7499999999997,439.0799999999997,440.0899999999997,1371
2026-05-27T13:30:00+00:00,440.0899999999997,450.7399999999997,440.0899999999997,448.2099999999997,1627
2026-05-27T13:35:00+00:00,448.2099999999997,451.7599999999997,447.0999999999997,449.4899999999997,1751
2026-05-27T13:40:00+00:00,449.4899999999997,449.5499999999997,445.1399999999997,445.7199999999997,1408
2026-05-27T13:45:00+00:00,445.7199999999997,446.47999999999973,443.60999999999973,444.3999999999997,1263
2026-05-27T13:50:00+00:00,444.3999999999997,447.4099999999997,444.0899999999997,445.8999999999997,1257
2026-05-27T13:55:00+00:00,445.8999999999997,447.0299999999997,444.3999999999997,446.9899999999997,980
2026-05-27T14:00:00+00:00,446.9899999999997,448.97999999999973,446.3899999999997,446.8199999999997,1044
2026-05-27T14:05:00+00:00,446.8199999999997,446.91999999999973,444.7399999999997,444.8999999999997,998
2026-05-27T14:10:00+00:00,444.8999999999997,445.8399999999997,444.0799999999997,445.2999999999997,988
2026-05-27T14:15:00+00:00,445.2999999999997,446.4399999999997,444.7099999999997,445.1799999999997,800
2026-05-27T14:20:00+00:00,445.1799999999997,445.3199999999997,443.1499999999997,443.5399999999997,1042
2026-05-27T14:25:00+00:00,443.5399999999997,443.7199999999997,441.8999999999997,443.7199999999997,1148
2026-05-27T14:30:00+00:00,443.7199999999997,444.5699999999997,442.9899999999997,444.47999999999973,940
2026-05-27T14:35:00+00:00,444.47999999999973,448.3099999999997,444.2999999999997,448.0599999999997,940
2026-05-27T14:40:00+00:00,448.0599999999997,450.2799999999997,447.8499999999997,450.0899999999997,1176
2026-05-27T14:45:00+00:00,450.0899999999997,450.2699999999997,447.9899999999997,448.1999999999997,840
2026-05-27T14:50:00+00:00,448.1999999999997,451.97999999999973,448.1999999999997,451.6999999999997,1183
2026-05-27T14:55:00+00:00,451.6999999999997,451.6999999999997,448.0699999999997,448.2099999999997,1077.986672847375
2026-05-27T15:00:00+00:00,448.2099999999997,448.81999999999965,447.25999999999965,447.5899999999997,977
2026-05-27T15:05:00+00:00,447.5899999999997,448.1099999999997,446.9699999999997,447.48999999999967,824
2026-05-27T15:10:00+00:00,447.48999999999967,449.4799999999997,447.4699999999997,448.1599999999997,826
2026-05-27T15:15:00+00:00,448.1599999999997,448.1999999999997,446.5199999999997,446.5199999999997,938
2026-05-27T15:20:00+00:00,446.5199999999997,446.86999999999966,446.2299999999997,446.81999999999965,788
2026-05-27T15:25:00+00:00,446.81999999999965,447.2899999999997,446.1599999999997,447.06999999999965,736
2026-05-27T15:30:00+00:00,447.06999999999965,448.3999999999997,447.05999999999966,447.6599999999997,655
2026-05-27T15:35:00+00:00,447.6599999999997,447.6999999999997,445.5899999999997,445.7799999999997,776
2026-05-27T15:40:00+00:00,445.7799999999997,445.92999999999967,445.3899999999997,445.6499999999997,638
2026-05-27T15:45:00+00:00,445.6499999999997,446.9199999999997,445.55999999999966,446.81999999999965,750
2026-05-27T15:50:00+00:00,446.81999999999965,447.6399999999997,445.86999999999966,446.5299999999997,684
2026-05-27T15:55:00+00:00,446.5299999999997,447.25999999999965,446.4199999999997,447.0299999999997,399
2026-05-27T16:00:00+00:00,447.0299999999997,447.1399999999997,446.0999999999997,446.54999999999967,617
2026-05-27T16:05:00+00:00,446.54999999999967,447.0299999999997,446.0199999999997,446.74999999999966,542
2026-05-27T16:10:00+00:00,446.74999999999966,448.50999999999965,446.61999999999966,448.3299999999997,587
2026-05-27T16:15:00+00:00,448.3299999999997,448.67999999999967,447.92999999999967,448.17999999999967,537
2026-05-27T16:20:00+00:00,448.17999999999967,448.6499999999997,447.24999999999966,448.5199999999997,593
2026-05-27T16:25:00+00:00,448.5199999999997,448.6699999999997,447.87999999999965,448.2299999999997,443
2026-05-27T16:30:00+00:00,448.2299999999997,448.30999999999966,447.5199999999997,447.54999999999967,494
2026-05-27T16:35:00+00:00,447.54999999999967,447.6699999999997,447.0199999999997,447.56999999999965,444
2026-05-27T16:40:00+00:00,447.56999999999965,447.6699999999997,446.9699999999997,447.1699999999997,362
2026-05-27T16:45:00+00:00,447.1699999999997,448.2699999999997,447.1599999999997,448.0399999999997,522
2026-05-27T16:50:00+00:00,448.0399999999997,448.4699999999997,447.8599999999997,448.3999999999997,446
2026-05-27T16:55:00+00:00,448.3999999999997,448.61999999999966,448.0399999999997,448.4699999999997,431
2026-05-27T17:00:00+00:00,448.4699999999997,448.55999999999966,446.8599999999997,446.8899999999997,617
2026-05-27T17:05:00+00:00,446.8899999999997,447.36999999999966,445.1699999999997,445.1699999999997,604
2026-05-27T17:10:00+00:00,445.1699999999997,446.36999999999966,445.1599999999997,445.9799999999997,650
2026-05-27T17:15:00+00:00,445.9799999999997,447.31999999999965,445.9099999999997,447.24999999999966,555
2026-05-27T17:20:00+00:00,447.24999999999966,447.2699999999997,446.4199999999997,446.99999999999966,379
2026-05-27T17:25:00+00:00,446.99999999999966,447.18999999999966,446.36999999999966,446.81999999999965,386
2026-05-27T17:30:00+00:00,446.81999999999965,448.06999999999965,446.67999999999967,447.55999999999966,540
2026-05-27T17:35:00+00:00,447.55999999999966,448.4599999999997,447.37999999999965,448.18999999999966,463
2026-05-27T17:40:00+00:00,448.18999999999966,448.48999999999967,447.8399999999997,448.00999999999965,441
2026-05-27T17:45:00+00:00,448.00999999999965,448.5399999999997,447.8599999999997,448.36999999999966,461
2026-05-27T17:50:00+00:00,448.36999999999966,449.00999999999965,448.2699999999997,448.8899999999997,517
2026-05-27T17:55:00+00:00,448.8899999999997,449.2899999999997,447.99999999999966,448.00999999999965,509
2026-05-27T18:00:00+00:00,448.00999999999965,448.17999999999967,447.25999999999965,447.68999999999966,594
2026-05-27T18:05:00+00:00,447.68999999999966,448.25999999999965,447.1499999999997,448.1099999999997,521
2026-05-27T18:10:00+00:00,448.1099999999997,448.2299999999997,447.7099999999997,448.12999999999965,422
2026-05-27T18:15:00+00:00,448.12999999999965,448.30999999999966,447.5999999999997,447.6099999999997,382
2026-05-27T18:20:00+00:00,447.6099999999997,447.62999999999965,446.23999999999967,446.68999999999966,508
2026-05-27T18:25:00+00:00,446.68999999999966,446.87999999999965,446.4099999999997,446.43999999999966,426
2026-05-27T18:30:00+00:00,446.43999999999966,446.6399999999997,445.8599999999997,446.17999999999967,490
2026-05-27T18:35:00+00:00,446.17999999999967,446.4799999999997,445.86999999999966,446.30999999999966,503
2026-05-27T18:40:00+00:00,446.30999999999966,446.37999999999965,445.56999999999965,445.8999999999997,528
2026-05-27T18:45:00+00:00,445.8999999999997,446.11999999999966,445.4099999999997,445.43999999999966,557
2026-05-27T18:50:00+00:00,445.43999999999966,446.48999999999967,445.25999999999965,446.2099999999997,618
2026-05-27T18:55:00+00:00,446.2099999999997,446.2699999999997,445.3999999999997,446.0199999999997,448
2026-05-27T19:00:00+00:00,446.0199999999997,446.7799999999997,445.6399999999997,446.5199999999997,471
2026-05-27T19:05:00+00:00,446.5199999999997,446.9099999999997,446.4599999999997,446.7799999999997,407
2026-05-27T19:10:00+00:00,446.7799999999997,446.9199999999997,445.8599999999997,446.24999999999966,400
2026-05-27T19:15:00+00:00,446.24999999999966,446.7799999999997,446.23999999999967,446.48999999999967,427
2026-05-27T19:20:00+00:00,446.48999999999967,446.5799999999997,444.6099999999997,444.6699999999997,538
2026-05-27T19:25:00+00:00,444.6699999999997,446.00999999999965,444.55999999999966,445.7899999999997,584
2026-05-27T19:30:00+00:00,445.7899999999997,446.7199999999997,445.55999999999966,446.48999999999967,521
2026-05-27T19:35:00+00:00,446.48999999999967,446.8499999999997,446.2199999999997,446.25999999999965,486
2026-05-27T19:40:00+00:00,446.25999999999965,446.49999999999966,445.8599999999997,446.06999999999965,469
2026-05-27T19:45:00+00:00,446.06999999999965,446.0799999999997,445.55999999999966,445.9599999999997,427
2026-05-27T19:50:00+00:00,445.9599999999997,446.7199999999997,445.17999999999967,446.68999999999966,654
2026-05-27T19:55:00+00:00,446.68999999999966,447.43999999999966,446.2199999999997,446.8499999999997,1151
2026-05-28T13:30:00+00:00,446.8499999999997,447.0899999999997,442.6599999999997,443.67999999999967,1132
2026-05-28T13:35:00+00:00,443.67999999999967,446.06999999999965,443.67999999999967,445.7799999999997,1361
2026-05-28T13:40:00+00:00,445.7799999999997,445.7799999999997,442.6999999999997,443.04999999999967,1479
2026-05-28T13:45:00+00:00,443.04999999999967,443.9599999999997,442.7199999999997,443.6699999999997,1045
2026-05-28T13:50:00+00:00,443.6699999999997,445.3299999999997,442.98999999999967,443.75999999999965,1038
2026-05-28T13:55:00+00:00,443.75999999999965,447.18999999999966,443.5799999999997,446.8499999999997,1015
2026-05-28T14:00:00+00:00,446.8499999999997,447.43999999999966,444.06999999999965,444.49999999999966,926
2026-05-28T14:05:00+00:00,444.49999999999966,444.7199999999997,443.5899999999997,444.2899999999997,946
2026-05-28T14:10:00+00:00,444.2899999999997,448.4199999999997,443.42999999999967,447.67999999999967,1554
2026-05-28T14:15:00+00:00,447.67999999999967,448.25999999999965,446.2099999999997,446.8999999999997,1119
2026-05-28T14:20:00+00:00,446.8999999999997,447.24999999999966,445.3599999999997,446.2799999999997,654
2026-05-28T14:25:00+00:00,446.2799999999997,447.48999999999967,445.9699999999997,447.30999999999966,658
2026-05-28T14:30:00+00:00,447.30999999999966,447.75999999999965,446.12999999999965,446.1599999999997,1334
2026-05-28T14:35:00+00:00,446.1599999999997,446.8399999999997,446.11999999999966,446.2799999999997,1132
2026-05-28T14:40:00+00:00,446.2799999999997,447.4199999999997,446.1699999999997,447.36999999999966,1069
2026-05-28T14:45:00+00:00,447.36999999999966,447.48999999999967,446.25999999999965,447.2199999999997,1247
2026-05-28T14:50:00+00:00,447.2199999999997,448.42999999999967,447.1999999999997,448.11999999999966,1048
2026-05-28T14:55:00+00:00,448.11999999999966,449.3599999999997,447.75999999999965,449.2699999999997,1092
2026-05-28T15:00:00+00:00,449.2699999999997,449.4699999999997,448.50999999999965,448.6599999999997,1179
2026-05-28T15:05:00+00:00,448.6599999999997,448.8999999999997,447.75999999999965,447.8899999999997,1032
2026-05-28T15:10:00+00:00,447.8899999999997,448.1399999999997,447.50999999999965,447.55999999999966,780
2026-05-28T15:15:00+00:00,447.55999999999966,448.2099999999997,447.36999999999966,448.1099999999997,1001
2026-05-28T15:20:00+00:00,448.1099999999997,448.18999999999966,447.0199999999997,447.3599999999997,898
2026-05-28T15:25:00+00:00,447.3599999999997,447.8899999999997,446.8999999999997,447.4599999999997,749
2026-05-28T15:30:00+00:00,447.4599999999997,447.8499999999997,447.1399999999997,447.61999999999966,834
2026-05-28T15:35:00+00:00,447.61999999999966,448.4099999999997,447.56999999999965,448.0399999999997,761
2026-05-28T15:40:00+00:00,448.0399999999997,448.87999999999965,447.7799999999997,447.8599999999997,821
2026-05-28T15:45:00+00:00,447.8599999999997,448.06999999999965,447.1699999999997,447.3399999999997,743
2026-05-28T15:50:00+00:00,447.3399999999997,448.18999999999966,447.2799999999997,447.42999999999967,693
2026-05-28T15:55:00+00:00,447.42999999999967,448.25999999999965,447.3499999999997,447.80999999999966,772
2026-05-28T16:00:00+00:00,447.80999999999966,447.9699999999997,447.25999999999965,447.5299999999997,648
2026-05-28T16:05:00+00:00,447.5299999999997,448.23999999999967,447.5299999999997,448.1999999999997,678
2026-05-28T16:10:00+00:00,448.1999999999997,448.7199999999997,447.99999999999966,448.3599999999997,674
2026-05-28T16:15:00+00:00,448.3599999999997,449.11999999999966,448.2199999999997,449.11999999999966,617
2026-05-28T16:20:00+00:00,449.11999999999966,449.30999999999966,448.7099999999997,448.7299999999997,734
2026-05-28T16:25:00+00:00,448.7299999999997,448.7699999999997,447.8599999999997,447.87999999999965,597
2026-05-28T16:30:00+00:00,447.87999999999965,447.9699999999997,447.05999999999966,447.3999999999997,538
2026-05-28T16:35:00+00:00,447.3999999999997,447.4699999999997,447.0799999999997,447.4699999999997,481
2026-05-28T16:40:00+00:00,447.4699999999997,447.99999999999966,447.3499999999997,447.9699999999997,499
2026-05-28T16:45:00+00:00,447.9699999999997,448.7099999999997,447.93999999999966,448.1399999999997,544
2026-05-28T16:50:00+00:00,448.1399999999997,448.54999999999967,447.9799999999997,448.43999999999966,450
2026-05-28T16:55:00+00:00,448.43999999999966,449.0899999999997,448.3599999999997,448.43999999999966,558
2026-05-28T17:00:00+00:00,448.43999999999966,448.80999999999966,448.18999999999966,448.23999999999967,628
2026-05-28T17:05:00+00:00,448.23999999999967,448.3299999999997,447.75999999999965,447.8299999999997,588
2026-05-28T17:10:00+00:00,447.8299999999997,448.23999999999967,447.56999999999965,448.0799999999997,529
2026-05-28T17:15:00+00:00,448.0799999999997,448.1699999999997,447.3899999999997,447.7799999999997,576
2026-05-28T17:20:00+00:00,447.7799999999997,448.12999999999965,447.7199999999997,447.8399999999997,516
2026-05-28T17:25:00+00:00,447.8399999999997,448.1499999999997,447.6599999999997,448.0799999999997,469
2026-05-28T17:30:00+00:00,448.0799999999997,448.3999999999997,447.9099999999997,447.92999999999967,473
2026-05-28T17:35:00+00:00,447.92999999999967,448.4099999999997,447.9099999999997,448.37999999999965,418
2026-05-28T17:40:00+00:00,448.37999999999965,448.62999999999965,448.23999999999967,448.4799999999997,462
2026-05-28T17:45:00+00:00,448.4799999999997,449.06999999999965,448.4699999999997,448.8599999999997,527
2026-05-28T17:50:00+00:00,448.8599999999997,448.9599999999997,448.4099999999997,448.6099999999997,444
2026-05-28T17:55:00+00:00,448.6099999999997,448.7199999999997,448.1599999999997,448.68999999999966,500
2026-05-28T18:00:00+00:00,448.68999999999966,448.6999999999997,448.00999999999965,448.3499999999997,542
2026-05-28T18:05:00+00:00,448.3499999999997,448.5999999999997,448.1699999999997,448.17999999999967,378
2026-05-28T18:10:00+00:00,448.17999999999967,448.1999999999997,447.2799999999997,447.5199999999997,617
2026-05-28T18:15:00+00:00,447.5199999999997,447.8599999999997,447.3899999999997,447.68999999999966,622
2026-05-28T18:20:00+00:00,447.68999999999966,448.0899999999997,447.6599999999997,447.99999999999966,425
2026-05-28T18:25:00+00:00,447.99999999999966,448.23999999999967,447.7699999999997,448.1499999999997,449
2026-05-28T18:30:00+00:00,448.1499999999997,448.2199999999997,447.7899999999997,447.7899999999997,467
2026-05-28T18:35:00+00:00,447.7899999999997,448.3899999999997,447.75999999999965,448.0899999999997,635
2026-05-28T18:40:00+00:00,448.0899999999997,448.4799999999997,447.92999999999967,448.4599999999997,499
2026-05-28T18:45:00+00:00,448.4599999999997,448.6699999999997,448.1599999999997,448.3599999999997,619
2026-05-28T18:50:00+00:00,448.3599999999997,448.86999999999966,448.23999999999967,448.48999999999967,595
2026-05-28T18:55:00+00:00,448.48999999999967,449.1699999999997,448.4099999999997,448.7299999999997,567
2026-05-28T19:00:00+00:00,448.7299999999997,448.80999999999966,448.24999999999966,448.4199999999997,605
2026-05-28T19:05:00+00:00,448.4199999999997,448.5999999999997,447.67999999999967,447.8599999999997,659
2026-05-28T19:10:00+00:00,447.8599999999997,448.06999999999965,447.6599999999997,448.00999999999965,581
2026-05-28T19:15:00+00:00,448.00999999999965,448.4499999999997,447.9599999999997,448.37999999999965,508
2026-05-28T19:20:00+00:00,448.37999999999965,449.0399999999997,448.3599999999997,449.0199999999997,482
2026-05-28T19:25:00+00:00,449.0199999999997,450.1399999999997,449.0199999999997,449.9799999999997,723
2026-05-28T19:30:00+00:00,449.9799999999997,450.31999999999965,449.74999999999966,449.7699999999997,610
2026-05-28T19:35:00+00:00,449.7699999999997,449.99999999999966,448.6399999999997,448.9499999999997,784
2026-05-28T19:40:00+00:00,448.9499999999997,448.9799999999997,448.1599999999997,448.7099999999997,718
2026-05-28T19:45:00+00:00,448.7099999999997,449.62999999999965,448.6699999999997,449.3499999999997,681
2026-05-28T19:50:00+00:00,449.3499999999997,449.7299999999997,448.36999999999966,448.36999999999966,901
2026-05-28T19:55:00+00:00,448.36999999999966,448.7099999999997,447.4199999999997,448.4499999999997,1306
2026-05-29T13:30:00+00:00,448.4499999999997,448.4499999999997,442.99999999999966,443.4499999999997,1172
2026-05-29T13:35:00+00:00,443.4499999999997,445.7699999999997,443.36999999999966,445.5299999999997,985
2026-05-29T13:40:00+00:00,445.5299999999997,446.6699999999997,445.1099999999997,445.6499999999997,811
2026-05-29T13:45:00+00:00,445.6499999999997,446.56999999999965,444.4199999999997,444.48999999999967,805
2026-05-29T13:50:00+00:00,444.48999999999967,444.67999999999967,443.4599999999997,443.6099999999997,751
2026-05-29T13:55:00+00:00,443.6099999999997,444.2299999999997,442.87999999999965,442.9599999999997,767
2026-05-29T14:00:00+00:00,442.9599999999997,444.0999999999997,442.6999999999997,443.37999999999965,799
2026-05-29T14:05:00+00:00,443.37999999999965,443.4799999999997,440.9499999999997,441.0899999999997,1034
2026-05-29T14:10:00+00:00,441.0899999999997,441.0899999999997,438.04999999999967,438.61999999999966,1159
2026-05-29T14:15:00+00:00,438.61999999999966,438.7699999999997,436.8599999999997,437.6499999999997,1041
2026-05-29T14:20:00+00:00,437.6499999999997,438.4199999999997,436.12999999999965,436.12999999999965,913
2026-05-29T14:25:00+00:00,436.12999999999965,437.23999999999967,435.31999999999965,436.93999999999966,1056
2026-05-29T14:30:00+00:00,436.93999999999966,437.9599999999997,435.9599999999997,437.8399999999997,961
2026-05-29T14:35:00+00:00,437.8399999999997,438.1999999999997,435.8599999999997,435.8899999999997,791
2026-05-29T14:40:00+00:00,435.8899999999997,436.17999999999967,434.5299999999997,435.1399999999997,998
2026-05-29T14:45:00+00:00,435.1399999999997,436.50999999999965,434.9199999999997,436.17999999999967,767
2026-05-29T14:50:00+00:00,436.17999999999967,437.55999999999966,436.00999999999965,436.9199999999997,917
2026-05-29T14:55:00+00:00,436.9199999999997,438.29999999999967,436.9099999999997,438.0199999999997,897.8489946116441
2026-05-29T15:00:00+00:00,438.0199999999997,439.5399999999997,437.8299999999997,439.4899999999997,701
2026-05-29T15:05:00+00:00,439.4899999999997,439.5499999999997,439.0699999999997,439.2599999999997,590
2026-05-29T15:10:00+00:00,439.2599999999997,440.2599999999997,439.2599999999997,439.8099999999997,579
2026-05-29T15:15:00+00:00,439.8099999999997,440.1999999999997,438.7499999999997,438.9399999999997,622
2026-05-29T15:20:00+00:00,438.9399999999997,439.5099999999997,438.1899999999997,439.3399999999997,564
2026-05-29T15:25:00+00:00,439.3399999999997,440.3099999999997,439.1299999999997,439.8999999999997,459
2026-05-29T15:30:00+00:00,439.8999999999997,440.5299999999997,439.7899999999997,440.0899999999997,465
2026-05-29T15:35:00+00:00,440.0899999999997,440.8999999999997,439.6299999999997,440.6899999999997,572
2026-05-29T15:40:00+00:00,440.6899999999997,441.1499999999997,439.8299999999997,440.3399999999997,581
2026-05-29T15:45:00+00:00,440.3399999999997,440.4799999999997,439.4599999999997,439.60999999999973,556
2026-05-29T15:50:00+00:00,439.60999999999973,440.0799999999997,439.60999999999973,439.9699999999997,410
2026-05-29T15:55:00+00:00,439.9699999999997,441.0699999999997,439.91999999999973,441.0399999999997,458
2026-05-29T16:00:00+00:00,441.0399999999997,442.5299999999997,441.0399999999997,442.2299999999997,808
2026-05-29T16:05:00+00:00,442.2299999999997,443.6399999999997,442.1899999999997,443.6399999999997,601
2026-05-29T16:10:00+00:00,443.6399999999997,444.6399999999997,443.1399999999997,444.5999999999997,778
2026-05-29T16:15:00+00:00,444.5999999999997,445.8699999999997,444.2299999999997,445.1399999999997,862
2026-05-29T16:20:00+00:00,445.1399999999997,447.3499999999997,445.1199999999997,446.2099999999997,907
2026-05-29T16:25:00+00:00,446.2099999999997,446.2099999999997,444.0799999999997,444.41999999999973,734
2026-05-29T16:30:00+00:00,444.41999999999973,445.9799999999997,444.41999999999973,445.5999999999997,655
2026-05-29T16:35:00+00:00,445.5999999999997,445.6599999999997,444.4799999999997,444.8499999999997,580
2026-05-29T16:40:00+00:00,444.8499999999997,445.16999999999973,443.8399999999997,444.10999999999973,525
2026-05-29T16:45:00+00:00,444.10999999999973,444.3299999999997,442.8299999999997,442.9599999999997,611
2026-05-29T16:50:00+00:00,442.9599999999997,443.0499999999997,442.1299999999997,442.8199999999997,727
2026-05-29T16:55:00+00:00,442.8199999999997,444.0399999999997,442.5299999999997,443.85999999999973,544
2026-05-29T17:00:00+00:00,443.85999999999973,444.6199999999997,443.4599999999997,443.5199999999997,538
2026-05-29T17:05:00+00:00,443.5199999999997,444.0999999999997,443.2299999999997,443.5999999999997,401
2026-05-29T17:10:00+00:00,443.5999999999997,444.5599999999997,443.5999999999997,444.2199999999997,469
2026-05-29T17:15:00+00:00,444.2199999999997,444.4899999999997,444.0299999999997,444.4499999999997,371
2026-05-29T17:20:00+00:00,444.4499999999997,445.2099999999997,444.1399999999997,444.8499999999997,465
2026-05-29T17:25:00+00:00,444.8499999999997,444.9799999999997,444.2399999999997,444.41999999999973,408
2026-05-29T17:30:00+00:00,444.41999999999973,444.4299999999997,443.60999999999973,443.91999999999973,374
2026-05-29T17:35:00+00:00,443.91999999999973,444.6899999999997,443.8399999999997,444.66999999999973,371
2026-05-29T17:40:00+00:00,444.66999999999973,445.1999999999997,444.4999999999997,444.5499999999997,411
2026-05-29T17:45:00+00:00,444.5499999999997,444.7699999999997,444.1799999999997,444.2399999999997,318
2026-05-29T17:50:00+00:00,444.2399999999997,444.3199999999997,443.6299999999997,443.7299999999997,456
2026-05-29T17:55:00+00:00,443.7299999999997,443.8199999999997,443.3499999999997,443.3899999999997,346
2026-05-29T18:00:00+00:00,443.3899999999997,443.5599999999997,442.5899999999997,442.5999999999997,435
2026-05-29T18:05:00+00:00,442.5999999999997,443.2299999999997,442.5999999999997,443.0699999999997,375
2026-05-29T18:10:00+00:00,443.0699999999997,443.9499999999997,442.9299999999997,443.7099999999997,399
2026-05-29T18:15:00+00:00,443.7099999999997,443.8999999999997,443.1599999999997,443.6899999999997,384
2026-05-29T18:20:00+00:00,443.6899999999997,444.2699999999997,443.6599999999997,444.2399999999997,426
2026-05-29T18:25:00+00:00,444.2399999999997,444.2599999999997,443.8899999999997,443.9899999999997,323
2026-05-29T18:30:00+00:00,443.9899999999997,444.4699999999997,443.7299999999997,443.7399999999997,446
2026-05-29T18:35:00+00:00,443.7399999999997,443.7499999999997,442.9299999999997,443.3499999999997,479
2026-05-29T18:40:00+00:00,443.3499999999997,443.7799999999997,443.1799999999997,443.4499999999997,368
2026-05-29T18:45:00+00:00,443.4499999999997,443.5599999999997,442.2299999999997,443.0299999999997,472
2026-05-29T18:50:00+00:00,443.0299999999997,443.5499999999997,442.5799999999997,442.7099999999997,372
2026-05-29T18:55:00+00:00,442.7099999999997,442.7099999999997,441.3099999999997,441.3399999999997,523
2026-05-29T19:00:00+00:00,441.3399999999997,441.5099999999997,440.4099999999997,440.5499999999997,480
2026-05-29T19:05:00+00:00,440.5499999999997,441.5299999999997,440.4899999999997,440.9299999999997,485
2026-05-29T19:10:00+00:00,440.9299999999997,441.7999999999997,440.7799999999997,441.0699999999997,440
2026-05-29T19:15:00+00:00,441.0699999999997,441.2799999999997,440.3399999999997,440.9099999999997,514
2026-05-29T19:20:00+00:00,440.9099999999997,441.41999999999973,440.6599999999997,441.3199999999997,361
2026-05-29T19:25:00+00:00,441.3199999999997,441.3199999999997,440.4499999999997,440.7399999999997,409
2026-05-29T19:30:00+00:00,440.7399999999997,441.7299999999997,440.4599999999997,441.5199999999997,460
2026-05-29T19:35:00+00:00,441.5199999999997,442.5299999999997,441.4899999999997,442.0199999999997,478
2026-05-29T19:40:00+00:00,442.0199999999997,442.4899999999997,441.6299999999997,442.3299999999997,414
2026-05-29T19:45:00+00:00,442.3299999999997,442.4699999999997,442.16999999999973,442.2399999999997,414
2026-05-29T19:50:00+00:00,442.2399999999997,443.3299999999997,441.4799999999997,442.0399999999997,711
2026-05-29T19:55:00+00:00,442.0399999999997,442.4699999999997,441.3699999999997,441.7699999999997,709
2026-06-01T13:30:00+00:00,441.7699999999997,441.7699999999997,429.8799999999997,430.4499999999997,1699
2026-06-01T13:35:00+00:00,430.4499999999997,431.4599999999997,428.9799999999997,431.2299999999997,1560
2026-06-01T13:40:00+00:00,431.2299999999997,432.7699999999997,430.8899999999997,431.9399999999997,1004
2026-06-01T13:45:00+00:00,431.9399999999997,433.0999999999997,431.2199999999997,432.1399999999997,825
2026-06-01T13:50:00+00:00,432.1399999999997,433.0899999999997,430.4299999999997,430.8199999999997,905
2026-06-01T13:55:00+00:00,430.8199999999997,430.8999999999997,429.2499999999997,429.2499999999997,877
2026-06-01T14:00:00+00:00,429.2499999999997,430.3499999999997,429.10999999999973,429.9299999999997,801
2026-06-01T14:05:00+00:00,429.9299999999997,431.1399999999997,429.8699999999997,430.8699999999997,788
2026-06-01T14:10:00+00:00,430.8699999999997,430.9399999999997,428.3899999999997,428.4399999999997,848
2026-06-01T14:15:00+00:00,428.4399999999997,429.8799999999997,428.2899999999997,428.5399999999997,1265
2026-06-01T14:20:00+00:00,428.5399999999997,429.7499999999997,428.5299999999997,429.1799999999997,998
2026-06-01T14:25:00+00:00,429.1799999999997,429.2999999999997,427.4899999999997,427.9899999999997,934
2026-06-01T14:30:00+00:00,427.9899999999997,428.1899999999997,426.5899999999997,426.6299999999997,1009
2026-06-01T14:35:00+00:00,426.6299999999997,427.5799999999997,426.4299999999997,427.4099999999997,1024
2026-06-01T14:40:00+00:00,427.4099999999997,428.3699999999997,427.35999999999973,428.2699999999997,1390
2026-06-01T14:45:00+00:00,428.2699999999997,428.4699999999997,427.1999999999997,427.2099999999997,1345
2026-06-01T14:50:00+00:00,427.2099999999997,427.4599999999997,426.0599999999997,426.3899999999997,1490
2026-06-01T14:55:00+00:00,426.3899999999997,426.41999999999973,424.9799999999997,425.7399999999997,1530
2026-06-01T15:00:00+00:00,425.7399999999997,426.5199999999997,425.6999999999997,426.2399999999997,1221
2026-06-01T15:05:00+00:00,426.2399999999997,427.5199999999997,425.9399999999997,426.9799999999997,1170
2026-06-01T15:10:00+00:00,426.9799999999997,427.9799999999997,425.8499999999997,427.3099999999997,1184
2026-06-01T15:15:00+00:00,427.3099999999997,427.5999999999997,426.5999999999997,427.0299999999997,994
2026-06-01T15:20:00+00:00,427.0299999999997,427.8999999999997,426.9999999999997,427.8099999999997,939
2026-06-01T15:25:00+00:00,427.8099999999997,428.5699999999997,427.7599999999997,428.1999999999997,1038
2026-06-01T15:30:00+00:00,428.1999999999997,430.1499999999997,428.1799999999997,429.8799999999997,1646
2026-06-01T15:35:00+00:00,429.8799999999997,430.3999999999997,429.3199999999997,429.4499999999997,1273
2026-06-01T15:40:00+00:00,429.4499999999997,429.5899999999997,428.7499999999997,429.1799999999997,1215
2026-06-01T15:45:00+00:00,429.1799999999997,429.4799999999997,427.9499999999997,427.9999999999997,1050
2026-06-01T15:50:00+00:00,427.9999999999997,428.2399999999997,427.4299999999997,427.4999999999997,940
2026-06-01T15:55:00+00:00,427.4999999999997,427.8999999999997,427.1299999999997,427.3499999999997,815
2026-06-01T16:00:00+00:00,427.3499999999997,428.2999999999997,427.3299999999997,428.0899999999997,1005
2026-06-01T16:05:00+00:00,428.0899999999997,428.1799999999997,426.7299999999997,426.7399999999997,918
2026-06-01T16:10:00+00:00,426.7399999999997,426.7899999999997,425.6599999999997,425.7999999999997,1104
2026-06-01T16:15:00+00:00,425.7999999999997,425.9899999999997,424.6899999999997,425.6399999999997,1359
2026-06-01T16:20:00+00:00,425.6399999999997,426.6299999999997,425.6299999999997,426.4899999999997,1031
2026-06-01T16:25:00+00:00,426.4899999999997,426.5899999999997,424.9099999999997,425.0999999999997,984
2026-06-01T16:30:00+00:00,425.0999999999997,426.4999999999997,425.0499999999997,426.4899999999997,1116
2026-06-01T16:35:00+00:00,426.4899999999997,426.7599999999997,426.0399999999997,426.6999999999997,923
2026-06-01T16:40:00+00:00,426.6999999999997,427.0499999999997,426.1799999999997,426.3999999999997,772
2026-06-01T16:45:00+00:00,426.3999999999997,426.3999999999997,425.6299999999997,426.1399999999997,903
2026-06-01T16:50:00+00:00,426.1399999999997,427.2199999999997,425.9999999999997,427.0399999999997,983
2026-06-01T16:55:00+00:00,427.0399999999997,427.5599999999997,426.8299999999997,427.1899999999997,935
2026-06-01T17:00:00+00:00,427.1899999999997,427.2299999999997,426.0299999999997,426.3699999999997,1001
2026-06-01T17:05:00+00:00,426.3699999999997,426.9999999999997,426.2199999999997,426.2199999999997,906
2026-06-01T17:10:00+00:00,426.2199999999997,426.8199999999997,425.8799999999997,426.5599999999997,736
2026-06-01T17:15:00+00:00,426.5599999999997,426.6599999999997,425.9299999999997,426.1199999999997,730
2026-06-01T17:20:00+00:00,426.1199999999997,426.4399999999997,425.8399999999997,426.2999999999997,874
2026-06-01T17:25:00+00:00,426.2999999999997,427.2599999999997,425.91999999999973,427.1999999999997,856
2026-06-01T17:30:00+00:00,427.1999999999997,427.3499999999997,426.3399999999997,426.4399999999997,1200
2026-06-01T17:35:00+00:00,426.4399999999997,426.4699999999997,425.9599999999997,425.9699999999997,783
2026-06-01T17:40:00+00:00,425.9699999999997,427.85999999999973,425.8799999999997,427.2599999999997,1237
2026-06-01T17:45:00+00:00,427.2599999999997,427.8299999999997,426.9399999999997,427.7099999999997,1015
2026-06-01T17:50:00+00:00,427.7099999999997,427.7699999999997,427.16999999999973,427.5899999999997,875
2026-06-01T17:55:00+00:00,427.5899999999997,427.66999999999973,426.5999999999997,426.6299999999997,734
2026-06-01T18:00:00+00:00,426.6299999999997,427.2499999999997,426.5599999999997,426.9299999999997,760
2026-06-01T18:05:00+00:00,426.9299999999997,427.2199999999997,426.5799999999997,426.8799999999997,680
2026-06-01T18:10:00+00:00,426.8799999999997,427.0999999999997,426.3499999999997,426.3999999999997,715
2026-06-01T18:15:00+00:00,426.3999999999997,426.6499999999997,426.0799999999997,426.6499999999997,677
2026-06-01T18:20:00+00:00,426.6499999999997,426.8799999999997,426.1299999999997,426.8099999999997,680
2026-06-01T18:25:00+00:00,426.8099999999997,426.8499999999997,426.3799999999997,426.4599999999997,545
2026-06-01T18:30:00+00:00,426.4599999999997,426.4899999999997,425.9599999999997,426.0799999999997,596
2026-06-01T18:35:00+00:00,426.0799999999997,426.16999999999973,425.5499999999997,425.6399999999997,536
2026-06-01T18:40:00+00:00,425.6399999999997,425.9799999999997,425.5499999999997,425.8799999999997,555
2026-06-01T18:45:00+00:00,425.8799999999997,426.0399999999997,425.4399999999997,425.6399999999997,772
2026-06-01T18:50:00+00:00,425.6399999999997,425.7499999999997,425.3799999999997,425.5199999999997,474
2026-06-01T18:55:00+00:00,425.5199999999997,425.85999999999973,425.3299999999997,425.4099999999997,637
2026-06-01T19:00:00+00:00,425.4099999999997,425.4499999999997,424.4299999999997,424.7499999999997,763
2026-06-01T19:05:00+00:00,424.7499999999997,425.5099999999997,424.7099999999997,425.0999999999997,796
2026-06-01T19:10:00+00:00,425.0999999999997,425.10999999999973,424.4099999999997,424.4399999999997,707
2026-06-01T19:15:00+00:00,424.4399999999997,425.5999999999997,424.41999999999973,425.0099999999997,919
2026-06-01T19:20:00+00:00,425.0099999999997,425.2099999999997,424.6399999999997,424.7299999999997,746
2026-06-01T19:25:00+00:00,424.7299999999997,424.9899999999997,424.4299999999997,424.5399999999997,772
2026-06-01T19:30:00+00:00,424.5399999999997,424.7199999999997,423.16999999999973,423.2299999999997,885
2026-06-01T19:35:00+00:00,423.2299999999997,423.3799999999997,422.8199999999997,422.8399999999997,986
2026-06-01T19:40:00+00:00,422.8399999999997,423.1299999999997,422.0399999999997,423.0499999999997,1111
2026-06-01T19:45:00+00:00,423.0499999999997,423.0599999999997,422.3999999999997,422.5499999999997,1164
2026-06-01T19:50:00+00:00,422.5499999999997,423.7599999999997,422.3499999999997,422.4099999999997,1055
2026-06-01T19:55:00+00:00,422.4099999999997,422.9799999999997,421.7499999999997,421.91999999999973,1868
2026-06-02T13:30:00+00:00,421.91999999999973,425.6499999999997,419.9799999999997,419.9799999999997,1265
2026-06-02T13:35:00+00:00,419.9799999999997,421.5299999999997,419.9699999999997,420.8199999999997,848
2026-06-02T13:40:00+00:00,420.8199999999997,423.1599999999997,420.4399999999997,423.1599999999997,762
2026-06-02T13:45:00+00:00,423.1599999999997,423.60999999999973,421.0299999999997,421.1399999999997,743
2026-06-02T13:50:00+00:00,421.1399999999997,422.1299999999997,420.2299999999997,420.2499999999997,694
2026-06-02T13:55:00+00:00,420.2499999999997,423.41999999999973,420.2399999999997,423.41999999999973,674
2026-06-02T14:00:00+00:00,423.41999999999973,424.0299999999997,422.5899999999997,423.2899999999997,725
2026-06-02T14:05:00+00:00,423.2899999999997,423.4799999999997,422.1299999999997,422.1299999999997,594
2026-06-02T14:10:00+00:00,422.1299999999997,424.3699999999997,422.1299999999997,423.6499999999997,793
2026-06-02T14:15:00+00:00,423.6499999999997,426.7499999999997,423.5099999999997,426.6599999999997,885
2026-06-02T14:20:00+00:00,426.6599999999997,427.1199999999997,424.66999999999973,424.7399999999997,850
2026-06-02T14:25:00+00:00,424.7399999999997,426.2499999999997,424.5799999999997,425.9999999999997,720
2026-06-02T14:30:00+00:00,425.9999999999997,428.5199999999997,425.4099999999997,427.1199999999997,942
2026-06-02T14:35:00+00:00,427.1199999999997,429.0399999999997,427.0599999999997,427.5499999999997,695
2026-06-02T14:40:00+00:00,427.5499999999997,429.0299999999997,426.3499999999997,428.85999999999973,667
2026-06-02T14:45:00+00:00,428.85999999999973,428.9999999999997,427.0299999999997,427.35999999999973,609
2026-06-02T14:50:00+00:00,427.35999999999973,429.10999999999973,427.0399999999997,428.7499999999997,581
2026-06-02T14:55:00+00:00,428.7499999999997,429.60999999999973,428.6599999999997,429.0999999999997,568
2026-06-02T15:00:00+00:00,429.0999999999997,429.5299999999997,428.4799999999997,429.2499999999997,628
2026-06-02T15:05:00+00:00,429.2499999999997,429.7399999999997,428.7399999999997,428.9799999999997,546
2026-06-02T15:10:00+00:00,428.9799999999997,429.0399999999997,427.8299999999997,427.9799999999997,546
2026-06-02T15:15:00+00:00,427.9799999999997,428.2699999999997,426.8299999999997,427.3799999999997,587
2026-06-02T15:20:00+00:00,427.3799999999997,428.9099999999997,427.3499999999997,428.8499999999997,507
2026-06-02T15:25:00+00:00,428.8499999999997,428.9299999999997,427.85999999999973,428.2199999999997,418
2026-06-02T15:30:00+00:00,428.2199999999997,428.41999999999973,427.1599999999997,427.9099999999997,425
2026-06-02T15:35:00+00:00,427.9099999999997,428.1199999999997,427.3999999999997,427.8299999999997,387
2026-06-02T15:40:00+00:00,427.8299999999997,428.7199999999997,427.6799999999997,428.3799999999997,416
2026-06-02T15:45:00+00:00,428.3799999999997,429.0299999999997,427.6299999999997,428.0399999999997,465
2026-06-02T15:50:00+00:00,428.0399999999997,428.7499999999997,427.6299999999997,427.8799999999997,455
2026-06-02T15:55:00+00:00,427.8799999999997,428.35999999999973,427.8699999999997,428.0799999999997,293
2026-06-02T16:00:00+00:00,428.0799999999997,428.2599999999997,427.5399999999997,427.9599999999997,411
2026-06-02T16:05:00+00:00,427.9599999999997,428.9299999999997,427.7299999999997,427.9299999999997,428
2026-06-02T16:10:00+00:00,427.9299999999997,428.2799999999997,427.60999999999973,427.6499999999997,352
2026-06-02T16:15:00+00:00,427.6499999999997,428.0399999999997,427.3399999999997,427.8199999999997,386
2026-06-02T16:20:00+00:00,427.8199999999997,427.9399999999997,426.8399999999997,427.1499999999997,436
2026-06-02T16:25:00+00:00,427.1499999999997,427.6999999999997,427.1399999999997,427.5399999999997,395
2026-06-02T16:30:00+00:00,427.5399999999997,428.2099999999997,426.6299999999997,427.3299999999997,476
2026-06-02T16:35:00+00:00,427.3299999999997,427.8999999999997,426.3899999999997,426.4499999999997,379
2026-06-02T16:40:00+00:00,426.4499999999997,427.7699999999997,426.4499999999997,427.6499999999997,372
2026-06-02T16:45:00+00:00,427.6499999999997,428.2999999999997,427.6399999999997,427.9399999999997,322
2026-06-02T16:50:00+00:00,427.9399999999997,428.2699999999997,427.4399999999997,427.4399999999997,307
2026-06-02T16:55:00+00:00,427.4399999999997,429.1499999999997,427.4399999999997,428.8299999999997,482
2026-06-02T17:00:00+00:00,428.8299999999997,428.91999999999973,428.1599999999997,428.2999999999997,358
2026-06-02T17:05:00+00:00,428.2999999999997,429.5899999999997,428.0899999999997,429.5599999999997,351
2026-06-02T17:10:00+00:00,429.5599999999997,429.60999999999973,428.5499999999997,428.8999999999997,402
2026-06-02T17:15:00+00:00,428.8999999999997,429.4299999999997,428.3199999999997,428.7199999999997,401
2026-06-02T17:20:00+00:00,428.7199999999997,428.7199999999997,428.0099999999997,428.1999999999997,345
2026-06-02T17:25:00+00:00,428.1999999999997,428.2499999999997,427.7299999999997,427.8699999999997,312
2026-06-02T17:30:00+00:00,427.8699999999997,428.3799999999997,427.5799999999997,427.5999999999997,433
2026-06-02T17:35:00+00:00,427.5999999999997,427.6799999999997,427.0299999999997,427.35999999999973,363
2026-06-02T17:40:00+00:00,427.35999999999973,428.6299999999997,427.2799999999997,428.4999999999997,365
2026-06-02T17:45:00+00:00,428.4999999999997,429.0299999999997,428.4799999999997,428.9399999999997,285
2026-06-02T17:50:00+00:00,428.9399999999997,429.1199999999997,428.3799999999997,428.3899999999997,377
2026-06-02T17:55:00+00:00,428.3899999999997,428.8899999999997,427.9699999999997,428.6999999999997,369
2026-06-02T18:00:00+00:00,428.6999999999997,429.3499999999997,427.6799999999997,427.7299999999997,452
2026-06-02T18:05:00+00:00,427.7299999999997,428.5199999999997,427.4299999999997,427.9999999999997,402
2026-06-02T18:10:00+00:00,427.9999999999997,428.1399999999997,427.5499999999997,427.7899999999997,341
2026-06-02T18:15:00+00:00,427.7899999999997,428.3199999999997,427.7699999999997,427.9499999999997,306
2026-06-02T18:20:00+00:00,427.9499999999997,428.4799999999997,427.8699999999997,428.2199999999997,318
2026-06-02T18:25:00+00:00,428.2199999999997,428.7099999999997,427.4299999999997,427.7399999999997,340
2026-06-02T18:30:00+00:00,427.7399999999997,428.3999999999997,427.5599999999997,428.2999999999997,315
2026-06-02T18:35:00+00:00,428.2999999999997,428.5299999999997,428.0699999999997,428.3099999999997,286
2026-06-02T18:40:00+00:00,428.3099999999997,428.7399999999997,428.1399999999997,428.7099999999997,355
2026-06-02T18:45:00+00:00,428.7099999999997,428.91999999999973,428.5299999999997,428.7199999999997,344
2026-06-02T18:50:00+00:00,428.7199999999997,428.9299999999997,427.8999999999997,428.0099999999997,343
2026-06-02T18:55:00+00:00,428.0099999999997,428.3999999999997,427.8299999999997,428.2199999999997,288
2026-06-02T19:00:00+00:00,428.2199999999997,428.2799999999997,426.9499999999997,427.41999999999973,412
2026-06-02T19:05:00+00:00,427.41999999999973,427.9999999999997,427.2299999999997,427.9099999999997,340
2026-06-02T19:10:00+00:00,427.9099999999997,427.9399999999997,426.9799999999997,427.0999999999997,304
2026-06-02T19:15:00+00:00,427.0999999999997,427.2299999999997,426.10999999999973,426.2599999999997,399
2026-06-02T19:20:00+00:00,426.2599999999997,426.7999999999997,426.2399999999997,426.4099999999997,302
2026-06-02T19:25:00+00:00,426.4099999999997,426.8299999999997,426.1299999999997,426.6399999999997,323
2026-06-02T19:30:00+00:00,426.6399999999997,426.8299999999997,426.3999999999997,426.6499999999997,344
2026-06-02T19:35:00+00:00,426.6499999999997,427.4999999999997,426.1299999999997,427.1799999999997,438
2026-06-02T19:40:00+00:00,427.1799999999997,429.8799999999997,427.1499999999997,428.7499999999997,664
2026-06-02T19:45:00+00:00,428.7499999999997,429.1199999999997,428.1199999999997,428.35999999999973,525
2026-06-02T19:50:00+00:00,428.35999999999973,430.1999999999997,428.2299999999997,429.9099999999997,731
2026-06-02T19:55:00+00:00,429.9099999999997,430.4599999999997,428.9899999999997,430.0899999999997,1131
2026-06-03T13:30:00+00:00,430.0899999999997,430.0899999999997,422.2799999999997,424.9299999999997,1433
2026-06-03T13:35:00+00:00,424.9299999999997,427.1899999999997,424.7299999999997,425.9699999999997,1661
2026-06-03T13:40:00+00:00,425.9699999999997,428.6999999999997,425.91999999999973,428.4099999999997,1568
2026-06-03T13:45:00+00:00,428.4099999999997,431.3899999999997,427.6799999999997,428.0399999999997,2206
2026-06-03T13:50:00+00:00,428.0399999999997,430.7099999999997,427.5299999999997,429.6499999999997,1993
2026-06-03T13:55:00+00:00,429.6499999999997,431.7499999999997,428.8299999999997,429.1799999999997,1928
2026-06-03T14:00:00+00:00,429.1799999999997,433.2599999999997,429.1599999999997,432.0999999999997,1865
2026-06-03T14:05:00+00:00,432.0999999999997,434.1999999999997,431.8299999999997,434.1799999999997,1887
2026-06-03T14:10:00+00:00,434.1799999999997,436.6599999999997,433.8699999999997,434.7699999999997,2220
2026-06-03T14:15:00+00:00,434.7699999999997,436.7399999999997,434.5399999999997,435.8499999999997,1804
2026-06-03T14:20:00+00:00,435.8499999999997,438.7799999999997,435.4799999999997,436.0599999999997,2007
2026-06-03T14:25:00+00:00,436.0599999999997,436.9099999999997,434.60999999999973,434.9299999999997,1739
2026-06-03T14:30:00+00:00,434.9299999999997,436.8399999999997,434.7499999999997,436.35999999999973,1483
2026-06-03T14:35:00+00:00,436.35999999999973,436.9299999999997,435.3499999999997,436.0599999999997,1410
2026-06-03T14:40:00+00:00,436.0599999999997,437.2399999999997,436.0599999999997,436.9799999999997,1281
2026-06-03T14:45:00+00:00,436.9799999999997,437.6499999999997,436.4799999999997,436.6999999999997,1462
2026-06-03T14:50:00+00:00,436.6999999999997,439.8299999999997,436.3799999999997,439.7099999999997,1616
2026-06-03T14:55:00+00:00,439.7099999999997,439.8499999999997,438.6599999999997,439.1399999999997,1683.4608903020667
2026-06-03T15:00:00+00:00,439.1399999999997,439.7199999999997,438.5999999999997,438.6699999999997,1609
2026-06-03T15:05:00+00:00,438.6699999999997,439.8599999999997,437.7199999999997,438.3399999999997,1584
2026-06-03T15:10:00+00:00,438.3399999999997,438.6699999999997,437.3899999999997,437.5999999999997,1275
2026-06-03T15:15:00+00:00,437.5999999999997,437.67999999999967,436.67999999999967,436.7699999999997,1467
2026-06-03T15:20:00+00:00,436.7699999999997,437.24999999999966,436.1399999999997,436.98999999999967,1365
2026-06-03T15:25:00+00:00,436.98999999999967,437.04999999999967,435.3999999999997,436.1499999999997,1453
2026-06-03T15:30:00+00:00,436.1499999999997,436.7199999999997,434.3299999999997,434.3299999999997,1289
2026-06-03T15:35:00+00:00,434.3299999999997,434.3599999999997,432.3399999999997,432.3999999999997,1541
2026-06-03T15:40:00+00:00,432.3999999999997,432.80999999999966,431.8399999999997,432.1999999999997,1257
2026-06-03T15:45:00+00:00,432.1999999999997,432.2699999999997,430.8299999999997,431.18999999999966,1445
2026-06-03T15:50:00+00:00,431.18999999999966,431.6099999999997,430.5199999999997,431.2799999999997,1146
2026-06-03T15:55:00+00:00,431.2799999999997,431.2899999999997,429.8899999999997,429.8899999999997,1228
2026-06-03T16:00:00+00:00,429.8899999999997,430.4699999999997,429.7799999999997,430.3299999999997,1267
2026-06-03T16:05:00+00:00,430.3299999999997,430.93999999999966,429.93999999999966,430.2699999999997,1182
2026-06-03T16:10:00+00:00,430.2699999999997,430.4699999999997,429.42999999999967,430.2799999999997,1159
2026-06-03T16:15:00+00:00,430.2799999999997,430.5799999999997,428.3899999999997,428.7799999999997,1417
2026-06-03T16:20:00+00:00,428.7799999999997,429.9199999999997,428.5399999999997,429.36999999999966,1247
2026-06-03T16:25:00+00:00,429.36999999999966,430.0299999999997,428.4199999999997,429.86999999999966,1344
2026-06-03T16:30:00+00:00,429.86999999999966,430.05999999999966,427.98999999999967,428.6099999999997,1365
2026-06-03T16:35:00+00:00,428.6099999999997,428.9799999999997,428.2699999999997,428.3999999999997,1094
2026-06-03T16:40:00+00:00,428.3999999999997,428.4199999999997,427.3399999999997,427.67999999999967,1151
2026-06-03T16:45:00+00:00,427.67999999999967,428.0099999999997,427.0999999999997,427.8899999999997,1155
2026-06-03T16:50:00+00:00,427.8899999999997,428.18999999999966,426.93999999999966,426.93999999999966,1028
2026-06-03T16:55:00+00:00,426.93999999999966,428.4699999999997,426.93999999999966,428.2899999999997,1048
2026-06-03T17:00:00+00:00,428.2899999999997,428.6099999999997,427.6499999999997,427.6699999999997,1076
2026-06-03T17:05:00+00:00,427.6699999999997,428.0899999999997,427.36999999999966,427.61999999999966,903
2026-06-03T17:10:00+00:00,427.61999999999966,427.9199999999997,426.4499999999997,426.5299999999997,1111
2026-06-03T17:15:00+00:00,426.5299999999997,426.6599999999997,425.0999999999997,425.5699999999997,1173
2026-06-03T17:20:00+00:00,425.5699999999997,425.99999999999966,425.3899999999997,425.6399999999997,959
2026-06-03T17:25:00+00:00,425.6399999999997,425.9099999999997,424.9499999999997,425.7299999999997,976
2026-06-03T17:30:00+00:00,425.7299999999997,426.79999999999967,424.8399999999997,426.74999999999966,743
2026-06-03T17:35:00+00:00,426.74999999999966,427.67999999999967,426.4499999999997,427.48999999999967,618
2026-06-03T17:40:00+00:00,427.48999999999967,428.1299999999997,427.36999999999966,427.8499999999997,477
2026-06-03T17:45:00+00:00,427.8499999999997,427.9699999999997,427.2899999999997,427.54999999999967,446
2026-06-03T17:50:00+00:00,427.54999999999967,428.23999999999967,427.5399999999997,428.1999999999997,382
2026-06-03T17:55:00+00:00,428.1999999999997,428.9699999999997,427.9699999999997,428.9199999999997,513
2026-06-03T18:00:00+00:00,428.9199999999997,429.8299999999997,428.7899999999997,429.55999999999966,544
2026-06-03T18:05:00+00:00,429.55999999999966,429.86999999999966,429.1399999999997,429.55999999999966,502
2026-06-03T18:10:00+00:00,429.55999999999966,429.73999999999967,428.8799999999997,429.29999999999967,368
2026-06-03T18:15:00+00:00,429.29999999999967,429.7699999999997,428.8899999999997,429.6099999999997,396
2026-06-03T18:20:00+00:00,429.6099999999997,429.98999999999967,429.1499999999997,429.8599999999997,403
2026-06-03T18:25:00+00:00,429.8599999999997,430.4199999999997,429.5299999999997,430.04999999999967,458
2026-06-03T18:30:00+00:00,430.04999999999967,431.1699999999997,430.04999999999967,430.99999999999966,461
2026-06-03T18:35:00+00:00,430.99999999999966,430.99999999999966,429.79999999999967,430.0199999999997,446
2026-06-03T18:40:00+00:00,430.0199999999997,430.24999999999966,429.3899999999997,429.73999999999967,419
2026-06-03T18:45:00+00:00,429.73999999999967,430.2899999999997,429.29999999999967,429.4099999999997,427
2026-06-03T18:50:00+00:00,429.4099999999997,429.5799999999997,428.4499999999997,429.3399999999997,515
2026-06-03T18:55:00+00:00,429.3399999999997,429.8199999999997,429.1299999999997,429.3299999999997,432
2026-06-03T19:00:00+00:00,429.3299999999997,429.3399999999997,427.5199999999997,427.5999999999997,568
2026-06-03T19:05:00+00:00,427.5999999999997,428.1499999999997,427.5699999999997,428.04999999999967,394
2026-06-03T19:10:00+00:00,428.04999999999967,428.9199999999997,428.0399999999997,428.9199999999997,422
2026-06-03T19:15:00+00:00,428.9199999999997,429.99999999999966,428.6299999999997,429.86999999999966,456
2026-06-03T19:20:00+00:00,429.86999999999966,430.18999999999966,428.7199999999997,428.73999999999967,409
2026-06-03T19:25:00+00:00,428.73999999999967,429.1599999999997,428.30999999999966,429.1599999999997,397
2026-06-03T19:30:00+00:00,429.1599999999997,429.1599999999997,428.05999999999966,428.8499999999997,418
2026-06-03T19:35:00+00:00,428.8499999999997,428.93999999999966,428.1599999999997,428.79999999999967,316
2026-06-03T19:40:00+00:00,428.79999999999967,429.9699999999997,428.79999999999967,429.67999999999967,608
2026-06-03T19:45:00+00:00,429.67999999999967,429.7099999999997,428.17999999999967,428.17999999999967,573
2026-06-03T19:50:00+00:00,428.17999999999967,429.2299999999997,428.05999999999966,428.1499999999997,667
2026-06-03T19:55:00+00:00,428.1499999999997,430.1599999999997,428.1499999999997,429.8499999999997,1246
2026-06-04T13:30:00+00:00,429.8499999999997,430.7899999999997,424.29999999999967,430.0199999999997,1914
2026-06-04T13:35:00+00:00,430.0199999999997,432.55999999999966,429.1399999999997,431.0099999999997,1914
2026-06-04T13:40:00+00:00,431.0099999999997,431.0899999999997,427.8199999999997,429.4699999999997,1970
2026-06-04T13:45:00+00:00,429.4699999999997,430.2299999999997,427.92999999999967,428.92999999999967,1847
2026-06-04T13:50:00+00:00,428.92999999999967,429.54999999999967,428.0099999999997,428.80999999999966,1597
2026-06-04T13:55:00+00:00,428.80999999999966,430.7199999999997,427.9599999999997,428.1599999999997,1746
2026-06-04T14:00:00+00:00,428.1599999999997,428.7099999999997,426.86999999999966,427.0099999999997,1468
2026-06-04T14:05:00+00:00,427.0099999999997,427.8599999999997,426.0899999999997,427.54999999999967,1915
2026-06-04T14:10:00+00:00,427.54999999999967,431.36999999999966,427.54999999999967,431.30999999999966,1892
2026-06-04T14:15:00+00:00,431.30999999999966,432.1099999999997,430.0899999999997,430.1399999999997,1900
2026-06-04T14:20:00+00:00,430.1399999999997,430.2599999999997,427.04999999999967,428.18999999999966,1753
2026-06-04T14:25:00+00:00,428.18999999999966,428.6699999999997,427.0999999999997,427.6099999999997,1640
2026-06-04T14:30:00+00:00,427.6099999999997,427.8599999999997,427.0399999999997,427.2099999999997,1188
2026-06-04T14:35:00+00:00,427.2099999999997,427.48999999999967,426.9499999999997,427.24999999999966,1193
2026-06-04T14:40:00+00:00,427.24999999999966,427.80999999999966,425.5399999999997,425.54999999999967,1424
2026-06-04T14:45:00+00:00,425.54999999999967,425.68999999999966,424.2299999999997,424.5099999999997,1499
2026-06-04T14:50:00+00:00,424.5099999999997,425.0399999999997,424.29999999999967,424.8299999999997,1302
2026-06-04T14:55:00+00:00,424.8299999999997,425.54999999999967,424.1999999999997,424.74999999999966,1408
2026-06-04T15:00:00+00:00,424.74999999999966,425.2299999999997,424.3899999999997,424.80999999999966,1125
2026-06-04T15:05:00+00:00,424.80999999999966,426.0899999999997,424.80999999999966,425.80999999999966,1161
2026-06-04T15:10:00+00:00,425.80999999999966,427.3799999999997,425.80999999999966,427.0099999999997,1327
2026-06-04T15:15:00+00:00,427.0099999999997,427.7799999999997,425.99999999999966,426.0699999999997,1239
2026-06-04T15:20:00+00:00,426.0699999999997,426.6999999999997,425.3899999999997,426.6399999999997,1102
2026-06-04T15:25:00+00:00,426.6399999999997,427.1599999999997,425.7899999999997,426.11999999999966,992
2026-06-04T15:30:00+00:00,426.11999999999966,426.11999999999966,424.7899999999997,425.4099999999997,1027
2026-06-04T15:35:00+00:00,425.4099999999997,425.5699999999997,423.7899999999997,424.4799999999997,1025
2026-06-04T15:40:00+00:00,424.4799999999997,424.5899999999997,423.8999999999997,424.0899999999997,892
2026-06-04T15:45:00+00:00,424.0899999999997,424.4099999999997,423.43999999999966,423.9099999999997,1179
2026-06-04T15:50:00+00:00,423.9099999999997,424.7899999999997,423.48999999999967,424.5399999999997,1166
2026-06-04T15:55:00+00:00,424.5399999999997,425.4699999999997,424.3899999999997,425.05999999999966,939
2026-06-04T16:00:00+00:00,425.05999999999966,425.0699999999997,423.8399999999997,424.3999999999997,1055
2026-06-04T16:05:00+00:00,424.3999999999997,426.3799999999997,424.29999999999967,426.18999999999966,1037
2026-06-04T16:10:00+00:00,426.18999999999966,426.3999999999997,424.8499999999997,425.6599999999997,871
2026-06-04T16:15:00+00:00,425.6599999999997,426.7599999999997,425.5899999999997,426.23999999999967,810
2026-06-04T16:20:00+00:00,426.23999999999967,426.4099999999997,425.6499999999997,425.7199999999997,803
2026-06-04T16:25:00+00:00,425.7199999999997,425.8899999999997,425.0699999999997,425.4499999999997,813
2026-06-04T16:30:00+00:00,425.4499999999997,425.5799999999997,424.8599999999997,425.23999999999967,780
2026-06-04T16:35:00+00:00,425.23999999999967,426.4499999999997,425.1099999999997,426.2799999999997,690
2026-06-04T16:40:00+00:00,426.2799999999997,426.3799999999997,425.79999999999967,425.8799999999997,592
2026-06-04T16:45:00+00:00,425.8799999999997,425.99999999999966,424.5899999999997,424.5999999999997,656
2026-06-04T16:50:00+00:00,424.5999999999997,425.1699999999997,424.3399999999997,424.8799999999997,699
2026-06-04T16:55:00+00:00,424.8799999999997,425.3399999999997,424.80999999999966,425.05999999999966,671
2026-06-04T17:00:00+00:00,425.05999999999966,425.6999999999997,424.61999999999966,425.5299999999997,666
2026-06-04T17:05:00+00:00,425.5299999999997,425.9099999999997,425.29999999999967,425.7299999999997,583
2026-06-04T17:10:00+00:00,425.7299999999997,425.8999999999997,425.3199999999997,425.43999999999966,521
2026-06-04T17:15:00+00:00,425.43999999999966,425.8599999999997,424.8999999999997,425.6499999999997,656
2026-06-04T17:20:00+00:00,425.6499999999997,426.73999999999967,425.49999999999966,426.5099999999997,639
2026-06-04T17:25:00+00:00,426.5099999999997,426.9699999999997,425.9599999999997,426.9599999999997,804
2026-06-04T17:30:00+00:00,426.9599999999997,427.5199999999997,426.5699999999997,427.0199999999997,878
2026-06-04T17:35:00+00:00,427.0199999999997,427.05999999999966,424.6099999999997,424.6299999999997,940
2026-06-04T17:40:00+00:00,424.6299999999997,425.3499999999997,424.3199999999997,425.3399999999997,850
2026-06-04T17:45:00+00:00,425.3399999999997,425.4699999999997,424.48999999999967,424.9499999999997,637
2026-06-04T17:50:00+00:00,424.9499999999997,425.9199999999997,424.30999999999966,425.8999999999997,658
2026-06-04T17:55:00+00:00,425.8999999999997,426.3499999999997,425.61999999999966,426.1399999999997,488
2026-06-04T18:00:00+00:00,426.1399999999997,426.17999999999967,425.5899999999997,425.7799999999997,802
2026-06-04T18:05:00+00:00,425.7799999999997,426.0399999999997,425.4799999999997,425.8599999999997,611
2026-06-04T18:10:00+00:00,425.8599999999997,426.2299999999997,425.7199999999997,425.9699999999997,535
2026-06-04T18:15:00+00:00,425.9699999999997,426.54999999999967,425.7899999999997,426.1399999999997,658
2026-06-04T18:20:00+00:00,426.1399999999997,426.3799999999997,425.8499999999997,426.1299999999997,437
2026-06-04T18:25:00+00:00,426.1299999999997,426.5999999999997,425.8999999999997,426.3599999999997,610
2026-06-04T18:30:00+00:00,426.3599999999997,426.4199999999997,425.8399999999997,425.93999999999966,727
2026-06-04T18:35:00+00:00,425.93999999999966,426.2299999999997,425.79999999999967,426.0799999999997,777
2026-06-04T18:40:00+00:00,426.0799999999997,426.5999999999997,425.67999999999967,425.9499999999997,643
2026-06-04T18:45:00+00:00,425.9499999999997,425.9699999999997,425.05999999999966,425.0999999999997,696
2026-06-04T18:50:00+00:00,425.0999999999997,425.5199999999997,424.68999999999966,425.3299999999997,689
2026-06-04T18:55:00+00:00,425.3299999999997,426.3299999999997,425.3299999999997,425.4599999999997,762
2026-06-04T19:00:00+00:00,425.4599999999997,425.6599999999997,424.5899999999997,425.61999999999966,882
2026-06-04T19:05:00+00:00,425.61999999999966,426.1499999999997,425.4599999999997,426.1499999999997,643
2026-06-04T19:10:00+00:00,426.1499999999997,426.3399999999997,425.6999999999997,425.92999999999967,697
2026-06-04T19:15:00+00:00,425.92999999999967,426.8499999999997,425.7599999999997,426.2299999999997,901
2026-06-04T19:20:00+00:00,426.2299999999997,426.3999999999997,425.55999999999966,426.2299999999997,668
2026-06-04T19:25:00+00:00,426.2299999999997,426.4599999999997,426.0799999999997,426.43999999999966,658
2026-06-04T19:30:00+00:00,426.43999999999966,426.4799999999997,425.3899999999997,425.4699999999997,832
2026-06-04T19:35:00+00:00,425.4699999999997,426.0399999999997,425.3299999999997,425.9699999999997,753
2026-06-04T19:40:00+00:00,425.9699999999997,426.29999999999967,425.7599999999997,426.0199999999997,876
2026-06-04T19:45:00+00:00,426.0199999999997,426.0699999999997,425.5199999999997,425.7599999999997,965
2026-06-04T19:50:00+00:00,425.7599999999997,425.7599999999997,424.05999999999966,424.4499999999997,1239
2026-06-04T19:55:00+00:00,424.4499999999997,425.1399999999997,423.8399999999997,424.9699999999997,1708
2026-06-05T13:30:00+00:00,424.9699999999997,430.7699999999997,424.9699999999997,425.5999999999997,1862
2026-06-05T13:35:00+00:00,425.5999999999997,426.8499999999997,422.74999999999966,423.3899999999997,2362
2026-06-05T13:40:00+00:00,423.3899999999997,423.7299999999997,419.68999999999966,420.1099999999997,2553
2026-06-05T13:45:00+00:00,420.1099999999997,420.61999999999966,416.86999999999966,417.0099999999997,2648
2026-06-05T13:50:00+00:00,417.0099999999997,418.8899999999997,416.55999999999966,418.3999999999997,2578
2026-06-05T13:55:00+00:00,418.3999999999997,418.79999999999967,415.9499999999997,415.9499999999997,2321
2026-06-05T14:00:00+00:00,415.9499999999997,417.7499999999997,415.84999999999974,416.78999999999974,2019.1440443213296
2026-06-05T14:05:00+00:00,416.78999999999974,418.00999999999965,415.72999999999973,417.6299999999997,1192.7074244356522
2026-06-05T14:10:00+00:00,417.6299999999997,417.7499999999997,415.5499999999997,416.7699999999997,1430.8903110381002
2026-06-05T14:15:00+00:00,416.7699999999997,417.6499999999997,416.17999999999967,417.1799999999997,1317.8806406897493
2026-06-05T14:20:00+00:00,417.1799999999997,417.27999999999975,413.93999999999977,413.9999999999998,1307.1158731999642
2026-06-05T14:25:00+00:00,413.9999999999998,413.9999999999998,412.82999999999976,413.93999999999977,1358.8573388451186
2026-06-05T14:30:00+00:00,413.93999999999977,416.0299999999998,413.82999999999976,415.63999999999976,1257.0759349224197
2026-06-05T14:35:00+00:00,415.63999999999976,415.8199999999998,413.48999999999984,413.5699999999998,762.2334138451906
2026-06-05T14:40:00+00:00,413.5699999999998,413.6299999999998,411.64999999999986,412.16999999999985,1808
2026-06-05T14:45:00+00:00,412.16999999999985,412.58999999999986,411.6899999999998,412.37999999999977,1356.1030424953606
2026-06-05T14:50:00+00:00,412.37999999999977,412.4299999999998,410.39999999999975,410.7499999999998,1177.953980345575
2026-06-05T14:55:00+00:00,410.7499999999998,411.26999999999975,410.1199999999998,410.32999999999976,1778
2026-06-05T15:00:00+00:00,410.32999999999976,410.88999999999976,408.8299999999998,409.3599999999998,1391.4170656153196
2026-06-05T15:05:00+00:00,409.3599999999998,409.39999999999975,408.21999999999974,408.85999999999973,1249.8033958070184
2026-06-05T15:10:00+00:00,408.85999999999973,409.0599999999998,407.3699999999997,407.3699999999997,1200.5795280469233
2026-06-05T15:15:00+00:00,407.3699999999997,408.6799999999997,407.26999999999975,408.35999999999973,1077.3232684723814
2026-06-05T15:20:00+00:00,408.35999999999973,408.6099999999998,407.5599999999997,408.3899999999998,1121.2071045286775
2026-06-05T15:25:00+00:00,408.3899999999998,408.3899999999998,406.1599999999998,406.99999999999983,1664
2026-06-05T15:30:00+00:00,406.99999999999983,407.4699999999998,406.2299999999998,406.5099999999998,1457
2026-06-05T15:35:00+00:00,406.5099999999998,406.7699999999998,405.0899999999998,405.3399999999998,1589
2026-06-05T15:40:00+00:00,405.3399999999998,405.9199999999998,404.7399999999998,405.4699999999998,1607
2026-06-05T15:45:00+00:00,405.4699999999998,406.55999999999983,405.4699999999998,405.8399999999998,1452
2026-06-05T15:50:00+00:00,405.8399999999998,406.2199999999998,405.5699999999998,405.80999999999983,1361
2026-06-05T15:55:00+00:00,405.80999999999983,405.99999999999983,404.8799999999998,405.6699999999998,1373
2026-06-05T16:00:00+00:00,405.6699999999998,405.7799999999998,404.7199999999998,404.7899999999998,1333
2026-06-05T16:05:00+00:00,404.7899999999998,404.7999999999998,403.5899999999998,404.2199999999998,1830
2026-06-05T16:10:00+00:00,404.2199999999998,404.42999999999984,403.4499999999998,403.4899999999998,1738
2026-06-05T16:15:00+00:00,403.4899999999998,403.92999999999984,402.8999999999998,403.0499999999998,1750
2026-06-05T16:20:00+00:00,403.0499999999998,404.3899999999998,403.0299999999998,403.92999999999984,1646
2026-06-05T16:25:00+00:00,403.92999999999984,404.6099999999998,403.24999999999983,403.3299999999998,1403
2026-06-05T16:30:00+00:00,403.3299999999998,403.3399999999998,402.3899999999998,402.9399999999998,1540
2026-06-05T16:35:00+00:00,402.9399999999998,403.4199999999998,402.7399999999998,403.0399999999998,1572
2026-06-05T16:40:00+00:00,403.0399999999998,403.2199999999998,401.0699999999998,401.30999999999983,1788
2026-06-05T16:45:00+00:00,401.30999999999983,401.7699999999998,400.4399999999998,401.7099999999998,2155
2026-06-05T16:50:00+00:00,401.7099999999998,401.9699999999998,401.1699999999998,401.7799999999998,1720
2026-06-05T16:55:00+00:00,401.7799999999998,402.0699999999998,400.9599999999998,402.0099999999998,1726
2026-06-05T17:00:00+00:00,402.0099999999998,402.0699999999998,400.4799999999998,401.6099999999998,1742
2026-06-05T17:05:00+00:00,401.6099999999998,401.6399999999998,400.1999999999998,400.3299999999998,1709
2026-06-05T17:10:00+00:00,400.3299999999998,400.4499999999998,399.4799999999998,400.1299999999998,1718
2026-06-05T17:15:00+00:00,400.1299999999998,400.1999999999998,399.2799999999998,399.9899999999998,1570
2026-06-05T17:20:00+00:00,399.9899999999998,400.8999999999998,399.2799999999998,400.5899999999998,1650
2026-06-05T17:25:00+00:00,400.5899999999998,400.6399999999998,399.2399999999998,399.7599999999998,1637
2026-06-05T17:30:00+00:00,399.7599999999998,400.3799999999998,399.2399999999998,400.3799999999998,1576
2026-06-05T17:35:00+00:00,400.3799999999998,401.2399999999998,400.2999999999998,401.1999999999998,1341
2026-06-05T17:40:00+00:00,401.1999999999998,401.5099999999998,399.5999999999998,399.6399999999998,1610
2026-06-05T17:45:00+00:00,399.6399999999998,400.1499999999998,399.3899999999998,399.4199999999998,1507
2026-06-05T17:50:00+00:00,399.4199999999998,400.2399999999998,399.4099999999998,400.1899999999998,1147
2026-06-05T17:55:00+00:00,400.1899999999998,400.5999999999998,399.8399999999998,400.42999999999984,1296
2026-06-05T18:00:00+00:00,400.42999999999984,400.5099999999998,398.24999999999983,398.2699999999998,1433
2026-06-05T18:05:00+00:00,398.2699999999998,398.6299999999998,397.8899999999998,397.9099999999998,1536
2026-06-05T18:10:00+00:00,397.9099999999998,398.3599999999998,397.4899999999998,398.0099999999998,1518
2026-06-05T18:15:00+00:00,398.0099999999998,398.1399999999998,396.7899999999998,396.8799999999998,1910
2026-06-05T18:20:00+00:00,396.8799999999998,397.3499999999998,396.4599999999998,396.4799999999998,1700
2026-06-05T18:25:00+00:00,396.4799999999998,396.49999999999983,395.7599999999998,395.9399999999998,1811
2026-06-05T18:30:00+00:00,395.9399999999998,396.7799999999998,395.7899999999998,396.30999999999983,1619
2026-06-05T18:35:00+00:00,396.30999999999983,396.6399999999998,395.9699999999998,396.3599999999998,1550
2026-06-05T18:40:00+00:00,396.3599999999998,396.4399999999998,395.2699999999998,396.0399999999998,1764
2026-06-05T18:45:00+00:00,396.0399999999998,396.2199999999998,395.0099999999998,396.05999999999983,1826
2026-06-05T18:50:00+00:00,396.05999999999983,396.2599999999998,395.0299999999998,395.5999999999998,1769
2026-06-05T18:55:00+00:00,395.5999999999998,396.74999999999983,395.3299999999998,395.99999999999983,2154
2026-06-05T19:00:00+00:00,395.99999999999983,396.3599999999998,394.9799999999998,395.8299999999998,1884
2026-06-05T19:05:00+00:00,395.8299999999998,395.86999999999983,393.99999999999983,394.4899999999998,1890
2026-06-05T19:10:00+00:00,394.4899999999998,394.55999999999983,393.5099999999998,393.7999999999998,1844
2026-06-05T19:15:00+00:00,393.7999999999998,393.86999999999983,392.9199999999998,393.30999999999983,2048
2026-06-05T19:20:00+00:00,393.30999999999983,393.9699999999998,392.9499999999998,393.8899999999998,1955
2026-06-05T19:25:00+00:00,393.8899999999998,395.92999999999984,393.8499999999998,395.92999999999984,1998
2026-06-05T19:30:00+00:00,395.92999999999984,395.92999999999984,393.9099999999998,395.0799999999998,2188
2026-06-05T19:35:00+00:00,395.0799999999998,395.9399999999998,395.0399999999998,395.6899999999998,1887
2026-06-05T19:40:00+00:00,395.6899999999998,396.2199999999998,394.7799999999998,396.1499999999998,2227
2026-06-05T19:45:00+00:00,396.1499999999998,397.3499999999998,395.7999999999998,396.86999999999983,1986
2026-06-05T19:50:00+00:00,396.86999999999983,397.7899999999998,396.2599999999998,396.5299999999998,1889
2026-06-05T19:55:00+00:00,396.5299999999998,397.0099999999998,394.5899999999998,395.42999999999984,1996
2026-06-08T13:30:00+00:00,395.42999999999984,404.2099999999998,395.42999999999984,400.1899999999998,1581
2026-06-08T13:35:00+00:00,400.1899999999998,403.55999999999983,399.4399999999998,402.1499999999998,1439
2026-06-08T13:40:00+00:00,402.1499999999998,403.6999999999998,401.3399999999998,403.3399999999998,1303
2026-06-08T13:45:00+00:00,403.3399999999998,403.80999999999983,401.4799999999998,403.6899999999998,1204
2026-06-08T13:50:00+00:00,403.6899999999998,406.2899999999998,402.9799999999998,405.5899999999998,1370
2026-06-08T13:55:00+00:00,405.5899999999998,406.6899999999998,403.8599999999998,405.2899999999998,1324
2026-06-08T14:00:00+00:00,405.2899999999998,407.7299999999998,404.8399999999998,405.4199999999998,1417
2026-06-08T14:05:00+00:00,405.4199999999998,406.6599999999998,404.5899999999998,406.1599999999998,1178
2026-06-08T14:10:00+00:00,406.1599999999998,406.5499999999998,404.9099999999998,405.8599999999998,1122
2026-06-08T14:15:00+00:00,405.8599999999998,406.1699999999998,404.74999999999983,405.86999999999983,963
2026-06-08T14:20:00+00:00,405.86999999999983,406.6999999999998,404.8599999999998,406.5499999999998,1019
2026-06-08T14:25:00+00:00,406.5499999999998,407.5799999999998,406.0499999999998,407.2599999999998,1041
2026-06-08T14:30:00+00:00,407.2599999999998,407.7199999999998,406.6699999999998,407.3599999999998,975
2026-06-08T14:35:00+00:00,407.3599999999998,407.8499999999998,406.74999999999983,407.5999999999998,934
2026-06-08T14:40:00+00:00,407.5999999999998,407.8799999999998,406.5899999999998,406.92999999999984,911
2026-06-08T14:45:00+00:00,406.92999999999984,408.6999999999998,406.8799999999998,407.5999999999998,1071
2026-06-08T14:50:00+00:00,407.5999999999998,408.5299999999998,407.2399999999998,407.7899999999998,809
2026-06-08T14:55:00+00:00,407.7899999999998,408.6599999999998,407.7599999999998,408.1499999999998,802
2026-06-08T15:00:00+00:00,408.1499999999998,408.4499999999998,407.7599999999998,407.80999999999983,665
2026-06-08T15:05:00+00:00,407.80999999999983,408.2099999999998,407.5399999999998,408.0299999999998,729
2026-06-08T15:10:00+00:00,408.0299999999998,408.5299999999998,407.1399999999998,407.3999999999998,874
2026-06-08T15:15:00+00:00,407.3999999999998,407.8499999999998,406.7899999999998,407.1399999999998,807
2026-06-08T15:20:00+00:00,407.1399999999998,407.5999999999998,406.4399999999998,407.4699999999998,802
2026-06-08T15:25:00+00:00,407.4699999999998,407.5099999999998,405.1399999999998,405.1699999999998,921
2026-06-08T15:30:00+00:00,405.1699999999998,405.2799999999998,403.7099999999998,404.1699999999998,1207
2026-06-08T15:35:00+00:00,404.1699999999998,405.9099999999998,404.0099999999998,405.7599999999998,903
2026-06-08T15:40:00+00:00,405.7599999999998,406.0799999999998,405.2199999999998,406.0699999999998,733
2026-06-08T15:45:00+00:00,406.0699999999998,407.4799999999998,405.9599999999998,406.9599999999998,844
2026-06-08T15:50:00+00:00,406.9599999999998,407.4799999999998,406.3799999999998,406.6899999999998,672
2026-06-08T15:55:00+00:00,406.6899999999998,406.7099999999998,405.6899999999998,406.3799999999998,810
2026-06-08T16:00:00+00:00,406.3799999999998,407.92999999999984,406.05999999999983,407.5499999999998,768
2026-06-08T16:05:00+00:00,407.5499999999998,407.7199999999998,406.92999999999984,407.3999999999998,674
2026-06-08T16:10:00+00:00,407.3999999999998,408.2199999999998,407.0099999999998,407.5999999999998,775
2026-06-08T16:15:00+00:00,407.5999999999998,410.49999999999983,407.5799999999998,410.05999999999983,994
2026-06-08T16:20:00+00:00,410.05999999999983,410.6299999999998,409.1399999999998,409.7199999999998,974
2026-06-08T16:25:00+00:00,409.7199999999998,409.99999999999983,409.1399999999998,409.2399999999998,795
2026-06-08T16:30:00+00:00,409.2399999999998,410.0799999999998,409.1599999999998,409.24999999999983,855
2026-06-08T16:35:00+00:00,409.24999999999983,409.5199999999998,408.8599999999998,409.2199999999998,796
2026-06-08T16:40:00+00:00,409.2199999999998,411.2299999999998,409.11999999999983,410.5499999999998,1016
2026-06-08T16:45:00+00:00,410.5499999999998,411.1099999999998,410.1499999999998,410.2299999999998,797
2026-06-08T16:50:00+00:00,410.2299999999998,410.67999999999984,410.1099999999998,410.3599999999998,617
2026-06-08T16:55:00+00:00,410.3599999999998,411.7599999999998,410.2199999999998,411.2899999999998,833
2026-06-08T17:00:00+00:00,411.2899999999998,411.3299999999998,410.3899999999998,410.9699999999998,963
2026-06-08T17:05:00+00:00,410.9699999999998,411.7599999999998,410.7399999999998,411.1699999999998,786
2026-06-08T17:10:00+00:00,411.1699999999998,412.3799999999998,410.8199999999998,412.3399999999998,761
2026-06-08T17:15:00+00:00,412.3399999999998,412.6999999999998,411.8599999999998,412.6099999999998,829
2026-06-08T17:20:00+00:00,412.6099999999998,413.7699999999998,412.5899999999998,413.74999999999983,940
2026-06-08T17:25:00+00:00,413.74999999999983,415.0699999999998,413.6599999999998,415.0699999999998,995
2026-06-08T17:30:00+00:00,415.0699999999998,416.1299999999998,413.6499999999998,414.6299999999998,1180
2026-06-08T17:35:00+00:00,414.6299999999998,415.05999999999983,413.8599999999998,414.0099999999998,966
2026-06-08T17:40:00+00:00,414.0099999999998,414.2999999999998,413.3599999999998,413.7399999999998,889
2026-06-08T17:45:00+00:00,413.7399999999998,414.9199999999998,413.7399999999998,414.9199999999998,898
2026-06-08T17:50:00+00:00,414.9199999999998,415.0699999999998,414.36999999999983,414.4899999999998,755
2026-06-08T17:55:00+00:00,414.4899999999998,414.9199999999998,413.9799999999998,414.2299999999998,716
2026-06-08T18:00:00+00:00,414.2299999999998,414.9599999999998,414.2199999999998,414.3799999999998,758
2026-06-08T18:05:00+00:00,414.3799999999998,415.6699999999998,414.36999999999983,415.5499999999998,768
2026-06-08T18:10:00+00:00,415.5499999999998,415.6299999999998,414.8799999999998,415.1299999999998,809
2026-06-08T18:15:00+00:00,415.1299999999998,416.3999999999998,415.1299999999998,416.0199999999998,801
2026-06-08T18:20:00+00:00,416.0199999999998,416.4399999999998,415.6899999999998,415.8299999999998,680
2026-06-08T18:25:00+00:00,415.8299999999998,416.4899999999998,415.6399999999998,416.1899999999998,645
2026-06-08T18:30:00+00:00,416.1899999999998,417.2699999999998,416.11999999999983,417.05999999999983,815
2026-06-08T18:35:00+00:00,417.05999999999983,417.0799999999998,416.3599999999998,416.4499999999998,798
2026-06-08T18:40:00+00:00,416.4499999999998,416.86999999999983,415.7299999999998,416.4099999999998,908
2026-06-08T18:45:00+00:00,416.4099999999998,416.6899999999998,415.7999999999998,416.3599999999998,876
2026-06-08T18:50:00+00:00,416.3599999999998,416.7199999999998,415.9599999999998,416.4599999999998,786
2026-06-08T18:55:00+00:00,416.4599999999998,416.8599999999998,415.99999999999983,416.1499999999998,721
2026-06-08T19:00:00+00:00,416.1499999999998,416.3399999999998,415.5099999999998,415.9399999999998,676
2026-06-08T19:05:00+00:00,415.9399999999998,416.11999999999983,414.3499999999998,414.3599999999998,644
2026-06-08T19:10:00+00:00,414.3599999999998,414.36999999999983,413.61999999999983,413.6399999999998,877
2026-06-08T19:15:00+00:00,413.6399999999998,413.9799999999998,413.3399999999998,413.8199999999998,766
2026-06-08T19:20:00+00:00,413.8199999999998,414.2899999999998,413.0899999999998,413.2399999999998,708
2026-06-08T19:25:00+00:00,413.2399999999998,413.92999999999984,413.0499999999998,413.8299999999998,620
2026-06-08T19:30:00+00:00,413.8299999999998,414.5999999999998,413.6599999999998,414.3899999999998,750
2026-06-08T19:35:00+00:00,414.3899999999998,414.92999999999984,413.9799999999998,414.8399999999998,667
2026-06-08T19:40:00+00:00,414.8399999999998,414.8399999999998,413.4399999999998,413.74999999999983,780
2026-06-08T19:45:00+00:00,413.74999999999983,414.0499999999998,412.8999999999998,413.1499999999998,805
2026-06-08T19:50:00+00:00,413.1499999999998,413.8599999999998,411.9399999999998,413.8599999999998,1127
2026-06-08T19:55:00+00:00,413.8599999999998,413.92999999999984,411.9699999999998,413.4099999999998,1524
2026-06-09T13:30:00+00:00,413.4099999999998,420.6499999999998,413.4099999999998,420.6099999999998,1642
2026-06-09T13:35:00+00:00,420.6099999999998,422.7999999999998,419.1899999999998,419.36999999999983,2084
2026-06-09T13:40:00+00:00,419.36999999999983,419.4899999999998,415.5199999999998,416.42999999999984,1910
2026-06-09T13:45:00+00:00,416.42999999999984,419.7899999999998,415.4199999999998,419.49999999999983,1858
2026-06-09T13:50:00+00:00,419.49999999999983,419.5799999999998,416.1099999999998,416.1299999999998,1841
2026-06-09T13:55:00+00:00,416.1299999999998,416.8899999999998,415.5299999999998,415.74999999999983,1522
2026-06-09T14:00:00+00:00,415.74999999999983,418.1999999999998,415.3899999999998,415.5299999999998,1584
2026-06-09T14:05:00+00:00,415.5299999999998,416.6899999999998,414.0399999999998,414.0699999999998,1590
2026-06-09T14:10:00+00:00,414.0699999999998,414.5799999999998,412.74999999999983,413.1099999999998,2081
2026-06-09T14:15:00+00:00,413.1099999999998,413.7199999999998,411.0099999999998,411.7299999999998,2219
2026-06-09T14:20:00+00:00,411.7299999999998,412.0999999999998,409.9399999999998,411.7299999999998,2242
2026-06-09T14:25:00+00:00,411.7299999999998,412.8799999999998,411.2299999999998,411.7199999999998,1921
2026-06-09T14:30:00+00:00,411.7199999999998,412.05999999999983,410.6599999999998,411.49999999999983,1802
2026-06-09T14:35:00+00:00,411.49999999999983,413.0199999999998,411.1099999999998,412.24999999999983,1768
2026-06-09T14:40:00+00:00,412.24999999999983,412.7099999999998,409.7799999999998,410.3599999999998,1710
2026-06-09T14:45:00+00:00,410.3599999999998,410.9899999999998,406.4399999999998,406.5999999999998,2255
2026-06-09T14:50:00+00:00,406.5999999999998,407.6099999999998,405.9399999999998,407.17999999999984,2261
2026-06-09T14:55:00+00:00,407.17999999999984,407.4799999999998,405.9899999999998,407.1499999999998,1139
2026-06-09T15:00:00+00:00,407.1499999999998,407.2299999999998,406.0399999999998,406.17999999999984,981
2026-06-09T15:05:00+00:00,406.17999999999984,406.3999999999998,405.3499999999998,406.3899999999998,956
2026-06-09T15:10:00+00:00,406.3899999999998,406.8499999999998,404.74999999999983,405.2799999999998,939
2026-06-09T15:15:00+00:00,405.2799999999998,405.30999999999983,402.8799999999998,402.9699999999998,1058
2026-06-09T15:20:00+00:00,402.9699999999998,403.5299999999998,401.0199999999998,401.1599999999998,1070
2026-06-09T15:25:00+00:00,401.1599999999998,401.4199999999998,398.2599999999998,398.4199999999998,1384
2026-06-09T15:30:00+00:00,398.4199999999998,399.42999999999984,397.7399999999998,398.7799999999998,1534
2026-06-09T15:35:00+00:00,398.7799999999998,398.9499999999998,397.3599999999998,398.0999999999998,1288
2026-06-09T15:40:00+00:00,398.0999999999998,399.7599999999998,397.8499999999998,398.9499999999998,1722
2026-06-09T15:45:00+00:00,398.9499999999998,399.7199999999998,398.6499999999998,399.36999999999983,1750
2026-06-09T15:50:00+00:00,399.36999999999983,400.5099999999998,398.4399999999998,398.4599999999998,1835
2026-06-09T15:55:00+00:00,398.4599999999998,398.7099999999998,396.0899999999998,396.4799999999998,1923
2026-06-09T16:00:00+00:00,396.4799999999998,398.1299999999998,396.4699999999998,396.61999999999983,1778
2026-06-09T16:05:00+00:00,396.61999999999983,396.86999999999983,394.3499999999998,394.8999999999998,1895
2026-06-09T16:10:00+00:00,394.8999999999998,396.1499999999998,394.4099999999998,395.3799999999998,1485
2026-06-09T16:15:00+00:00,395.3799999999998,395.5299999999998,391.9399999999998,392.4399999999998,1320
2026-06-09T16:20:00+00:00,392.4399999999998,394.0999999999998,391.4899999999998,393.8999999999998,1454
2026-06-09T16:25:00+00:00,393.8999999999998,395.0399999999998,393.0499999999998,393.2599999999998,1167
2026-06-09T16:30:00+00:00,393.2599999999998,394.3399999999998,392.11999999999983,393.05999999999983,1272
2026-06-09T16:35:00+00:00,393.05999999999983,394.4699999999998,389.2199999999998,389.4399999999998,2596
2026-06-09T16:40:00+00:00,389.4399999999998,390.9399999999998,388.5899999999998,390.7699999999998,2912
2026-06-09T16:45:00+00:00,390.7699999999998,391.7699999999998,389.67999999999984,390.7099999999998,2341
2026-06-09T16:50:00+00:00,390.7099999999998,391.0899999999998,389.2399999999998,389.6599999999998,2010
2026-06-09T16:55:00+00:00,389.6599999999998,392.6099999999998,389.3899999999998,392.4799999999998,2085
2026-06-09T17:00:00+00:00,392.4799999999998,394.9699999999998,391.9599999999998,394.80999999999983,2160
2026-06-09T17:05:00+00:00,394.80999999999983,395.0799999999998,393.4499999999998,394.5499999999998,2026
2026-06-09T17:10:00+00:00,394.5499999999998,395.4099999999998,393.0199999999998,395.2399999999998,1944
2026-06-09T17:15:00+00:00,395.2399999999998,396.1399999999998,394.1699999999998,395.92999999999984,1889
2026-06-09T17:20:00+00:00,395.92999999999984,397.0899999999998,395.6699999999998,396.4199999999998,1807
2026-06-09T17:25:00+00:00,396.4199999999998,397.4599999999998,395.8399999999998,396.9099999999998,1737
2026-06-09T17:30:00+00:00,396.9099999999998,398.0899999999998,396.55999999999983,397.80999999999983,1672
2026-06-09T17:35:00+00:00,397.80999999999983,398.6899999999998,397.3399999999998,398.0399999999998,1414
2026-06-09T17:40:00+00:00,398.0399999999998,399.9099999999998,397.8799999999998,398.99999999999983,1365
2026-06-09T17:45:00+00:00,398.99999999999983,399.3299999999998,396.4399999999998,396.6699999999998,2146
2026-06-09T17:50:00+00:00,396.6699999999998,399.7399999999998,396.5899999999998,399.7099999999998,1989
2026-06-09T17:55:00+00:00,399.7099999999998,400.3399999999998,399.36999999999983,399.7599999999998,1514
2026-06-09T18:00:00+00:00,399.7599999999998,400.36999999999983,399.2899999999998,399.5999999999998,1599
2026-06-09T18:05:00+00:00,399.5999999999998,400.2899999999998,399.4399999999998,400.0699999999998,1481
2026-06-09T18:10:00+00:00,400.0699999999998,400.0699999999998,399.2799999999998,399.6299999999998,1569
2026-06-09T18:15:00+00:00,399.6299999999998,400.8999999999998,399.1499999999998,400.8299999999998,1561
2026-06-09T18:20:00+00:00,400.8299999999998,401.0399999999998,399.7399999999998,400.61999999999983,1464
2026-06-09T18:25:00+00:00,400.61999999999983,400.7799999999998,399.8899999999998,400.5699999999998,1332
2026-06-09T18:30:00+00:00,400.5699999999998,401.8499999999998,400.4799999999998,401.30999999999983,1569
2026-06-09T18:35:00+00:00,401.30999999999983,401.8899999999998,401.2599999999998,401.5499999999998,1087
2026-06-09T18:40:00+00:00,401.5499999999998,401.5799999999998,399.0999999999998,399.1599999999998,1305
2026-06-09T18:45:00+00:00,399.1599999999998,400.5199999999998,399.1099999999998,400.4099999999998,1469
2026-06-09T18:50:00+00:00,400.4099999999998,401.1399999999998,400.1499999999998,400.8499999999998,1376
2026-06-09T18:55:00+00:00,400.8499999999998,401.9499999999998,400.5999999999998,401.3199999999998,1212
2026-06-09T19:00:00+00:00,401.3199999999998,401.6899999999998,400.5399999999998,401.6699999999998,1309
2026-06-09T19:05:00+00:00,401.6699999999998,401.8399999999998,400.9499999999998,400.9799999999998,1384
2026-06-09T19:10:00+00:00,400.9799999999998,400.99999999999983,399.9399999999998,400.1599999999998,1468
2026-06-09T19:15:00+00:00,400.1599999999998,400.3599999999998,398.7399999999998,399.4799999999998,2058
2026-06-09T19:20:00+00:00,399.4799999999998,399.9499999999998,398.8899999999998,399.3199999999998,2056
2026-06-09T19:25:00+00:00,399.3199999999998,400.6699999999998,399.1099999999998,400.1099999999998,1941
2026-06-09T19:30:00+00:00,400.1099999999998,400.42999999999984,399.5399999999998,400.3299999999998,1876
2026-06-09T19:35:00+00:00,400.3299999999998,400.3399999999998,399.2799999999998,399.3599999999998,1758
2026-06-09T19:40:00+00:00,399.3599999999998,400.2699999999998,398.4499999999998,399.6399999999998,2270
2026-06-09T19:45:00+00:00,399.6399999999998,400.0099999999998,398.36999999999983,399.1099999999998,1866
2026-06-09T19:50:00+00:00,399.1099999999998,401.3399999999998,399.0899999999998,401.3199999999998,1630
2026-06-09T19:55:00+00:00,401.3199999999998,401.4499999999998,400.2799999999998,400.6699999999998,1638
2026-06-10T13:30:00+00:00,400.6699999999998,400.6699999999998,395.4399999999998,396.1499999999998,1667
2026-06-10T13:35:00+00:00,396.1499999999998,401.2799999999998,395.5699999999998,400.3999999999998,1771
2026-06-10T13:40:00+00:00,400.3999999999998,400.74999999999983,397.8199999999998,400.3999999999998,1614
2026-06-10T13:45:00+00:00,400.3999999999998,400.4699999999998,398.3499999999998,399.8499999999998,1417
2026-06-10T13:50:00+00:00,399.8499999999998,399.8999999999998,396.3499999999998,397.1599999999998,1575
2026-06-10T13:55:00+00:00,397.1599999999998,398.5699999999998,396.0899999999998,396.36999999999983,1418
2026-06-10T14:00:00+00:00,396.36999999999983,397.6999999999998,395.1499999999998,395.7899999999998,1678
2026-06-10T14:05:00+00:00,395.7899999999998,395.7899999999998,393.7399999999998,395.0499999999998,1624
2026-06-10T14:10:00+00:00,395.0499999999998,396.5999999999998,393.7299999999998,393.7299999999998,1517
2026-06-10T14:15:00+00:00,393.7299999999998,394.92999999999984,393.24999999999983,394.67999999999984,1421
2026-06-10T14:20:00+00:00,394.67999999999984,395.8199999999998,394.1899999999998,395.8199999999998,1329
2026-06-10T14:25:00+00:00,395.8199999999998,396.2899999999998,394.7399999999998,395.2999999999998,1326
2026-06-10T14:30:00+00:00,395.2999999999998,395.5999999999998,393.2799999999998,394.6699999999998,1406
2026-06-10T14:35:00+00:00,394.6699999999998,395.3299999999998,393.4399999999998,394.1899999999998,1383
2026-06-10T14:40:00+00:00,394.1899999999998,394.2899999999998,391.3399999999998,391.3399999999998,1527
2026-06-10T14:45:00+00:00,391.3399999999998,392.5399999999998,390.3399999999998,391.0999999999998,1855
2026-06-10T14:50:00+00:00,391.0999999999998,391.5899999999998,390.5699999999998,391.2199999999998,1803
2026-06-10T14:55:00+00:00,391.2199999999998,391.4899999999998,389.0899999999998,389.6199999999998,1673.597070738548
2026-06-10T15:00:00+00:00,389.6199999999998,390.96999999999974,389.02999999999975,389.64999999999975,1736
2026-06-10T15:05:00+00:00,389.64999999999975,389.84999999999974,388.90999999999974,388.94999999999976,1362
2026-06-10T15:10:00+00:00,388.94999999999976,389.58999999999975,388.22999999999973,388.63999999999976,1688
2026-06-10T15:15:00+00:00,388.63999999999976,388.81999999999977,387.47999999999973,388.25999999999976,1614
2026-06-10T15:20:00+00:00,388.25999999999976,390.59999999999974,388.0599999999998,390.18999999999977,1808
2026-06-10T15:25:00+00:00,390.18999999999977,390.32999999999976,389.4299999999998,389.4299999999998,1625
2026-06-10T15:30:00+00:00,389.4299999999998,390.62999999999977,389.20999999999975,389.82999999999976,1735
2026-06-10T15:35:00+00:00,389.82999999999976,390.8599999999998,389.57999999999976,390.64999999999975,1633
2026-06-10T15:40:00+00:00,390.64999999999975,391.9299999999998,390.20999999999975,391.59999999999974,1474
2026-06-10T15:45:00+00:00,391.59999999999974,391.87999999999977,388.02999999999975,388.69999999999976,2438
2026-06-10T15:50:00+00:00,388.69999999999976,390.08999999999975,387.02999999999975,389.39999999999975,2249
2026-06-10T15:55:00+00:00,389.39999999999975,390.76999999999975,388.57999999999976,390.69999999999976,1486
2026-06-10T16:00:00+00:00,390.69999999999976,390.9899999999998,389.12999999999977,390.1199999999998,1581
2026-06-10T16:05:00+00:00,390.1199999999998,390.5599999999998,388.97999999999973,389.3599999999998,1350
2026-06-10T16:10:00+00:00,389.3599999999998,389.40999999999974,388.5499999999998,388.8099999999998,1346
2026-06-10T16:15:00+00:00,388.8099999999998,389.62999999999977,388.65999999999974,388.95999999999975,1151
2026-06-10T16:20:00+00:00,388.95999999999975,389.28999999999974,388.21999999999974,388.22999999999973,1302
2026-06-10T16:25:00+00:00,388.22999999999973,389.26999999999975,388.09999999999974,388.76999999999975,1226
2026-06-10T16:30:00+00:00,388.76999999999975,389.33999999999975,388.03999999999974,389.28999999999974,1099
2026-06-10T16:35:00+00:00,389.28999999999974,390.33999999999975,388.6799999999998,389.64999999999975,1582
2026-06-10T16:40:00+00:00,389.64999999999975,389.9999999999998,387.4999999999998,387.51999999999975,1357
2026-06-10T16:45:00+00:00,387.51999999999975,387.51999999999975,385.62999999999977,386.0499999999998,1391
2026-06-10T16:50:00+00:00,386.0499999999998,387.2999999999998,385.63999999999976,387.1699999999998,1317
2026-06-10T16:55:00+00:00,387.1699999999998,387.76999999999975,386.58999999999975,387.7499999999998,1132
2026-06-10T17:00:00+00:00,387.7499999999998,389.76999999999975,387.57999999999976,389.46999999999974,1138
2026-06-10T17:05:00+00:00,389.46999999999974,389.58999999999975,387.9999999999998,388.20999999999975,1255
2026-06-10T17:10:00+00:00,388.20999999999975,388.37999999999977,387.02999999999975,388.20999999999975,1251
2026-06-10T17:15:00+00:00,388.20999999999975,388.4899999999998,387.7399999999998,388.0499999999998,1046
2026-06-10T17:20:00+00:00,388.0499999999998,388.63999999999976,387.70999999999975,388.34999999999974,977
2026-06-10T17:25:00+00:00,388.34999999999974,388.62999999999977,387.62999999999977,388.1799999999998,1215
2026-06-10T17:30:00+00:00,388.1799999999998,388.38999999999976,387.43999999999977,388.12999999999977,1218
2026-06-10T17:35:00+00:00,388.12999999999977,388.1699999999998,387.06999999999977,387.07999999999976,1097
2026-06-10T17:40:00+00:00,387.07999999999976,387.6199999999998,386.52999999999975,386.57999999999976,979
2026-06-10T17:45:00+00:00,386.57999999999976,389.47999999999973,386.4299999999998,389.27999999999975,1662
2026-06-10T17:50:00+00:00,389.27999999999975,389.3699999999998,388.07999999999976,388.95999999999975,1520
2026-06-10T17:55:00+00:00,388.95999999999975,389.44999999999976,388.81999999999977,389.13999999999976,1102
2026-06-10T18:00:00+00:00,389.13999999999976,389.9299999999998,388.7499999999998,389.65999999999974,1129
2026-06-10T18:05:00+00:00,389.65999999999974,389.8699999999998,388.8099999999998,388.82999999999976,1045
2026-06-10T18:10:00+00:00,388.82999999999976,389.4299999999998,388.7499999999998,388.89999999999975,948
2026-06-10T18:15:00+00:00,388.89999999999975,389.4899999999998,387.62999999999977,387.88999999999976,1323
2026-06-10T18:20:00+00:00,387.88999999999976,388.47999999999973,387.77999999999975,388.37999999999977,1132
2026-06-10T18:25:00+00:00,388.37999999999977,388.52999999999975,387.8699999999998,388.22999999999973,1048
2026-06-10T18:30:00+00:00,388.22999999999973,388.38999999999976,387.6799999999998,388.01999999999975,980
2026-06-10T18:35:00+00:00,388.01999999999975,388.20999999999975,387.12999999999977,387.39999999999975,1144
2026-06-10T18:40:00+00:00,387.39999999999975,387.7499999999998,387.07999999999976,387.39999999999975,1088
2026-06-10T18:45:00+00:00,387.39999999999975,387.5599999999998,387.0499999999998,387.18999999999977,1017
2026-06-10T18:50:00+00:00,387.18999999999977,387.18999999999977,386.1799999999998,386.33999999999975,1425
2026-06-10T18:55:00+00:00,386.33999999999975,386.56999999999977,385.9299999999998,386.27999999999975,1143
2026-06-10T19:00:00+00:00,386.27999999999975,387.01999999999975,386.0599999999998,386.3699999999998,1122
2026-06-10T19:05:00+00:00,386.3699999999998,387.14999999999975,386.09999999999974,386.77999999999975,1098
2026-06-10T19:10:00+00:00,386.77999999999975,386.88999999999976,385.53999999999974,385.7399999999998,1138
2026-06-10T19:15:00+00:00,385.7399999999998,385.8099999999998,384.7999999999998,384.82999999999976,1112
2026-06-10T19:20:00+00:00,384.82999999999976,385.1199999999998,384.51999999999975,384.9899999999998,1187
2026-06-10T19:25:00+00:00,384.9899999999998,385.57999999999976,384.47999999999973,385.3699999999998,1255
2026-06-10T19:30:00+00:00,385.3699999999998,386.12999999999977,385.03999999999974,385.8599999999998,1414
2026-06-10T19:35:00+00:00,385.8599999999998,387.1699999999998,385.64999999999975,386.8699999999998,1070
2026-06-10T19:40:00+00:00,386.8699999999998,387.33999999999975,386.33999999999975,386.95999999999975,1329
2026-06-10T19:45:00+00:00,386.95999999999975,387.0499999999998,385.94999999999976,386.4299999999998,1187
2026-06-10T19:50:00+00:00,386.4299999999998,387.6199999999998,385.84999999999974,386.50999999999976,1269
2026-06-10T19:55:00+00:00,386.50999999999976,387.15999999999974,385.47999999999973,385.7999999999998,1722
2026-06-11T13:30:00+00:00,385.7999999999998,392.58999999999975,385.4199999999998,385.53999999999974,1431
2026-06-11T13:35:00+00:00,385.53999999999974,387.0499999999998,384.97999999999973,386.5499999999998,1573
2026-06-11T13:40:00+00:00,386.5499999999998,387.6199999999998,384.97999999999973,386.58999999999975,1475
2026-06-11T13:45:00+00:00,386.58999999999975,389.3699999999998,386.46999999999974,388.26999999999975,1527
2026-06-11T13:50:00+00:00,388.26999999999975,392.1199999999998,388.25999999999976,390.75999999999976,1366
2026-06-11T13:55:00+00:00,390.75999999999976,392.71999999999974,390.62999999999977,392.58999999999975,1348
2026-06-11T14:00:00+00:00,392.58999999999975,394.53999999999974,392.12999999999977,392.27999999999975,1380
2026-06-11T14:05:00+00:00,392.27999999999975,393.50999999999976,391.58999999999975,392.0499999999998,1239
2026-06-11T14:10:00+00:00,392.0499999999998,392.71999999999974,391.09999999999974,391.6099999999998,1334
2026-06-11T14:15:00+00:00,391.6099999999998,392.06999999999977,389.12999999999977,389.82999999999976,1371
2026-06-11T14:20:00+00:00,389.82999999999976,393.39999999999975,389.5599999999998,392.1199999999998,1317
2026-06-11T14:25:00+00:00,392.1199999999998,393.12999999999977,391.22999999999973,392.9899999999998,1180
2026-06-11T14:30:00+00:00,392.9899999999998,393.12999999999977,390.72999999999973,391.22999999999973,1201
2026-06-11T14:35:00+00:00,391.22999999999973,392.69999999999976,390.95999999999975,391.83999999999975,1114
2026-06-11T14:40:00+00:00,391.83999999999975,392.4199999999998,390.57999999999976,390.57999999999976,1015
2026-06-11T14:45:00+00:00,390.57999999999976,391.58999999999975,389.9299999999998,390.1699999999998,1041
2026-06-11T14:50:00+00:00,390.1699999999998,390.82999999999976,389.7499999999998,389.96999999999974,947
2026-06-11T14:55:00+00:00,389.96999999999974,390.09999999999974,388.02999999999975,388.90999999999974,1103
2026-06-11T15:00:00+00:00,388.90999999999974,389.63999999999976,387.82999999999976,389.26999999999975,1221
2026-06-11T15:05:00+00:00,389.26999999999975,390.94999999999976,388.96999999999974,390.0599999999998,1149
2026-06-11T15:10:00+00:00,390.0599999999998,390.5499999999998,389.58999999999975,389.9299999999998,1055
2026-06-11T15:15:00+00:00,389.9299999999998,390.78999999999974,389.07999999999976,389.9999999999998,965
2026-06-11T15:20:00+00:00,389.9999999999998,391.52999999999975,389.9299999999998,391.1099999999998,967
2026-06-11T15:25:00+00:00,391.1099999999998,391.13999999999976,389.56999999999977,389.9999999999998,1020
2026-06-11T15:30:00+00:00,389.9999999999998,390.50999999999976,389.52999999999975,389.84999999999974,1026
2026-06-11T15:35:00+00:00,389.84999999999974,390.81999999999977,389.63999999999976,389.76999999999975,995
2026-06-11T15:40:00+00:00,389.76999999999975,390.8699999999998,389.3099999999998,389.65999999999974,863
2026-06-11T15:45:00+00:00,389.65999999999974,390.76999999999975,389.27999999999975,390.20999999999975,906
2026-06-11T15:50:00+00:00,390.20999999999975,390.4199999999998,389.65999999999974,390.01999999999975,702
2026-06-11T15:55:00+00:00,390.01999999999975,391.13999999999976,389.72999999999973,390.52999999999975,923
2026-06-11T16:00:00+00:00,390.52999999999975,391.65999999999974,390.4899999999998,390.78999999999974,1045
2026-06-11T16:05:00+00:00,390.78999999999974,391.5599999999998,390.46999999999974,390.95999999999975,874
2026-06-11T16:10:00+00:00,390.95999999999975,392.1099999999998,390.8099999999998,391.76999999999975,864
2026-06-11T16:15:00+00:00,391.76999999999975,392.26999999999975,391.07999999999976,391.25999999999976,774
2026-06-11T16:20:00+00:00,391.25999999999976,391.5499999999998,389.65999999999974,389.6699999999998,871
2026-06-11T16:25:00+00:00,389.6699999999998,389.96999999999974,389.2499999999998,389.51999999999975,807
2026-06-11T16:30:00+00:00,389.51999999999975,391.50999999999976,389.07999999999976,390.8599999999998,1018
2026-06-11T16:35:00+00:00,390.8599999999998,391.59999999999974,390.0599999999998,390.3599999999998,810
2026-06-11T16:40:00+00:00,390.3599999999998,390.56999999999977,389.7399999999998,390.13999999999976,690
2026-06-11T16:45:00+00:00,390.13999999999976,390.4199999999998,389.72999999999973,389.97999999999973,735
2026-06-11T16:50:00+00:00,389.97999999999973,390.13999999999976,389.1799999999998,389.2999999999998,681
2026-06-11T16:55:00+00:00,389.2999999999998,389.3699999999998,388.69999999999976,388.7499999999998,751
2026-06-11T17:00:00+00:00,388.7499999999998,389.38999999999976,388.38999999999976,388.82999999999976,978
2026-06-11T17:05:00+00:00,388.82999999999976,390.19999999999976,388.69999999999976,390.18999999999977,802
2026-06-11T17:10:00+00:00,390.18999999999977,390.62999999999977,388.9299999999998,389.26999999999975,736
2026-06-11T17:15:00+00:00,389.26999999999975,389.27999999999975,387.81999999999977,388.20999999999975,876
2026-06-11T17:20:00+00:00,388.20999999999975,389.09999999999974,387.9299999999998,389.00999999999976,728
2026-06-11T17:25:00+00:00,389.00999999999976,394.27999999999975,388.8099999999998,394.1799999999998,1396
2026-06-11T17:30:00+00:00,394.1799999999998,397.40999999999974,394.1699999999998,396.52999999999975,1703
2026-06-11T17:35:00+00:00,396.52999999999975,397.18999999999977,395.71999999999974,396.14999999999975,1020
2026-06-11T17:40:00+00:00,396.14999999999975,398.45999999999975,396.09999999999974,398.38999999999976,940
2026-06-11T17:45:00+00:00,398.38999999999976,398.7399999999998,397.1799999999998,397.64999999999975,979
2026-06-11T17:50:00+00:00,397.64999999999975,398.02999999999975,396.3699999999998,397.03999999999974,1060
2026-06-11T17:55:00+00:00,397.03999999999974,397.57999999999976,396.18999999999977,397.4999999999998,1053
2026-06-11T18:00:00+00:00,397.4999999999998,397.95999999999975,394.6799999999998,394.76999999999975,1221
2026-06-11T18:05:00+00:00,394.76999999999975,395.6699999999998,394.47999999999973,395.3599999999998,1052
2026-06-11T18:10:00+00:00,395.3599999999998,396.58999999999975,395.22999999999973,396.51999999999975,892
2026-06-11T18:15:00+00:00,396.51999999999975,397.76999999999975,396.32999999999976,397.6099999999998,926
2026-06-11T18:20:00+00:00,397.6099999999998,397.64999999999975,395.82999999999976,396.6699999999998,989
2026-06-11T18:25:00+00:00,396.6699999999998,396.9999999999998,396.18999999999977,396.56999999999977,722
2026-06-11T18:30:00+00:00,396.56999999999977,397.33999999999975,396.33999999999975,396.46999999999974,709
2026-06-11T18:35:00+00:00,396.46999999999974,397.03999999999974,396.18999999999977,396.4299999999998,701
2026-06-11T18:40:00+00:00,396.4299999999998,397.20999999999975,396.3699999999998,397.0599999999998,733
2026-06-11T18:45:00+00:00,397.0599999999998,397.97999999999973,397.02999999999975,397.72999999999973,677
2026-06-11T18:50:00+00:00,397.72999999999973,398.28999999999974,397.40999999999974,397.5599999999998,717
2026-06-11T18:55:00+00:00,397.5599999999998,397.87999999999977,397.18999999999977,397.64999999999975,712
2026-06-11T19:00:00+00:00,397.64999999999975,398.33999999999975,397.37999999999977,398.18999999999977,703
2026-06-11T19:05:00+00:00,398.18999999999977,398.22999999999973,396.84999999999974,398.02999999999975,845
2026-06-11T19:10:00+00:00,398.02999999999975,399.94999999999976,397.88999999999976,399.70999999999975,1076
2026-06-11T19:15:00+00:00,399.70999999999975,400.19999999999976,398.90999999999974,399.7499999999998,954
2026-06-11T19:20:00+00:00,399.7499999999998,401.1199999999998,399.7399999999998,400.33999999999975,1034
2026-06-11T19:25:00+00:00,400.33999999999975,400.65999999999974,399.9899999999998,400.40999999999974,825
2026-06-11T19:30:00+00:00,400.40999999999974,403.4999999999998,400.38999999999976,403.2399999999998,1542
2026-06-11T19:35:00+00:00,403.2399999999998,403.76999999999975,402.32999999999976,402.53999999999974,1174
2026-06-11T19:40:00+00:00,402.53999999999974,403.37999999999977,402.33999999999975,402.78999999999974,1145
2026-06-11T19:45:00+00:00,402.78999999999974,402.95999999999975,401.84999999999974,401.88999999999976,1093
2026-06-11T19:50:00+00:00,401.88999999999976,403.8099999999998,400.6799999999998,403.1799999999998,1279
2026-06-11T19:55:00+00:00,403.1799999999998,403.7499999999998,402.32999999999976,403.4299999999998,1555
2026-06-12T13:30:00+00:00,403.4299999999998,407.5599999999998,400.82999999999976,404.1199999999998,1695
2026-06-12T13:35:00+00:00,404.1199999999998,408.5599999999998,404.01999999999975,407.2499999999998,1709
2026-06-12T13:40:00+00:00,407.2499999999998,407.9899999999998,400.4299999999998,400.44999999999976,1565
2026-06-12T13:45:00+00:00,400.44999999999976,402.1099999999998,399.1199999999998,401.0599999999998,1603
2026-06-12T13:50:00+00:00,401.0599999999998,402.28999999999974,400.93999999999977,400.9999999999998,1251
2026-06-12T13:55:00+00:00,400.9999999999998,401.70999999999975,398.72999999999973,398.7399999999998,1160
2026-06-12T14:00:00+00:00,398.7399999999998,400.95999999999975,398.65999999999974,399.32999999999976,1288
2026-06-12T14:05:00+00:00,399.32999999999976,401.43999999999977,398.90999999999974,400.19999999999976,1129
2026-06-12T14:10:00+00:00,400.19999999999976,401.94999999999976,399.82999999999976,401.07999999999976,1196
2026-06-12T14:15:00+00:00,401.07999999999976,402.47999999999973,401.00999999999976,401.94999999999976,1195
2026-06-12T14:20:00+00:00,401.94999999999976,403.0599999999998,398.4899999999998,399.83999999999975,1411
2026-06-12T14:25:00+00:00,399.83999999999975,401.26999999999975,399.6799999999998,400.25999999999976,1024
2026-06-12T14:30:00+00:00,400.25999999999976,400.7999999999998,398.5499999999998,398.71999999999974,1394
2026-06-12T14:35:00+00:00,398.71999999999974,402.1799999999998,398.62999999999977,401.38999999999976,1364
2026-06-12T14:40:00+00:00,401.38999999999976,401.50999999999976,397.81999999999977,397.9999999999998,1413
2026-06-12T14:45:00+00:00,397.9999999999998,398.76999999999975,396.2399999999998,396.90999999999974,1416
2026-06-12T14:50:00+00:00,396.90999999999974,401.52999999999975,396.65999999999974,401.3099999999998,1957
2026-06-12T14:55:00+00:00,401.3099999999998,402.53999999999974,400.95999999999975,401.6199999999998,1478.5301297207488
2026-06-12T15:00:00+00:00,401.6199999999998,402.8899999999998,400.50999999999976,400.5299999999998,1212
2026-06-12T15:05:00+00:00,400.5299999999998,401.7499999999998,400.3699999999998,401.1799999999998,1038
2026-06-12T15:10:00+00:00,401.1799999999998,402.1599999999998,401.1499999999998,402.0799999999998,1002
2026-06-12T15:15:00+00:00,402.0799999999998,402.6799999999998,401.00999999999976,402.6799999999998,799
2026-06-12T15:20:00+00:00,402.6799999999998,404.06999999999977,402.00999999999976,403.7899999999998,969
2026-06-12T15:25:00+00:00,403.7899999999998,404.6099999999998,403.7699999999998,404.1399999999998,934
2026-06-12T15:30:00+00:00,404.1399999999998,404.1399999999998,402.43999999999977,402.43999999999977,993
2026-06-12T15:35:00+00:00,402.43999999999977,403.7799999999998,400.8599999999998,401.2799999999998,1408
2026-06-12T15:40:00+00:00,401.2799999999998,401.4499999999998,398.6399999999998,398.7499999999998,1275
2026-06-12T15:45:00+00:00,398.7499999999998,399.3499999999998,395.1099999999998,395.12999999999977,1313
2026-06-12T15:50:00+00:00,395.12999999999977,396.1599999999998,394.6699999999998,395.1199999999998,1386
2026-06-12T15:55:00+00:00,395.1199999999998,395.3999999999998,392.93999999999977,393.5999999999998,1248
2026-06-12T16:00:00+00:00,393.5999999999998,394.8699999999998,391.87999999999977,392.5199999999998,1568
2026-06-12T16:05:00+00:00,392.5199999999998,392.9299999999998,391.5599999999998,391.6699999999998,1221
2026-06-12T16:10:00+00:00,391.6699999999998,394.25999999999976,391.1099999999998,393.4099999999998,1685
2026-06-12T16:15:00+00:00,393.4099999999998,394.9799999999998,393.3499999999998,394.9299999999998,1261
2026-06-12T16:20:00+00:00,394.9299999999998,397.4299999999998,394.0599999999998,397.1399999999998,1216
2026-06-12T16:25:00+00:00,397.1399999999998,400.6999999999998,396.8699999999998,399.2199999999998,1314
2026-06-12T16:30:00+00:00,399.2199999999998,400.7399999999998,398.8599999999998,400.3599999999998,1058
2026-06-12T16:35:00+00:00,400.3599999999998,400.6999999999998,399.3699999999998,400.3599999999998,970
2026-06-12T16:40:00+00:00,400.3599999999998,401.6499999999998,399.7999999999998,400.4899999999998,1040
2026-06-12T16:45:00+00:00,400.4899999999998,402.8399999999998,400.0799999999998,402.62999999999977,977
2026-06-12T16:50:00+00:00,402.62999999999977,403.5399999999998,402.2899999999998,402.6699999999998,1019
2026-06-12T16:55:00+00:00,402.6699999999998,403.62999999999977,401.7099999999998,403.4699999999998,900
2026-06-12T17:00:00+00:00,403.4699999999998,405.4899999999998,403.2299999999998,405.31999999999977,1011
2026-06-12T17:05:00+00:00,405.31999999999977,409.5199999999998,404.8399999999998,408.3899999999998,1407
2026-06-12T17:10:00+00:00,408.3899999999998,408.5899999999998,403.93999999999977,404.3599999999998,1396
2026-06-12T17:15:00+00:00,404.3599999999998,405.3999999999998,404.0599999999998,404.81999999999977,970
2026-06-12T17:20:00+00:00,404.81999999999977,404.8999999999998,403.1399999999998,404.7299999999998,966
2026-06-12T17:25:00+00:00,404.7299999999998,406.5399999999998,404.4099999999998,406.25999999999976,909
2026-06-12T17:30:00+00:00,406.25999999999976,406.6499999999998,404.9699999999998,405.2199999999998,1140
2026-06-12T17:35:00+00:00,405.2199999999998,406.2099999999998,404.4599999999998,406.0899999999998,1042
2026-06-12T17:40:00+00:00,406.0899999999998,406.6399999999998,404.8299999999998,406.1999999999998,888
2026-06-12T17:45:00+00:00,406.1999999999998,406.6499999999998,405.5899999999998,406.3299999999998,856
2026-06-12T17:50:00+00:00,406.3299999999998,406.7699999999998,405.8599999999998,406.6599999999998,713
2026-06-12T17:55:00+00:00,406.6599999999998,407.7199999999998,406.0399999999998,407.56999999999977,974
2026-06-12T18:00:00+00:00,407.56999999999977,407.56999999999977,406.3599999999998,407.0299999999998,922
2026-06-12T18:05:00+00:00,407.0299999999998,408.4199999999998,405.8599999999998,408.2999999999998,944
2026-06-12T18:10:00+00:00,408.2999999999998,408.5999999999998,407.4699999999998,408.0399999999998,897
2026-06-12T18:15:00+00:00,408.0399999999998,408.4599999999998,405.37999999999977,406.3499999999998,1028
2026-06-12T18:20:00+00:00,406.3499999999998,406.4199999999998,404.87999999999977,405.1099999999998,857
2026-06-12T18:25:00+00:00,405.1099999999998,405.9999999999998,404.87999999999977,405.5199999999998,790
2026-06-12T18:30:00+00:00,405.5199999999998,406.0999999999998,404.9999999999998,405.62999999999977,761
2026-06-12T18:35:00+00:00,405.62999999999977,405.7299999999998,405.1399999999998,405.6099999999998,644
2026-06-12T18:40:00+00:00,405.6099999999998,406.8999999999998,405.56999999999977,406.2099999999998,658
2026-06-12T18:45:00+00:00,406.2099999999998,406.3499999999998,404.9999999999998,404.9999999999998,632
2026-06-12T18:50:00+00:00,404.9999999999998,405.4799999999998,404.4299999999998,405.06999999999977,764
2026-06-12T18:55:00+00:00,405.06999999999977,406.1099999999998,404.2199999999998,405.5599999999998,768
2026-06-12T19:00:00+00:00,405.5599999999998,407.3099999999998,405.5299999999998,407.25999999999976,795
2026-06-12T19:05:00+00:00,407.25999999999976,407.5199999999998,406.87999999999977,407.4299999999998,660
2026-06-12T19:10:00+00:00,407.4299999999998,407.4299999999998,406.7799999999998,406.9599999999998,646
2026-06-12T19:15:00+00:00,406.9599999999998,407.3699999999998,405.8599999999998,407.2499999999998,951
2026-06-12T19:20:00+00:00,407.2499999999998,407.2699999999998,405.7699999999998,406.1999999999998,716
2026-06-12T19:25:00+00:00,406.1999999999998,408.00999999999976,406.18999999999977,407.31999999999977,792
2026-06-12T19:30:00+00:00,407.31999999999977,407.7399999999998,406.00999999999976,406.5599999999998,1000
2026-06-12T19:35:00+00:00,406.5599999999998,408.1099999999998,406.1599999999998,406.6699999999998,1150
2026-06-12T19:40:00+00:00,406.6699999999998,408.6799999999998,406.56999999999977,408.2299999999998,997
2026-06-12T19:45:00+00:00,408.2299999999998,408.4599999999998,406.5899999999998,407.4899999999998,875
2026-06-12T19:50:00+00:00,407.4899999999998,408.4699999999998,406.56999999999977,408.1199999999998,973
2026-06-12T19:55:00+00:00,408.1199999999998,411.0999999999998,408.1199999999998,410.9899999999998,1276
2026-06-15T13:30:00+00:00,410.9899999999998,419.31999999999977,410.9899999999998,419.0899999999998,1859
2026-06-15T13:35:00+00:00,419.0899999999998,419.1399999999998,413.0399999999998,413.1199999999998,1831
2026-06-15T13:40:00+00:00,413.1199999999998,416.50999999999976,412.2199999999998,416.3999999999998,1820
2026-06-15T13:45:00+00:00,416.3999999999998,418.5199999999998,416.3599999999998,417.87999999999977,1461
2026-06-15T13:50:00+00:00,417.87999999999977,418.2499999999998,417.0199999999998,417.1599999999998,1273
2026-06-15T13:55:00+00:00,417.1599999999998,418.18999999999977,415.1699999999998,415.43999999999977,1288
2026-06-15T14:00:00+00:00,415.43999999999977,417.3399999999998,415.06999999999977,415.43999999999977,1300
2026-06-15T14:05:00+00:00,415.43999999999977,415.9699999999998,414.06999999999977,415.1499999999998,1219
2026-06-15T14:10:00+00:00,415.1499999999998,416.5899999999998,414.5599999999998,415.5399999999998,1295
2026-06-15T14:15:00+00:00,415.5399999999998,416.0999999999998,415.3599999999998,415.4699999999998,1119
2026-06-15T14:20:00+00:00,415.4699999999998,416.2199999999998,414.7399999999998,415.2799999999998,1107
2026-06-15T14:25:00+00:00,415.2799999999998,416.2799999999998,415.12999999999977,415.6599999999998,956
2026-06-15T14:30:00+00:00,415.6599999999998,416.3699999999998,413.5599999999998,413.9799999999998,1209
2026-06-15T14:35:00+00:00,413.9799999999998,414.2899999999998,413.4099999999998,414.1699999999998,971
2026-06-15T14:40:00+00:00,414.1699999999998,414.1999999999998,412.43999999999977,413.0499999999998,1067
2026-06-15T14:45:00+00:00,413.0499999999998,413.9799999999998,412.8599999999998,413.2199999999998,909
2026-06-15T14:50:00+00:00,413.2199999999998,414.5199999999998,413.1399999999998,413.8999999999998,850
2026-06-15T14:55:00+00:00,413.8999999999998,415.5899999999998,413.62999999999977,414.75999999999976,957
2026-06-15T15:00:00+00:00,414.75999999999976,414.9999999999998,412.0199999999998,412.0299999999998,1055
2026-06-15T15:05:00+00:00,412.0299999999998,412.2399999999998,411.4099999999998,411.9999999999998,967
2026-06-15T15:10:00+00:00,411.9999999999998,413.5399999999998,411.9199999999998,412.4699999999998,931
2026-06-15T15:15:00+00:00,412.4699999999998,413.8599999999998,411.8599999999998,413.6799999999998,833
2026-06-15T15:20:00+00:00,413.6799999999998,415.2699999999998,413.5399999999998,415.1099999999998,823
2026-06-15T15:25:00+00:00,415.1099999999998,415.2499999999998,413.6599999999998,414.1699999999998,747
2026-06-15T15:30:00+00:00,414.1699999999998,415.5899999999998,413.8599999999998,414.1199999999998,884
2026-06-15T15:35:00+00:00,414.1199999999998,414.87999999999977,413.8999999999998,414.6499999999998,742
2026-06-15T15:40:00+00:00,414.6499999999998,415.2899999999998,414.0399999999998,414.2199999999998,768
2026-06-15T15:45:00+00:00,414.2199999999998,414.3699999999998,412.6199999999998,414.06999999999977,831
2026-06-15T15:50:00+00:00,414.06999999999977,414.18999999999977,413.3699999999998,413.5899999999998,624
2026-06-15T15:55:00+00:00,413.5899999999998,414.6399999999998,413.06999999999977,413.1799999999998,681
2026-06-15T16:00:00+00:00,413.1799999999998,413.7499999999998,412.7199999999998,413.37999999999977,806
2026-06-15T16:05:00+00:00,413.37999999999977,414.1799999999998,412.9599999999998,413.0799999999998,848
2026-06-15T16:10:00+00:00,413.0799999999998,414.50999999999976,413.0599999999998,414.3299999999998,761
2026-06-15T16:15:00+00:00,414.3299999999998,415.0999999999998,413.6599999999998,414.4899999999998,691
2026-06-15T16:20:00+00:00,414.4899999999998,415.8699999999998,414.1699999999998,415.3699999999998,825
2026-06-15T16:25:00+00:00,415.3699999999998,415.9599999999998,415.0599999999998,415.7399999999998,614
2026-06-15T16:30:00+00:00,415.7399999999998,416.5299999999998,415.4999999999998,415.6799999999998,693
2026-06-15T16:35:00+00:00,415.6799999999998,416.0299999999998,414.4599999999998,414.4999999999998,735
2026-06-15T16:40:00+00:00,414.4999999999998,414.9299999999998,414.0299999999998,414.37999999999977,617
2026-06-15T16:45:00+00:00,414.37999999999977,414.37999999999977,412.7699999999998,413.00999999999976,750
2026-06-15T16:50:00+00:00,413.00999999999976,413.7499999999998,412.4099999999998,412.68999999999977,744
2026-06-15T16:55:00+00:00,412.68999999999977,413.2299999999998,412.5899999999998,413.12999999999977,606
2026-06-15T17:00:00+00:00,413.12999999999977,414.3699999999998,413.06999999999977,414.0899999999998,730
2026-06-15T17:05:00+00:00,414.0899999999998,414.5999999999998,413.3699999999998,413.4199999999998,721
2026-06-15T17:10:00+00:00,413.4199999999998,414.31999999999977,413.3999999999998,414.2399999999998,534
2026-06-15T17:15:00+00:00,414.2399999999998,414.9599999999998,413.87999999999977,414.8299999999998,519
2026-06-15T17:20:00+00:00,414.8299999999998,414.87999999999977,413.3099999999998,413.9899999999998,604
2026-06-15T17:25:00+00:00,413.9899999999998,414.1399999999998,413.6099999999998,413.7399999999998,521
2026-06-15T17:30:00+00:00,413.7399999999998,415.5999999999998,413.7399999999998,415.0999999999998,854
2026-06-15T17:35:00+00:00,415.0999999999998,416.0799999999998,415.0999999999998,415.2199999999998,733
2026-06-15T17:40:00+00:00,415.2199999999998,415.9599999999998,415.0999999999998,415.6499999999998,678
2026-06-15T17:45:00+00:00,415.6499999999998,416.1499999999998,415.1099999999998,416.0499999999998,686
2026-06-15T17:50:00+00:00,416.0499999999998,416.2399999999998,415.5599999999998,415.7099999999998,635
2026-06-15T17:55:00+00:00,415.7099999999998,415.8899999999998,415.25999999999976,415.4099999999998,584
2026-06-15T18:00:00+00:00,415.4099999999998,415.6099999999998,414.8699999999998,414.8699999999998,703
2026-06-15T18:05:00+00:00,414.8699999999998,415.1799999999998,414.4199999999998,414.50999999999976,639
2026-06-15T18:10:00+00:00,414.50999999999976,415.37999999999977,414.3699999999998,415.37999999999977,619
2026-06-15T18:15:00+00:00,415.37999999999977,415.68999999999977,414.3699999999998,414.6799999999998,601
2026-06-15T18:20:00+00:00,414.6799999999998,415.3999999999998,414.1599999999998,415.18999999999977,611
2026-06-15T18:25:00+00:00,415.18999999999977,415.3499999999998,414.3699999999998,414.37999999999977,507
2026-06-15T18:30:00+00:00,414.37999999999977,415.4199999999998,414.1699999999998,414.5199999999998,670
2026-06-15T18:35:00+00:00,414.5199999999998,414.93999999999977,414.3599999999998,414.6799999999998,545
2026-06-15T18:40:00+00:00,414.6799999999998,414.7299999999998,413.9599999999998,414.0799999999998,540
2026-06-15T18:45:00+00:00,414.0799999999998,414.4899999999998,413.7399999999998,414.1599999999998,511
2026-06-15T18:50:00+00:00,414.1599999999998,414.25999999999976,413.8599999999998,414.0399999999998,504
2026-06-15T18:55:00+00:00,414.0399999999998,414.3299999999998,413.7899999999998,413.8899999999998,510
2026-06-15T19:00:00+00:00,413.8899999999998,414.4899999999998,413.7999999999998,413.8599999999998,539
2026-06-15T19:05:00+00:00,413.8599999999998,414.5399999999998,413.68999999999977,414.4199999999998,439
2026-06-15T19:10:00+00:00,414.4199999999998,414.7699999999998,414.1799999999998,414.4299999999998,499
2026-06-15T19:15:00+00:00,414.4299999999998,415.00999999999976,414.2099999999998,414.5599999999998,556
2026-06-15T19:20:00+00:00,414.5599999999998,414.5999999999998,413.4899999999998,413.4999999999998,578
2026-06-15T19:25:00+00:00,413.4999999999998,414.56999999999977,413.4999999999998,414.00999999999976,509
2026-06-15T19:30:00+00:00,414.00999999999976,414.7199999999998,413.8399999999998,414.2099999999998,549
2026-06-15T19:35:00+00:00,414.2099999999998,414.2999999999998,412.9899999999998,413.3899999999998,617
2026-06-15T19:40:00+00:00,413.3899999999998,413.6199999999998,413.1799999999998,413.3399999999998,489
2026-06-15T19:45:00+00:00,413.3399999999998,413.6399999999998,412.75999999999976,413.3699999999998,594
2026-06-15T19:50:00+00:00,413.3699999999998,413.9799999999998,412.2099999999998,413.7699999999998,990
2026-06-15T19:55:00+00:00,413.7699999999998,415.5999999999998,413.6599999999998,415.5999999999998,1345
2026-06-16T13:30:00+00:00,415.5999999999998,415.5999999999998,404.8599999999998,405.6199999999998,1603
2026-06-16T13:35:00+00:00,405.6199999999998,408.9299999999998,405.4999999999998,408.7299999999998,1458
2026-06-16T13:40:00+00:00,408.7299999999998,413.2799999999998,408.0999999999998,412.6799999999998,1581
2026-06-16T13:45:00+00:00,412.6799999999998,413.43999999999977,411.5499999999998,413.43999999999977,1246
2026-06-16T13:50:00+00:00,413.43999999999977,415.7199999999998,413.3899999999998,414.2299999999998,1474
2026-06-16T13:55:00+00:00,414.2299999999998,416.7499999999998,413.9099999999998,413.9899999999998,1510
2026-06-16T14:00:00+00:00,413.9899999999998,414.6499999999998,411.7299999999998,412.1399999999998,1250
2026-06-16T14:05:00+00:00,412.1399999999998,412.50999999999976,411.0599999999998,411.4299999999998,986
2026-06-16T14:10:00+00:00,411.4299999999998,411.9999999999998,409.6599999999998,410.6699999999998,1089
2026-06-16T14:15:00+00:00,410.6699999999998,410.9899999999998,409.2199999999998,409.3399999999998,1001
2026-06-16T14:20:00+00:00,409.3399999999998,409.7799999999998,407.5199999999998,407.6799999999998,1173
2026-06-16T14:25:00+00:00,407.6799999999998,408.2899999999998,406.4299999999998,407.3099999999998,1059
2026-06-16T14:30:00+00:00,407.3099999999998,407.3699999999998,405.6999999999998,405.8899999999998,1393
2026-06-16T14:35:00+00:00,405.8899999999998,407.4199999999998,405.56999999999977,407.1999999999998,1143
2026-06-16T14:40:00+00:00,407.1999999999998,409.9499999999998,406.8699999999998,409.18999999999977,1127
2026-06-16T14:45:00+00:00,409.18999999999977,410.8699999999998,409.0799999999998,410.6399999999998,1154
2026-06-16T14:50:00+00:00,410.6399999999998,412.5399999999998,410.6199999999998,411.0499999999998,1219
2026-06-16T14:55:00+00:00,411.0499999999998,411.6499999999998,410.0199999999998,411.06999999999977,1150
2026-06-16T15:00:00+00:00,411.06999999999977,414.7699999999998,411.0199999999998,414.2899999999998,1255
2026-06-16T15:05:00+00:00,414.2899999999998,416.00999999999976,412.9599999999998,413.18999999999977,1249
2026-06-16T15:10:00+00:00,413.18999999999977,413.37999999999977,411.3699999999998,411.3699999999998,914
2026-06-16T15:15:00+00:00,411.3699999999998,411.6199999999998,409.9199999999998,410.1199999999998,940
2026-06-16T15:20:00+00:00,410.1199999999998,410.1199999999998,409.1599999999998,409.4099999999998,891
2026-06-16T15:25:00+00:00,409.4099999999998,409.7299999999998,408.8399999999998,409.4999999999998,893
2026-06-16T15:30:00+00:00,409.4999999999998,411.00999999999976,409.4899999999998,410.5899999999998,1013
2026-06-16T15:35:00+00:00,410.5899999999998,411.5399999999998,409.6799999999998,410.1399999999998,917
2026-06-16T15:40:00+00:00,410.1399999999998,411.2699999999998,409.7399999999998,410.4199999999998,896
2026-06-16T15:45:00+00:00,410.4199999999998,410.5799999999998,409.1699999999998,409.4199999999998,986
2026-06-16T15:50:00+00:00,409.4199999999998,411.5799999999998,409.2499999999998,411.4599999999998,929
2026-06-16T15:55:00+00:00,411.4599999999998,411.6499999999998,409.8599999999998,410.2299999999998,806
2026-06-16T16:00:00+00:00,410.2299999999998,411.7399999999998,410.1999999999998,411.2999999999998,851
2026-06-16T16:05:00+00:00,411.2999999999998,411.43999999999977,410.5899999999998,411.06999999999977,808
2026-06-16T16:10:00+00:00,411.06999999999977,411.43999999999977,410.8699999999998,410.9099999999998,622
2026-06-16T16:15:00+00:00,410.9099999999998,411.4999999999998,409.8599999999998,410.8499999999998,743
2026-06-16T16:20:00+00:00,410.8499999999998,411.8499999999998,409.5799999999998,409.5799999999998,707
2026-06-16T16:25:00+00:00,409.5799999999998,409.8399999999998,409.1599999999998,409.50999999999976,576
2026-06-16T16:30:00+00:00,409.50999999999976,409.5199999999998,407.9199999999998,408.4999999999998,837
2026-06-16T16:35:00+00:00,408.4999999999998,408.7699999999998,408.1999999999998,408.5999999999998,584
2026-06-16T16:40:00+00:00,408.5999999999998,409.2799999999998,408.2199999999998,408.8999999999998,607
2026-06-16T16:45:00+00:00,408.8999999999998,409.4699999999998,408.4099999999998,408.9699999999998,657
2026-06-16T16:50:00+00:00,408.9699999999998,409.5599999999998,408.1499999999998,408.37999999999977,734
2026-06-16T16:55:00+00:00,408.37999999999977,409.43999999999977,408.1099999999998,409.43999999999977,639
2026-06-16T17:00:00+00:00,409.43999999999977,409.56999999999977,408.3899999999998,408.7199999999998,613
2026-06-16T17:05:00+00:00,408.7199999999998,409.25999999999976,408.5899999999998,409.06999999999977,577
2026-06-16T17:10:00+00:00,409.06999999999977,409.7899999999998,409.0599999999998,409.6399999999998,497
2026-06-16T17:15:00+00:00,409.6399999999998,409.6399999999998,408.8699999999998,408.9699999999998,518
2026-06-16T17:20:00+00:00,408.9699999999998,409.0399999999998,408.25999999999976,408.9799999999998,587
2026-06-16T17:25:00+00:00,408.9799999999998,409.2799999999998,408.7499999999998,408.9599999999998,568
2026-06-16T17:30:00+00:00,408.9599999999998,409.3899999999998,408.7799999999998,408.9299999999998,551
2026-06-16T17:35:00+00:00,408.9299999999998,408.9699999999998,407.4199999999998,407.7699999999998,752
2026-06-16T17:40:00+00:00,407.7699999999998,409.2299999999998,407.6799999999998,409.06999999999977,650
2026-06-16T17:45:00+00:00,409.06999999999977,409.6699999999998,408.8499999999998,409.6099999999998,668
2026-06-16T17:50:00+00:00,409.6099999999998,409.8899999999998,409.3599999999998,409.5399999999998,630
2026-06-16T17:55:00+00:00,409.5399999999998,409.5499999999998,409.1099999999998,409.2499999999998,478
2026-06-16T18:00:00+00:00,409.2499999999998,409.75999999999976,409.0799999999998,409.4199999999998,543
2026-06-16T18:05:00+00:00,409.4199999999998,409.6799999999998,409.18999999999977,409.4999999999998,411
2026-06-16T18:10:00+00:00,409.4999999999998,409.7299999999998,409.2999999999998,409.4999999999998,455
2026-06-16T18:15:00+00:00,409.4999999999998,410.2199999999998,409.1599999999998,409.9099999999998,637
2026-06-16T18:20:00+00:00,409.9099999999998,410.0999999999998,409.6599999999998,409.9199999999998,451
2026-06-16T18:25:00+00:00,409.9199999999998,410.0499999999998,409.5799999999998,409.8899999999998,445
2026-06-16T18:30:00+00:00,409.8899999999998,410.2799999999998,409.5599999999998,409.6699999999998,502
2026-06-16T18:35:00+00:00,409.6699999999998,409.75999999999976,409.2299999999998,409.6599999999998,529
2026-06-16T18:40:00+00:00,409.6599999999998,409.7399999999998,409.25999999999976,409.3399999999998,444
2026-06-16T18:45:00+00:00,409.3399999999998,409.4999999999998,408.8599999999998,408.9599999999998,663
2026-06-16T18:50:00+00:00,408.9599999999998,409.2199999999998,408.6699999999998,409.1999999999998,583
2026-06-16T18:55:00+00:00,409.1999999999998,409.7299999999998,408.9299999999998,409.4199999999998,480
2026-06-16T19:00:00+00:00,409.4199999999998,409.87999999999977,409.0599999999998,409.5799999999998,547
2026-06-16T19:05:00+00:00,409.5799999999998,410.25999999999976,409.00999999999976,409.9999999999998,558
2026-06-16T19:10:00+00:00,409.9999999999998,410.1799999999998,408.9599999999998,409.6599999999998,735
2026-06-16T19:15:00+00:00,409.6599999999998,409.9799999999998,408.6599999999998,409.9599999999998,864
2026-06-16T19:20:00+00:00,409.9599999999998,410.9799999999998,409.7799999999998,410.9199999999998,771
2026-06-16T19:25:00+00:00,410.9199999999998,411.3899999999998,410.6599999999998,411.3299999999998,710
2026-06-16T19:30:00+00:00,411.3299999999998,411.5999999999998,410.6399999999998,410.7799999999998,789
2026-06-16T19:35:00+00:00,410.7799999999998,411.2199999999998,409.87999999999977,410.2799999999998,856
2026-06-16T19:40:00+00:00,410.2799999999998,410.8699999999998,410.1199999999998,410.7699999999998,761
2026-06-16T19:45:00+00:00,410.7699999999998,411.0299999999998,410.43999999999977,410.7899999999998,758
2026-06-16T19:50:00+00:00,410.7899999999998,411.0499999999998,409.00999999999976,409.2199999999998,1229
2026-06-16T19:55:00+00:00,409.2199999999998,409.3399999999998,407.8599999999998,408.8099999999998,1773
2026-06-17T13:30:00+00:00,408.8099999999998,408.8099999999998,403.7799999999998,404.9199999999998,1839
2026-06-17T13:35:00+00:00,404.9199999999998,407.6799999999998,404.2999999999998,406.9999999999998,2154
2026-06-17T13:40:00+00:00,406.9999999999998,407.3099999999998,404.8899999999998,406.2799999999998,1783
2026-06-17T13:45:00+00:00,406.2799999999998,407.0999999999998,405.75999999999976,405.9299999999998,1754
2026-06-17T13:50:00+00:00,405.9299999999998,406.4799999999998,405.0999999999998,405.6999999999998,1662
2026-06-17T13:55:00+00:00,405.6999999999998,405.7199999999998,402.6699999999998,402.8099999999998,1895
2026-06-17T14:00:00+00:00,402.8099999999998,403.43999999999977,402.4899999999998,402.7099999999998,1799
2026-06-17T14:05:00+00:00,402.7099999999998,403.31999999999977,402.1999999999998,402.9999999999998,1925
2026-06-17T14:10:00+00:00,402.9999999999998,405.4999999999998,402.87999999999977,405.2299999999998,2025
2026-06-17T14:15:00+00:00,405.2299999999998,406.0399999999998,404.2399999999998,404.4599999999998,1763
2026-06-17T14:20:00+00:00,404.4599999999998,406.6999999999998,404.3399999999998,406.4699999999998,1650
2026-06-17T14:25:00+00:00,406.4699999999998,407.2499999999998,405.6199999999998,406.0299999999998,1627
2026-06-17T14:30:00+00:00,406.0299999999998,406.1099999999998,404.4999999999998,405.50999999999976,1651
2026-06-17T14:35:00+00:00,405.50999999999976,405.6799999999998,403.5599999999998,404.0399999999998,1588
2026-06-17T14:40:00+00:00,404.0399999999998,404.5499999999998,403.2099999999998,403.7499999999998,1583
2026-06-17T14:45:00+00:00,403.7499999999998,404.3599999999998,401.9999999999998,402.9999999999998,2173
2026-06-17T14:50:00+00:00,402.9999999999998,403.81999999999977,402.0299999999998,403.6099999999998,1737
2026-06-17T14:55:00+00:00,403.6099999999998,404.2199999999998,403.0599999999998,403.9099999999998,1288.4236303800735
2026-06-17T15:00:00+00:00,403.9099999999998,404.3499999999998,403.1499999999998,403.1699999999998,1415
2026-06-17T15:05:00+00:00,403.1699999999998,403.93999999999977,402.1799999999998,402.2499999999998,1480
2026-06-17T15:10:00+00:00,402.2499999999998,403.0999999999998,402.0299999999998,402.57999999999976,1331
2026-06-17T15:15:00+00:00,402.57999999999976,402.7999999999998,402.13999999999976,402.5399999999998,1345
2026-06-17T15:20:00+00:00,402.5399999999998,403.06999999999977,402.37999999999977,402.7099999999998,1207
2026-06-17T15:25:00+00:00,402.7099999999998,403.2399999999998,402.50999999999976,403.0899999999998,1117
2026-06-17T15:30:00+00:00,403.0899999999998,404.1199999999998,402.8999999999998,404.1099999999998,1097
2026-06-17T15:35:00+00:00,404.1099999999998,404.3999999999998,403.38999999999976,403.9699999999998,1154
2026-06-17T15:40:00+00:00,403.9699999999998,405.00999999999976,403.1499999999998,404.8599999999998,1077
2026-06-17T15:45:00+00:00,404.8599999999998,404.9999999999998,403.9599999999998,403.9799999999998,969
2026-06-17T15:50:00+00:00,403.9799999999998,404.3999999999998,403.57999999999976,404.2399999999998,1009
2026-06-17T15:55:00+00:00,404.2399999999998,405.69999999999976,403.9799999999998,405.3699999999998,1036
2026-06-17T16:00:00+00:00,405.3699999999998,406.1799999999998,405.25999999999976,405.81999999999977,1101
2026-06-17T16:05:00+00:00,405.81999999999977,406.3699999999998,405.4299999999998,406.25999999999976,977
2026-06-17T16:10:00+00:00,406.25999999999976,407.69999999999976,406.13999999999976,407.50999999999976,1066
2026-06-17T16:15:00+00:00,407.50999999999976,407.56999999999977,406.7399999999998,407.0299999999998,1016
2026-06-17T16:20:00+00:00,407.0299999999998,409.50999999999976,406.9299999999998,409.1099999999998,1238
2026-06-17T16:25:00+00:00,409.1099999999998,409.3699999999998,408.5299999999998,409.00999999999976,1318
2026-06-17T16:30:00+00:00,409.00999999999976,409.37999999999977,408.0899999999998,408.9199999999998,1334
2026-06-17T16:35:00+00:00,408.9199999999998,409.00999999999976,407.9299999999998,408.2799999999998,1096
2026-06-17T16:40:00+00:00,408.2799999999998,408.3499999999998,407.7799999999998,407.93999999999977,961
2026-06-17T16:45:00+00:00,407.93999999999977,407.93999999999977,406.9999999999998,407.1499999999998,973
2026-06-17T16:50:00+00:00,407.1499999999998,408.0999999999998,407.0199999999998,407.7799999999998,889
2026-06-17T16:55:00+00:00,407.7799999999998,408.75999999999976,407.75999999999976,408.2099999999998,1009
2026-06-17T17:00:00+00:00,408.2099999999998,408.31999999999977,407.5299999999998,408.1199999999998,929
2026-06-17T17:05:00+00:00,408.1199999999998,408.63999999999976,407.2899999999998,407.9699999999998,1162
2026-06-17T17:10:00+00:00,407.9699999999998,408.5499999999998,407.7399999999998,407.7399999999998,898
2026-06-17T17:15:00+00:00,407.7399999999998,408.4999999999998,407.31999999999977,407.9799999999998,961
2026-06-17T17:20:00+00:00,407.9799999999998,408.6599999999998,407.87999999999977,408.5299999999998,914
2026-06-17T17:25:00+00:00,408.5299999999998,409.9099999999998,408.2799999999998,408.6499999999998,1060
2026-06-17T17:30:00+00:00,408.6499999999998,409.1799999999998,408.13999999999976,408.18999999999977,890
2026-06-17T17:35:00+00:00,408.18999999999977,408.68999999999977,407.9299999999998,408.5499999999998,675
2026-06-17T17:40:00+00:00,408.5499999999998,408.88999999999976,408.3699999999998,408.6199999999998,714
2026-06-17T17:45:00+00:00,408.6199999999998,408.75999999999976,408.1199999999998,408.25999999999976,810
2026-06-17T17:50:00+00:00,408.25999999999976,409.18999999999977,408.12999999999977,408.94999999999976,837
2026-06-17T17:55:00+00:00,408.94999999999976,409.5499999999998,408.4299999999998,408.93999999999977,788
2026-06-17T18:00:00+00:00,408.93999999999977,409.1099999999998,404.5299999999998,404.5499999999998,2448
2026-06-17T18:05:00+00:00,404.5499999999998,406.13999999999976,402.7099999999998,405.93999999999977,3092
2026-06-17T18:10:00+00:00,405.93999999999977,407.2399999999998,405.62999999999977,406.6699999999998,2193
2026-06-17T18:15:00+00:00,406.6699999999998,407.6699999999998,406.5399999999998,407.3399999999998,1878
2026-06-17T18:20:00+00:00,407.3399999999998,407.4999999999998,406.0299999999998,406.13999999999976,1740
2026-06-17T18:25:00+00:00,406.13999999999976,406.1599999999998,404.4299999999998,405.63999999999976,1933
2026-06-17T18:30:00+00:00,405.63999999999976,406.8699999999998,404.5399999999998,404.8399999999998,2327
2026-06-17T18:35:00+00:00,404.8399999999998,407.4799999999998,404.63999999999976,407.00999999999976,2088
2026-06-17T18:40:00+00:00,407.00999999999976,408.63999999999976,406.4599999999998,408.2299999999998,2105
2026-06-17T18:45:00+00:00,408.2299999999998,408.2799999999998,407.1499999999998,407.44999999999976,1910
2026-06-17T18:50:00+00:00,407.44999999999976,407.81999999999977,406.9799999999998,407.0499999999998,1780
2026-06-17T18:55:00+00:00,407.0499999999998,407.1099999999998,404.3099999999998,404.9999999999998,2318
2026-06-17T19:00:00+00:00,404.9999999999998,405.94999999999976,404.4799999999998,405.12999999999977,2558
2026-06-17T19:05:00+00:00,405.12999999999977,405.7099999999998,404.2299999999998,404.56999999999977,2019
2026-06-17T19:10:00+00:00,404.56999999999977,405.6699999999998,403.43999999999977,405.31999999999977,2026
2026-06-17T19:15:00+00:00,405.31999999999977,405.5199999999998,403.9299999999998,403.93999999999977,1768
2026-06-17T19:20:00+00:00,403.93999999999977,403.94999999999976,401.82999999999976,401.8699999999998,2303
2026-06-17T19:25:00+00:00,401.8699999999998,403.1599999999998,401.8599999999998,402.1599999999998,1906
2026-06-17T19:30:00+00:00,402.1599999999998,402.8099999999998,400.43999999999977,400.4599999999998,2232
2026-06-17T19:35:00+00:00,400.4599999999998,401.1099999999998,398.5399999999998,398.87999999999977,2267
2026-06-17T19:40:00+00:00,398.87999999999977,399.2099999999998,398.1499999999998,398.6799999999998,2583
2026-06-17T19:45:00+00:00,398.6799999999998,400.3099999999998,398.5199999999998,399.94999999999976,2309
2026-06-17T19:50:00+00:00,399.94999999999976,399.94999999999976,398.5499999999998,398.6799999999998,2018
2026-06-17T19:55:00+00:00,398.6799999999998,401.0499999999998,398.57999999999976,400.94999999999976,2044
2026-06-18T13:30:00+00:00,400.94999999999976,403.2499999999998,395.82999999999976,395.87999999999977,2369
2026-06-18T13:35:00+00:00,395.87999999999977,397.3399999999998,394.12999999999977,394.94999999999976,2823
2026-06-18T13:40:00+00:00,394.94999999999976,395.6099999999998,392.5499999999998,392.5599999999998,2541
2026-06-18T13:45:00+00:00,392.5599999999998,394.9099999999998,392.2299999999998,393.4799999999998,2503
2026-06-18T13:50:00+00:00,393.4799999999998,394.7799999999998,392.81999999999977,392.9299999999998,2303
2026-06-18T13:55:00+00:00,392.9299999999998,393.7999999999998,391.2099999999998,392.93999999999977,2451
2026-06-18T14:00:00+00:00,392.93999999999977,394.69999999999976,392.2299999999998,394.4299999999998,2326
2026-06-18T14:05:00+00:00,394.4299999999998,395.9999999999998,394.2299999999998,395.6499999999998,2093
2026-06-18T14:10:00+00:00,395.6499999999998,395.6599999999998,393.1599999999998,393.7299999999998,2104
2026-06-18T14:15:00+00:00,393.7299999999998,395.6499999999998,392.9699999999998,395.4299999999998,1979
2026-06-18T14:20:00+00:00,395.4299999999998,395.87999999999977,394.2199999999998,394.2199999999998,1946
2026-06-18T14:25:00+00:00,394.2199999999998,394.25999999999976,389.82999999999976,390.5599999999998,2426
2026-06-18T14:30:00+00:00,390.5599999999998,390.57999999999976,389.12999999999977,389.9099999999998,2226
2026-06-18T14:35:00+00:00,389.9099999999998,392.56999999999977,389.43999999999977,392.43999999999977,2151
2026-06-18T14:40:00+00:00,392.43999999999977,392.5499999999998,390.8399999999998,391.2999999999998,1911
2026-06-18T14:45:00+00:00,391.2999999999998,393.1199999999998,391.13999999999976,393.00999999999976,1468
2026-06-18T14:50:00+00:00,393.00999999999976,394.00999999999976,392.4299999999998,392.68999999999977,1718
2026-06-18T14:55:00+00:00,392.68999999999977,393.31999999999977,392.3099999999998,392.8099999999998,1577.8483694199413
2026-06-18T15:00:00+00:00,392.8099999999998,393.5399999999998,392.32999999999976,393.27999999999975,1828
2026-06-18T15:05:00+00:00,393.27999999999975,394.4899999999998,393.0599999999998,393.9199999999998,1500
2026-06-18T15:10:00+00:00,393.9199999999998,394.7299999999998,393.44999999999976,393.6699999999998,1522
2026-06-18T15:15:00+00:00,393.6699999999998,394.4799999999998,393.06999999999977,393.1699999999998,1515
2026-06-18T15:20:00+00:00,393.1699999999998,394.51999999999975,393.1199999999998,393.90999999999974,1415
2026-06-18T15:25:00+00:00,393.90999999999974,395.4199999999998,393.71999999999974,394.00999999999976,1631
2026-06-18T15:30:00+00:00,394.00999999999976,394.32999999999976,392.56999999999977,393.7499999999998,1609
2026-06-18T15:35:00+00:00,393.7499999999998,393.7499999999998,392.2499999999998,393.4199999999998,1530
2026-06-18T15:40:00+00:00,393.4199999999998,394.07999999999976,392.65999999999974,392.8099999999998,1552
2026-06-18T15:45:00+00:00,392.8099999999998,393.02999999999975,391.84999999999974,392.63999999999976,1558
2026-06-18T15:50:00+00:00,392.63999999999976,394.84999999999974,392.56999999999977,394.7399999999998,1464
2026-06-18T15:55:00+00:00,394.7399999999998,395.87999999999977,394.7399999999998,395.32999999999976,1306
2026-06-18T16:00:00+00:00,395.32999999999976,396.27999999999975,394.95999999999975,396.0499999999998,1383
2026-06-18T16:05:00+00:00,396.0499999999998,397.64999999999975,396.00999999999976,397.4899999999998,1387
2026-06-18T16:10:00+00:00,397.4899999999998,397.6199999999998,396.2899999999998,396.4299999999998,1112
2026-06-18T16:15:00+00:00,396.4299999999998,397.1799999999998,395.96999999999974,397.14999999999975,1235
2026-06-18T16:20:00+00:00,397.14999999999975,397.84999999999974,396.8599999999998,397.2999999999998,1128
2026-06-18T16:25:00+00:00,397.2999999999998,397.62999999999977,396.3599999999998,396.56999999999977,1004
2026-06-18T16:30:00+00:00,396.56999999999977,396.7899999999998,396.06999999999977,396.4199999999998,1010
2026-06-18T16:35:00+00:00,396.4199999999998,397.69999999999976,396.39999999999975,397.6099999999998,1010
2026-06-18T16:40:00+00:00,397.6099999999998,398.14999999999975,396.9299999999998,397.65999999999974,1005
2026-06-18T16:45:00+00:00,397.65999999999974,398.01999999999975,397.44999999999976,397.7399999999998,816
2026-06-18T16:50:00+00:00,397.7399999999998,398.2499999999998,397.4899999999998,397.94999999999976,1014
2026-06-18T16:55:00+00:00,397.94999999999976,398.4199999999998,397.77999999999975,398.02999999999975,1189
2026-06-18T17:00:00+00:00,398.02999999999975,398.7999999999998,397.01999999999975,398.6199999999998,1355
2026-06-18T17:05:00+00:00,398.6199999999998,399.87999999999977,398.5599999999998,399.3699999999998,1353
2026-06-18T17:10:00+00:00,399.3699999999998,399.46999999999974,398.1699999999998,398.4299999999998,1048
2026-06-18T17:15:00+00:00,398.4299999999998,399.21999999999974,398.4299999999998,399.14999999999975,843
2026-06-18T17:20:00+00:00,399.14999999999975,399.64999999999975,398.95999999999975,399.4999999999998,878
2026-06-18T17:25:00+00:00,399.4999999999998,400.00999999999976,399.2499999999998,399.58999999999975,924
2026-06-18T17:30:00+00:00,399.58999999999975,401.33999999999975,399.51999999999975,401.27999999999975,1156
2026-06-18T17:35:00+00:00,401.27999999999975,401.57999999999976,400.6199999999998,400.6799999999998,1057
2026-06-18T17:40:00+00:00,400.6799999999998,401.1199999999998,400.37999999999977,400.77999999999975,853
2026-06-18T17:45:00+00:00,400.77999999999975,401.34999999999974,400.50999999999976,400.7999999999998,766
2026-06-18T17:50:00+00:00,400.7999999999998,401.2899999999998,400.39999999999975,400.6799999999998,718
2026-06-18T17:55:00+00:00,400.6799999999998,401.1199999999998,400.0499999999998,400.06999999999977,879
2026-06-18T18:00:00+00:00,400.06999999999977,400.56999999999977,399.09999999999974,400.2899999999998,1246
2026-06-18T18:05:00+00:00,400.2899999999998,400.4299999999998,399.64999999999975,399.95999999999975,875
2026-06-18T18:10:00+00:00,399.95999999999975,400.4899999999998,399.14999999999975,399.94999999999976,1049
2026-06-18T18:15:00+00:00,399.94999999999976,400.0499999999998,398.87999999999977,399.0499999999998,941
2026-06-18T18:20:00+00:00,399.0499999999998,399.87999999999977,398.9199999999998,399.46999999999974,894
2026-06-18T18:25:00+00:00,399.46999999999974,399.58999999999975,398.63999999999976,398.65999999999974,833
2026-06-18T18:30:00+00:00,398.65999999999974,399.4199999999998,398.46999999999974,399.07999999999976,854
2026-06-18T18:35:00+00:00,399.07999999999976,399.6099999999998,398.76999999999975,399.02999999999975,826
2026-06-18T18:40:00+00:00,399.02999999999975,399.2399999999998,398.6799999999998,398.68999999999977,739
2026-06-18T18:45:00+00:00,398.68999999999977,400.0499999999998,398.6799999999998,399.9799999999998,808
2026-06-18T18:50:00+00:00,399.9799999999998,400.0399999999998,399.2499999999998,399.25999999999976,850
2026-06-18T18:55:00+00:00,399.25999999999976,399.63999999999976,398.89999999999975,398.9199999999998,789
2026-06-18T19:00:00+00:00,398.9199999999998,399.2499999999998,398.3699999999998,398.95999999999975,1040
2026-06-18T19:05:00+00:00,398.95999999999975,399.18999999999977,398.25999999999976,398.4899999999998,974
2026-06-18T19:10:00+00:00,398.4899999999998,399.15999999999974,398.1099999999998,398.7899999999998,1090
2026-06-18T19:15:00+00:00,398.7899999999998,400.7399999999998,398.65999999999974,400.7399999999998,984
2026-06-18T19:20:00+00:00,400.7399999999998,400.77999999999975,399.5399999999998,400.37999999999977,1031
2026-06-18T19:25:00+00:00,400.37999999999977,400.5499999999998,399.84999999999974,400.19999999999976,872
2026-06-18T19:30:00+00:00,400.19999999999976,400.4999999999998,399.9299999999998,400.3699999999998,1114
2026-06-18T19:35:00+00:00,400.3699999999998,402.46999999999974,400.3699999999998,402.39999999999975,1052
2026-06-18T19:40:00+00:00,402.39999999999975,403.2299999999998,402.13999999999976,403.1099999999998,1146
2026-06-18T19:45:00+00:00,403.1099999999998,404.1099999999998,402.9999999999998,404.0599999999998,1199
2026-06-18T19:50:00+00:00,404.0599999999998,406.9199999999998,402.7399999999998,406.51999999999975,1736
2026-06-18T19:55:00+00:00,406.51999999999975,406.64999999999975,404.27999999999975,404.68999999999977,2042
2026-06-22T13:30:00+00:00,404.68999999999977,404.68999999999977,398.6099999999998,401.89999999999975,1580
2026-06-22T13:35:00+00:00,401.89999999999975,406.25999999999976,400.9999999999998,406.1199999999998,2210
2026-06-22T13:40:00+00:00,406.1199999999998,407.52999999999975,403.14999999999975,407.1799999999998,2556
2026-06-22T13:45:00+00:00,407.1799999999998,408.26999999999975,406.4999999999998,407.52999999999975,2584
2026-06-22T13:50:00+00:00,407.52999999999975,408.18999999999977,405.71999999999974,406.63999999999976,2342
2026-06-22T13:55:00+00:00,406.63999999999976,411.15999999999974,406.27999999999975,411.1099999999998,2149
2026-06-22T14:00:00+00:00,411.1099999999998,414.9299999999998,410.52999999999975,414.8099999999998,2693
2026-06-22T14:05:00+00:00,414.8099999999998,418.12999999999977,414.8099999999998,417.7499999999998,2730
2026-06-22T14:10:00+00:00,417.7499999999998,419.08999999999975,416.6199999999998,417.7399999999998,2483
2026-06-22T14:15:00+00:00,417.7399999999998,417.90999999999974,415.69999999999976,415.84999999999974,2304
2026-06-22T14:20:00+00:00,415.84999999999974,416.8599999999998,414.18999999999977,414.4899999999998,2404
2026-06-22T14:25:00+00:00,414.4899999999998,415.89999999999975,413.95999999999975,414.14999999999975,2444
2026-06-22T14:30:00+00:00,414.14999999999975,414.6799999999998,413.02999999999975,413.81999999999977,2598
2026-06-22T14:35:00+00:00,413.81999999999977,414.6099999999998,413.06999999999977,413.89999999999975,2394
2026-06-22T14:40:00+00:00,413.89999999999975,415.13999999999976,411.44999999999976,412.33999999999975,2273
2026-06-22T14:45:00+00:00,412.33999999999975,412.68999999999977,409.58999999999975,409.7499999999998,2364
2026-06-22T14:50:00+00:00,409.7499999999998,410.20999999999975,407.06999999999977,407.15999999999974,2272
2026-06-22T14:55:00+00:00,407.15999999999974,409.56999999999977,406.01999999999975,408.9899999999998,2356
2026-06-22T15:00:00+00:00,408.9899999999998,413.58999999999975,408.6799999999998,413.33999999999975,2130
2026-06-22T15:05:00+00:00,413.33999999999975,414.65999999999974,412.5399999999998,413.63999999999976,2263
2026-06-22T15:10:00+00:00,413.63999999999976,415.26999999999975,413.37999999999977,415.2399999999998,1689
2026-06-22T15:15:00+00:00,415.2399999999998,415.9999999999998,413.44999999999976,414.2899999999998,2170
2026-06-22T15:20:00+00:00,414.2899999999998,415.07999999999976,413.76999999999975,414.71999999999974,2034
2026-06-22T15:25:00+00:00,414.71999999999974,415.43999999999977,413.94999999999976,414.20999999999975,1904
2026-06-22T15:30:00+00:00,414.20999999999975,415.38999999999976,413.5499999999998,414.81999999999977,1775
2026-06-22T15:35:00+00:00,414.81999999999977,414.88999999999976,413.44999999999976,414.06999999999977,1573
2026-06-22T15:40:00+00:00,414.06999999999977,414.9199999999998,413.4799999999998,414.2999999999998,1388
2026-06-22T15:45:00+00:00,414.2999999999998,414.68999999999977,412.25999999999976,412.4899999999998,1578
2026-06-22T15:50:00+00:00,412.4899999999998,413.21999999999974,412.2499999999998,412.5599999999998,1573
2026-06-22T15:55:00+00:00,412.5599999999998,413.2499999999998,412.14999999999975,412.25999999999976,1550
2026-06-22T16:00:00+00:00,412.25999999999976,412.65999999999974,411.2499999999998,411.37999999999977,1526
2026-06-22T16:05:00+00:00,411.37999999999977,412.0499999999998,410.94999999999976,412.02999999999975,1537
2026-06-22T16:10:00+00:00,412.02999999999975,413.21999999999974,411.81999999999977,412.83999999999975,1433
2026-06-22T16:15:00+00:00,412.83999999999975,412.90999999999974,411.68999999999977,412.7299999999998,1326
2026-06-22T16:20:00+00:00,412.7299999999998,413.76999999999975,411.25999999999976,411.59999999999974,1412
2026-06-22T16:25:00+00:00,411.59999999999974,411.88999999999976,410.70999999999975,411.58999999999975,1313
2026-06-22T16:30:00+00:00,411.58999999999975,411.9899999999998,411.08999999999975,411.93999999999977,1107
2026-06-22T16:35:00+00:00,411.93999999999977,412.3099999999998,411.5499999999998,412.1099999999998,1080
2026-06-22T16:40:00+00:00,412.1099999999998,412.2299999999998,411.2499999999998,411.33999999999975,1201
2026-06-22T16:45:00+00:00,411.33999999999975,412.01999999999975,410.9999999999998,411.95999999999975,1332
2026-06-22T16:50:00+00:00,411.95999999999975,412.83999999999975,411.89999999999975,412.65999999999974,1041
2026-06-22T16:55:00+00:00,412.65999999999974,412.8599999999998,411.94999999999976,412.59999999999974,1114
2026-06-22T17:00:00+00:00,412.59999999999974,412.88999999999976,412.1699999999998,412.57999999999976,933
2026-06-22T17:05:00+00:00,412.57999999999976,412.6199999999998,411.5499999999998,411.76999999999975,1007
2026-06-22T17:10:00+00:00,411.76999999999975,412.1799999999998,410.57999999999976,411.0599999999998,956
2026-06-22T17:15:00+00:00,411.0599999999998,413.4899999999998,410.89999999999975,413.4799999999998,1033
2026-06-22T17:20:00+00:00,413.4799999999998,413.9899999999998,411.9899999999998,412.20999999999975,1014
2026-06-22T17:25:00+00:00,412.20999999999975,412.25999999999976,411.19999999999976,411.46999999999974,1006
2026-06-22T17:30:00+00:00,411.46999999999974,411.75999999999976,410.70999999999975,411.08999999999975,983
2026-06-22T17:35:00+00:00,411.08999999999975,411.1099999999998,410.00999999999976,410.40999999999974,909
2026-06-22T17:40:00+00:00,410.40999999999974,411.02999999999975,410.2299999999998,410.76999999999975,865
2026-06-22T17:45:00+00:00,410.76999999999975,411.8099999999998,410.6699999999998,411.8099999999998,952
2026-06-22T17:50:00+00:00,411.8099999999998,413.1099999999998,411.65999999999974,413.1099999999998,888
2026-06-22T17:55:00+00:00,413.1099999999998,413.8099999999998,412.0499999999998,412.06999999999977,987
2026-06-22T18:00:00+00:00,412.06999999999977,412.43999999999977,411.46999999999974,411.6799999999998,1020
2026-06-22T18:05:00+00:00,411.6799999999998,412.0599999999998,411.57999999999976,411.82999999999976,752
2026-06-22T18:10:00+00:00,411.82999999999976,412.59999999999974,411.7999999999998,412.46999999999974,688
2026-06-22T18:15:00+00:00,412.46999999999974,412.83999999999975,412.43999999999977,412.4899999999998,672
2026-06-22T18:20:00+00:00,412.4899999999998,412.84999999999974,412.44999999999976,412.4799999999998,730
2026-06-22T18:25:00+00:00,412.4799999999998,412.5399999999998,411.2499999999998,411.4999999999998,767
2026-06-22T18:30:00+00:00,411.4999999999998,412.6199999999998,411.4899999999998,411.90999999999974,951
2026-06-22T18:35:00+00:00,411.90999999999974,412.14999999999975,411.39999999999975,411.83999999999975,703
2026-06-22T18:40:00+00:00,411.83999999999975,411.83999999999975,411.00999999999976,411.15999999999974,811
2026-06-22T18:45:00+00:00,411.15999999999974,411.43999999999977,410.81999999999977,411.2999999999998,878
2026-06-22T18:50:00+00:00,411.2999999999998,411.38999999999976,410.4299999999998,410.77999999999975,879
2026-06-22T18:55:00+00:00,410.77999999999975,410.8599999999998,410.18999999999977,410.26999999999975,888
2026-06-22T19:00:00+00:00,410.26999999999975,411.09999999999974,410.2499999999998,410.59999999999974,824
2026-06-22T19:05:00+00:00,410.59999999999974,410.7399999999998,407.45999999999975,410.00999999999976,1520
2026-06-22T19:10:00+00:00,410.00999999999976,410.8099999999998,409.20999999999975,410.6199999999998,1215
2026-06-22T19:15:00+00:00,410.6199999999998,411.8599999999998,410.50999999999976,411.31999999999977,1352
2026-06-22T19:20:00+00:00,411.31999999999977,411.43999999999977,410.45999999999975,410.95999999999975,1104
2026-06-22T19:25:00+00:00,410.95999999999975,411.14999999999975,410.37999999999977,410.56999999999977,1011
2026-06-22T19:30:00+00:00,410.56999999999977,411.5599999999998,410.50999999999976,411.3099999999998,1046
2026-06-22T19:35:00+00:00,411.3099999999998,411.4999999999998,410.08999999999975,410.1699999999998,969
2026-06-22T19:40:00+00:00,410.1699999999998,410.2899999999998,409.26999999999975,409.77999999999975,918
2026-06-22T19:45:00+00:00,409.77999999999975,409.87999999999977,409.0499999999998,409.1699999999998,978
2026-06-22T19:50:00+00:00,409.1699999999998,411.02999999999975,408.89999999999975,409.8599999999998,1390
2026-06-22T19:55:00+00:00,409.8599999999998,409.8599999999998,409.0499999999998,409.5599999999998,1504
2026-06-23T13:30:00+00:00,409.5599999999998,409.5599999999998,392.95999999999975,394.50999999999976,2119
2026-06-23T13:35:00+00:00,394.50999999999976,395.4299999999998,392.89999999999975,395.1199999999998,2849
2026-06-23T13:40:00+00:00,395.1199999999998,395.2899999999998,392.44999999999976,392.44999999999976,2253
2026-06-23T13:45:00+00:00,392.44999999999976,394.5599999999998,392.09999999999974,393.1799999999998,2619
2026-06-23T13:50:00+00:00,393.1799999999998,393.9199999999998,392.4799999999998,393.09999999999974,2285
2026-06-23T13:55:00+00:00,393.09999999999974,394.06999999999977,391.3599999999998,393.64999999999975,2311
2026-06-23T14:00:00+00:00,393.64999999999975,394.56999999999977,393.09999999999974,393.27999999999975,2245
2026-06-23T14:05:00+00:00,393.27999999999975,394.0499999999998,392.14999999999975,392.7899999999998,2119
2026-06-23T14:10:00+00:00,392.7899999999998,393.34999999999974,390.8099999999998,393.2899999999998,2341
2026-06-23T14:15:00+00:00,393.2899999999998,393.4799999999998,391.2499999999998,392.06999999999977,2066
2026-06-23T14:20:00+00:00,392.06999999999977,392.6799999999998,391.08999999999975,391.2499999999998,2141
2026-06-23T14:25:00+00:00,391.2499999999998,392.5399999999998,390.5499999999998,392.44999999999976,2171
2026-06-23T14:30:00+00:00,392.44999999999976,393.21999999999974,391.87999999999977,392.9999999999998,1929
2026-06-23T14:35:00+00:00,392.9999999999998,394.01999999999975,392.44999999999976,393.01999999999975,2056
2026-06-23T14:40:00+00:00,393.01999999999975,393.20999999999975,391.7499999999998,392.06999999999977,1938
2026-06-23T14:45:00+00:00,392.06999999999977,392.21999999999974,390.50999999999976,391.0499999999998,1994
2026-06-23T14:50:00+00:00,391.0499999999998,391.81999999999977,389.9299999999998,390.13999999999976,2003
2026-06-23T14:55:00+00:00,390.13999999999976,391.0599999999998,389.40999999999974,390.5599999999998,2073
2026-06-23T15:00:00+00:00,390.5599999999998,390.8699999999998,389.95999999999975,390.34999999999974,1852
2026-06-23T15:05:00+00:00,390.34999999999974,390.46999999999974,388.7299999999998,389.62999999999977,1773
2026-06-23T15:10:00+00:00,389.62999999999977,390.25999999999976,389.45999999999975,390.12999999999977,1694
2026-06-23T15:15:00+00:00,390.12999999999977,390.31999999999977,389.0499999999998,389.45999999999975,1582
2026-06-23T15:20:00+00:00,389.45999999999975,389.83999999999975,387.9999999999998,388.08999999999975,1786
2026-06-23T15:25:00+00:00,388.08999999999975,388.62999999999977,387.6799999999998,387.95999999999975,1799
2026-06-23T15:30:00+00:00,387.95999999999975,388.96999999999974,387.7999999999998,388.4899999999998,1704
2026-06-23T15:35:00+00:00,388.4899999999998,388.9199999999998,386.82999999999976,386.9199999999998,1993
2026-06-23T15:40:00+00:00,386.9199999999998,387.34999999999974,386.4999999999998,387.12999999999977,1596
2026-06-23T15:45:00+00:00,387.12999999999977,387.50999999999976,386.90999999999974,387.02999999999975,1447
2026-06-23T15:50:00+00:00,387.02999999999975,388.18999999999977,386.84999999999974,387.58999999999975,1656
2026-06-23T15:55:00+00:00,387.58999999999975,388.18999999999977,387.06999999999977,387.7999999999998,1492
2026-06-23T16:00:00+00:00,387.7999999999998,389.07999999999976,387.71999999999974,389.06999999999977,1393
2026-06-23T16:05:00+00:00,389.06999999999977,389.51999999999975,388.93999999999977,389.26999999999975,1347
2026-06-23T16:10:00+00:00,389.26999999999975,390.02999999999975,389.15999999999974,389.2999999999998,1225
2026-06-23T16:15:00+00:00,389.2999999999998,389.56999999999977,388.5599999999998,388.68999999999977,1467
2026-06-23T16:20:00+00:00,388.68999999999977,388.93999999999977,387.96999999999974,388.75999999999976,1314
2026-06-23T16:25:00+00:00,388.75999999999976,388.7999999999998,387.84999999999974,387.8599999999998,1214
2026-06-23T16:30:00+00:00,387.8599999999998,388.1099999999998,386.81999999999977,387.3599999999998,1419
2026-06-23T16:35:00+00:00,387.3599999999998,388.25999999999976,387.26999999999975,388.2499999999998,1243
2026-06-23T16:40:00+00:00,388.2499999999998,389.62999999999977,388.2399999999998,389.59999999999974,1215
2026-06-23T16:45:00+00:00,389.59999999999974,390.01999999999975,388.8599999999998,389.33999999999975,1222
2026-06-23T16:50:00+00:00,389.33999999999975,389.62999999999977,388.7499999999998,389.32999999999976,1146
2026-06-23T16:55:00+00:00,389.32999999999976,389.8099999999998,388.7899999999998,389.58999999999975,1193
2026-06-23T17:00:00+00:00,389.58999999999975,389.65999999999974,388.32999999999976,388.51999999999975,1222
2026-06-23T17:05:00+00:00,388.51999999999975,389.12999999999977,388.3099999999998,389.0499999999998,1126
2026-06-23T17:10:00+00:00,389.0499999999998,390.09999999999974,388.96999999999974,389.01999999999975,1225
2026-06-23T17:15:00+00:00,389.01999999999975,389.65999999999974,388.8699999999998,389.26999999999975,1157
2026-06-23T17:20:00+00:00,389.26999999999975,389.96999999999974,389.15999999999974,389.71999999999974,1180
2026-06-23T17:25:00+00:00,389.71999999999974,389.9899999999998,389.44999999999976,389.58999999999975,1009
2026-06-23T17:30:00+00:00,389.58999999999975,389.9899999999998,389.02999999999975,389.9899999999998,1139
2026-06-23T17:35:00+00:00,389.9899999999998,390.2299999999998,389.50999999999976,389.50999999999976,1024
2026-06-23T17:40:00+00:00,389.50999999999976,389.51999999999975,388.90999999999974,388.95999999999975,971
2026-06-23T17:45:00+00:00,388.95999999999975,389.07999999999976,388.14999999999975,388.33999999999975,1117
2026-06-23T17:50:00+00:00,388.33999999999975,388.3599999999998,386.9799999999998,387.01999999999975,1015
2026-06-23T17:55:00+00:00,387.01999999999975,387.14999999999975,385.62999999999977,385.64999999999975,1475
2026-06-23T18:00:00+00:00,385.64999999999975,386.82999999999976,385.57999999999976,386.1199999999998,1332
2026-06-23T18:05:00+00:00,386.1199999999998,386.31999999999977,385.2999999999998,385.45999999999975,1208
2026-06-23T18:10:00+00:00,385.45999999999975,386.1099999999998,385.34999999999974,385.95999999999975,1021
2026-06-23T18:15:00+00:00,385.95999999999975,386.19999999999976,385.27999999999975,385.46999999999974,1052
2026-06-23T18:20:00+00:00,385.46999999999974,386.20999999999975,384.9799999999998,386.01999999999975,1178
2026-06-23T18:25:00+00:00,386.01999999999975,386.14999999999975,385.59999999999974,385.90999999999974,903
2026-06-23T18:30:00+00:00,385.90999999999974,386.20999999999975,385.6799999999998,385.7299999999998,958
2026-06-23T18:35:00+00:00,385.7299999999998,385.95999999999975,385.2399999999998,385.5399999999998,944
2026-06-23T18:40:00+00:00,385.5399999999998,385.5399999999998,384.3099999999998,384.31999999999977,1369
2026-06-23T18:45:00+00:00,384.31999999999977,384.4999999999998,383.77999999999975,384.1799999999998,1565
2026-06-23T18:50:00+00:00,384.1799999999998,384.69999999999976,383.62999999999977,384.27999999999975,1353
2026-06-23T18:55:00+00:00,384.27999999999975,384.39999999999975,383.4899999999998,384.1799999999998,1379
2026-06-23T19:00:00+00:00,384.1799999999998,386.21999999999974,383.9999999999998,386.0399999999998,1508
2026-06-23T19:05:00+00:00,386.0399999999998,386.4999999999998,384.7999999999998,384.95999999999975,1690
2026-06-23T19:10:00+00:00,384.95999999999975,385.6199999999998,384.6199999999998,385.46999999999974,1551
2026-06-23T19:15:00+00:00,385.46999999999974,385.4999999999998,384.7999999999998,384.89999999999975,1512
2026-06-23T19:20:00+00:00,384.89999999999975,386.46999999999974,384.34999999999974,385.8699999999998,1741
2026-06-23T19:25:00+00:00,385.8699999999998,386.5499999999998,385.44999999999976,386.0399999999998,1531
2026-06-23T19:30:00+00:00,386.0399999999998,386.4899999999998,385.75999999999976,386.0399999999998,1452
2026-06-23T19:35:00+00:00,386.0399999999998,386.40999999999974,385.94999999999976,386.3099999999998,1479
2026-06-23T19:40:00+00:00,386.3099999999998,386.7999999999998,385.84999999999974,386.12999999999977,1522
2026-06-23T19:45:00+00:00,386.12999999999977,386.2899999999998,385.69999999999976,385.7499999999998,1595
2026-06-23T19:50:00+00:00,385.7499999999998,387.01999999999975,385.14999999999975,386.31999999999977,1371
2026-06-23T19:55:00+00:00,386.31999999999977,386.63999999999976,384.96999999999974,385.76999999999975,2282
2026-06-24T13:30:00+00:00,385.76999999999975,387.63999999999976,383.0599999999998,387.18999999999977,1360
2026-06-24T13:35:00+00:00,387.18999999999977,388.84999999999974,386.93999999999977,388.45999999999975,1521
2026-06-24T13:40:00+00:00,388.45999999999975,388.8699999999998,386.6099999999998,387.82999999999976,1315
2026-06-24T13:45:00+00:00,387.82999999999976,388.2499999999998,385.18999999999977,387.1199999999998,1414
2026-06-24T13:50:00+00:00,387.1199999999998,388.9199999999998,386.5399999999998,387.64999999999975,1170
2026-06-24T13:55:00+00:00,387.64999999999975,387.75999999999976,385.45999999999975,385.7299999999998,1106
2026-06-24T14:00:00+00:00,385.7299999999998,386.07999999999976,383.94999999999976,384.7999999999998,1501
2026-06-24T14:05:00+00:00,384.7999999999998,386.52999999999975,384.76999999999975,385.70999999999975,1407
2026-06-24T14:10:00+00:00,385.70999999999975,387.08999999999975,385.43999999999977,385.7899999999998,1257
2026-06-24T14:15:00+00:00,385.7899999999998,386.18999999999977,384.75999999999976,384.96999999999974,1237
2026-06-24T14:20:00+00:00,384.96999999999974,387.25999999999976,384.18999999999977,386.82999999999976,1473
2026-06-24T14:25:00+00:00,386.82999999999976,387.2899999999998,385.25999999999976,386.4299999999998,1259
2026-06-24T14:30:00+00:00,386.4299999999998,387.59999999999974,385.69999999999976,385.75999999999976,1228
2026-06-24T14:35:00+00:00,385.75999999999976,386.14999999999975,384.57999999999976,384.6699999999998,1247
2026-06-24T14:40:00+00:00,384.6699999999998,385.89999999999975,384.0499999999998,385.70999999999975,1366
2026-06-24T14:45:00+00:00,385.70999999999975,387.88999999999976,385.4799999999998,387.1699999999998,1350
2026-06-24T14:50:00+00:00,387.1699999999998,387.37999999999977,386.19999999999976,386.45999999999975,1166
2026-06-24T14:55:00+00:00,386.45999999999975,387.9699999999998,386.19999999999976,387.87999999999977,1091.2674561673332
2026-06-24T15:00:00+00:00,387.87999999999977,388.0399999999998,386.7399999999998,386.87999999999977,1205
2026-06-24T15:05:00+00:00,386.87999999999977,387.5499999999998,386.8499999999998,386.9599999999998,977
2026-06-24T15:10:00+00:00,386.9599999999998,387.5999999999998,386.44999999999976,387.2399999999998,1193
2026-06-24T15:15:00+00:00,387.2399999999998,388.8599999999998,387.13999999999976,388.2499999999998,1110
2026-06-24T15:20:00+00:00,388.2499999999998,388.3999999999998,387.2899999999998,387.5199999999998,1071
2026-06-24T15:25:00+00:00,387.5199999999998,388.3099999999998,387.2099999999998,388.2699999999998,1116
2026-06-24T15:30:00+00:00,388.2699999999998,388.3999999999998,386.18999999999977,386.25999999999976,1191
2026-06-24T15:35:00+00:00,386.25999999999976,386.50999999999976,385.8999999999998,386.31999999999977,1117
2026-06-24T15:40:00+00:00,386.31999999999977,386.6099999999998,385.88999999999976,386.2799999999998,904
2026-06-24T15:45:00+00:00,386.2799999999998,386.43999999999977,385.3699999999998,386.3499999999998,1156
2026-06-24T15:50:00+00:00,386.3499999999998,386.9099999999998,386.1499999999998,386.2499999999998,925
2026-06-24T15:55:00+00:00,386.2499999999998,386.56999999999977,384.8299999999998,384.93999999999977,803
2026-06-24T16:00:00+00:00,384.93999999999977,385.7399999999998,384.6199999999998,385.3999999999998,900
2026-06-24T16:05:00+00:00,385.3999999999998,385.6799999999998,384.9999999999998,385.4799999999998,865
2026-06-24T16:10:00+00:00,385.4799999999998,386.0799999999998,385.0899999999998,385.81999999999977,846
2026-06-24T16:15:00+00:00,385.81999999999977,386.0199999999998,385.4899999999998,385.7099999999998,704
2026-06-24T16:20:00+00:00,385.7099999999998,386.38999999999976,385.4899999999998,386.13999999999976,855
2026-06-24T16:25:00+00:00,386.13999999999976,386.2399999999998,385.4999999999998,385.7999999999998,684
2026-06-24T16:30:00+00:00,385.7999999999998,385.8099999999998,384.69999999999976,384.9999999999998,862
2026-06-24T16:35:00+00:00,384.9999999999998,385.3099999999998,382.9899999999998,383.0799999999998,1008
2026-06-24T16:40:00+00:00,383.0799999999998,383.2199999999998,382.2999999999998,382.9799999999998,1263
2026-06-24T16:45:00+00:00,382.9799999999998,383.8599999999998,382.7199999999998,383.4699999999998,916
2026-06-24T16:50:00+00:00,383.4699999999998,384.0899999999998,383.1099999999998,383.1099999999998,772
2026-06-24T16:55:00+00:00,383.1099999999998,383.37999999999977,382.7999999999998,382.8999999999998,791
2026-06-24T17:00:00+00:00,382.8999999999998,383.69999999999976,382.7099999999998,383.5199999999998,839
2026-06-24T17:05:00+00:00,383.5199999999998,383.5899999999998,381.50999999999976,381.8599999999998,1041
2026-06-24T17:10:00+00:00,381.8599999999998,382.4299999999998,381.7099999999998,382.0199999999998,756
2026-06-24T17:15:00+00:00,382.0199999999998,382.2399999999998,380.8699999999998,380.9899999999998,1104
2026-06-24T17:20:00+00:00,380.9899999999998,381.0199999999998,379.9999999999998,380.4799999999998,1254
2026-06-24T17:25:00+00:00,380.4799999999998,380.56999999999977,379.7199999999998,379.9299999999998,1247
2026-06-24T17:30:00+00:00,379.9299999999998,380.3099999999998,379.1499999999998,379.8399999999998,1491
2026-06-24T17:35:00+00:00,379.8399999999998,380.3099999999998,378.8699999999998,379.50999999999976,1250
2026-06-24T17:40:00+00:00,379.50999999999976,379.7499999999998,379.1499999999998,379.19999999999976,1187
2026-06-24T17:45:00+00:00,379.19999999999976,379.6799999999998,378.75999999999976,379.5199999999998,1187
2026-06-24T17:50:00+00:00,379.5199999999998,379.5599999999998,378.8999999999998,379.3099999999998,1234
2026-06-24T17:55:00+00:00,379.3099999999998,379.8999999999998,378.7099999999998,379.0199999999998,1162
2026-06-24T18:00:00+00:00,379.0199999999998,379.9899999999998,378.8399999999998,378.9099999999998,1459
2026-06-24T18:05:00+00:00,378.9099999999998,379.5399999999998,378.5999999999998,379.00999999999976,1434
2026-06-24T18:10:00+00:00,379.00999999999976,379.5199999999998,378.1499999999998,379.4599999999998,1240
2026-06-24T18:15:00+00:00,379.4599999999998,381.2199999999998,379.44999999999976,380.9699999999998,1243
2026-06-24T18:20:00+00:00,380.9699999999998,381.6199999999998,380.81999999999977,381.5799999999998,955
2026-06-24T18:25:00+00:00,381.5799999999998,382.0199999999998,381.38999999999976,381.3999999999998,968
2026-06-24T18:30:00+00:00,381.3999999999998,381.6799999999998,381.1099999999998,381.2999999999998,1123
2026-06-24T18:35:00+00:00,381.2999999999998,381.3399999999998,380.7399999999998,380.8399999999998,966
2026-06-24T18:40:00+00:00,380.8399999999998,380.9799999999998,379.9899999999998,380.3399999999998,1094
2026-06-24T18:45:00+00:00,380.3399999999998,380.43999999999977,378.87999999999977,379.0899999999998,1071
2026-06-24T18:50:00+00:00,379.0899999999998,379.18999999999977,378.4899999999998,379.1099999999998,1400
2026-06-24T18:55:00+00:00,379.1099999999998,379.75999999999976,378.3999999999998,378.5199999999998,1107
2026-06-24T19:00:00+00:00,378.5199999999998,379.2299999999998,377.88999999999976,379.13999999999976,1241
2026-06-24T19:05:00+00:00,379.13999999999976,379.13999999999976,377.6599999999998,378.0899999999998,1349
2026-06-24T19:10:00+00:00,378.0899999999998,378.2399999999998,377.5399999999998,378.06999999999977,1269
2026-06-24T19:15:00+00:00,378.06999999999977,379.0199999999998,377.7899999999998,378.8099999999998,1204
2026-06-24T19:20:00+00:00,378.8099999999998,379.9799999999998,378.6699999999998,379.8999999999998,1130
2026-06-24T19:25:00+00:00,379.8999999999998,380.7799999999998,379.8999999999998,380.62999999999977,945
2026-06-24T19:30:00+00:00,380.62999999999977,380.9299999999998,379.93999999999977,380.2699999999998,1095
2026-06-24T19:35:00+00:00,380.2699999999998,380.7299999999998,380.0399999999998,380.44999999999976,965
2026-06-24T19:40:00+00:00,380.44999999999976,380.7099999999998,379.7199999999998,380.4699999999998,1041
2026-06-24T19:45:00+00:00,380.4699999999998,381.2299999999998,380.3099999999998,380.8299999999998,1116
2026-06-24T19:50:00+00:00,380.8299999999998,381.8499999999998,380.3399999999998,381.25999999999976,1158
2026-06-24T19:55:00+00:00,381.25999999999976,381.25999999999976,379.5499999999998,379.88999999999976,1905
2026-06-25T13:30:00+00:00,379.88999999999976,383.4799999999998,376.9999999999998,377.4999999999998,1814
2026-06-25T13:35:00+00:00,377.4999999999998,381.4899999999998,377.2999999999998,378.9999999999998,1639
2026-06-25T13:40:00+00:00,378.9999999999998,380.2799999999998,377.4999999999998,379.7399999999998,1384
2026-06-25T13:45:00+00:00,379.7399999999998,380.56999999999977,376.7399999999998,378.4899999999998,1788
2026-06-25T13:50:00+00:00,378.4899999999998,380.38999999999976,376.38999999999976,376.6099999999998,1730
2026-06-25T13:55:00+00:00,376.6099999999998,377.3299999999998,375.7399999999998,376.2299999999998,1783
2026-06-25T14:00:00+00:00,376.2299999999998,380.4799999999998,376.0499999999998,379.4099999999998,1750
2026-06-25T14:05:00+00:00,379.4099999999998,381.0599999999998,379.31999999999977,380.9299999999998,1728
2026-06-25T14:10:00+00:00,380.9299999999998,382.1799999999998,380.0899999999998,380.2299999999998,1656
2026-06-25T14:15:00+00:00,380.2299999999998,381.18999999999977,379.3999999999998,381.00999999999976,1587
2026-06-25T14:20:00+00:00,381.00999999999976,382.31999999999977,379.43999999999977,379.75999999999976,1675
2026-06-25T14:25:00+00:00,379.75999999999976,381.18999999999977,379.5199999999998,380.7699999999998,1666
2026-06-25T14:30:00+00:00,380.7699999999998,382.5999999999998,380.56999999999977,381.88999999999976,1685
2026-06-25T14:35:00+00:00,381.88999999999976,382.2099999999998,380.7799999999998,382.1099999999998,1584
2026-06-25T14:40:00+00:00,382.1099999999998,382.1099999999998,380.0899999999998,380.7099999999998,1498
2026-06-25T14:45:00+00:00,380.7099999999998,381.9899999999998,380.1099999999998,381.7899999999998,789
2026-06-25T14:50:00+00:00,381.7899999999998,382.6199999999998,381.2499999999998,382.0999999999998,706
2026-06-25T14:55:00+00:00,382.0999999999998,382.0999999999998,378.94999999999976,379.13999999999976,925
2026-06-25T15:00:00+00:00,379.13999999999976,380.4899999999998,378.94999999999976,380.4899999999998,792
2026-06-25T15:05:00+00:00,380.4899999999998,380.8699999999998,379.44999999999976,379.56999999999977,826
2026-06-25T15:10:00+00:00,379.56999999999977,379.6699999999998,377.1799999999998,377.44999999999976,858
2026-06-25T15:15:00+00:00,377.44999999999976,379.3499999999998,376.8399999999998,379.0199999999998,872
2026-06-25T15:20:00+00:00,379.0199999999998,380.94999999999976,378.5899999999998,380.3399999999998,855
2026-06-25T15:25:00+00:00,380.3399999999998,380.3599999999998,379.0599999999998,379.37999999999977,648
2026-06-25T15:30:00+00:00,379.37999999999977,380.7899999999998,379.3399999999998,380.13999999999976,687
2026-06-25T15:35:00+00:00,380.13999999999976,381.7999999999998,380.0599999999998,380.2499999999998,731
2026-06-25T15:40:00+00:00,380.2499999999998,380.5499999999998,379.68999999999977,380.2799999999998,640
2026-06-25T15:45:00+00:00,380.2799999999998,381.1799999999998,379.68999999999977,379.8699999999998,596
2026-06-25T15:50:00+00:00,379.8699999999998,380.2999999999998,379.50999999999976,380.0999999999998,542
2026-06-25T15:55:00+00:00,380.0999999999998,380.38999999999976,379.81999999999977,380.0499999999998,418
2026-06-25T16:00:00+00:00,380.0499999999998,380.1799999999998,379.2199999999998,379.69999999999976,550
2026-06-25T16:05:00+00:00,379.69999999999976,380.5899999999998,379.5399999999998,380.3699999999998,534
2026-06-25T16:10:00+00:00,380.3699999999998,381.0599999999998,379.7299999999998,380.1799999999998,601
2026-06-25T16:15:00+00:00,380.1799999999998,380.2899999999998,379.7099999999998,380.18999999999977,838
2026-06-25T16:20:00+00:00,380.18999999999977,380.31999999999977,378.9899999999998,379.3599999999998,1230
2026-06-25T16:25:00+00:00,379.3599999999998,379.5199999999998,378.4999999999998,378.8399999999998,1035
2026-06-25T16:30:00+00:00,378.8399999999998,379.0799999999998,378.0499999999998,378.38999999999976,1417
2026-06-25T16:35:00+00:00,378.38999999999976,378.4999999999998,377.7499999999998,377.93999999999977,1214
2026-06-25T16:40:00+00:00,377.93999999999977,378.1199999999998,377.2999999999998,377.31999999999977,1125
2026-06-25T16:45:00+00:00,377.31999999999977,378.1699999999998,376.50999999999976,378.0899999999998,1428
2026-06-25T16:50:00+00:00,378.0899999999998,378.4299999999998,377.5199999999998,377.9999999999998,1112
2026-06-25T16:55:00+00:00,377.9999999999998,378.06999999999977,377.4199999999998,377.6599999999998,986
2026-06-25T17:00:00+00:00,377.6599999999998,378.6199999999998,377.5899999999998,377.81999999999977,1110
2026-06-25T17:05:00+00:00,377.81999999999977,377.9299999999998,377.31999999999977,377.81999999999977,871
2026-06-25T17:10:00+00:00,377.81999999999977,379.0899999999998,377.8099999999998,378.4599999999998,1081
2026-06-25T17:15:00+00:00,378.4599999999998,379.6799999999998,378.3699999999998,378.4599999999998,1128
2026-06-25T17:20:00+00:00,378.4599999999998,378.88999999999976,378.0399999999998,378.3399999999998,1091
2026-06-25T17:25:00+00:00,378.3399999999998,379.0899999999998,378.3099999999998,378.7999999999998,941
2026-06-25T17:30:00+00:00,378.7999999999998,379.1099999999998,378.5299999999998,378.7299999999998,983
2026-06-25T17:35:00+00:00,378.7299999999998,379.63999999999976,378.7099999999998,379.2899999999998,935
2026-06-25T17:40:00+00:00,379.2899999999998,379.2899999999998,378.3499999999998,378.5299999999998,1097
2026-06-25T17:45:00+00:00,378.5299999999998,378.5299999999998,377.7499999999998,377.9599999999998,1080
2026-06-25T17:50:00+00:00,377.9599999999998,378.37999999999977,377.6499999999998,378.31999999999977,1121
2026-06-25T17:55:00+00:00,378.31999999999977,378.9099999999998,377.7999999999998,378.88999999999976,1149
2026-06-25T18:00:00+00:00,378.88999999999976,378.93999999999977,377.31999999999977,377.44999999999976,1566
2026-06-25T18:05:00+00:00,377.44999999999976,378.9999999999998,376.9899999999998,378.6699999999998,1254
2026-06-25T18:10:00+00:00,378.6699999999998,378.9199999999998,377.8299999999998,378.0399999999998,1247
2026-06-25T18:15:00+00:00,378.0399999999998,379.5899999999998,377.93999999999977,379.2999999999998,1144
2026-06-25T18:20:00+00:00,379.2999999999998,379.8099999999998,378.4999999999998,379.2899999999998,1061
2026-06-25T18:25:00+00:00,379.2899999999998,380.43999999999977,379.2099999999998,380.2799999999998,1075
2026-06-25T18:30:00+00:00,380.2799999999998,380.3999999999998,378.7099999999998,378.7699999999998,1260
2026-06-25T18:35:00+00:00,378.7699999999998,379.2999999999998,378.3099999999998,378.9899999999998,1172
2026-06-25T18:40:00+00:00,378.9899999999998,379.0599999999998,377.9899999999998,378.25999999999976,974
2026-06-25T18:45:00+00:00,378.25999999999976,378.25999999999976,377.0399999999998,377.87999999999977,1165
2026-06-25T18:50:00+00:00,377.87999999999977,379.1199999999998,377.8699999999998,378.8299999999998,1074
2026-06-25T18:55:00+00:00,378.8299999999998,378.94999999999976,378.13999999999976,378.3499999999998,917
2026-06-25T19:00:00+00:00,378.3499999999998,378.43999999999977,377.4899999999998,377.7199999999998,1000
2026-06-25T19:05:00+00:00,377.7199999999998,378.0399999999998,377.4699999999998,377.9799999999998,1078
2026-06-25T19:10:00+00:00,377.9799999999998,378.13999999999976,377.6099999999998,378.0399999999998,1034
2026-06-25T19:15:00+00:00,378.0399999999998,378.38999999999976,377.75999999999976,378.1499999999998,1188
2026-06-25T19:20:00+00:00,378.1499999999998,378.4699999999998,377.69999999999976,377.9199999999998,1052
2026-06-25T19:25:00+00:00,377.9199999999998,378.2299999999998,377.2499999999998,378.0299999999998,1173
2026-06-25T19:30:00+00:00,378.0299999999998,378.2099999999998,377.5399999999998,378.13999999999976,1151
2026-06-25T19:35:00+00:00,378.13999999999976,378.31999999999977,377.6799999999998,378.18999999999977,990
2026-06-25T19:40:00+00:00,378.18999999999977,378.8299999999998,377.8999999999998,378.3399999999998,1109
2026-06-25T19:45:00+00:00,378.3399999999998,378.63999999999976,377.6099999999998,378.25999999999976,1153
2026-06-25T19:50:00+00:00,378.25999999999976,379.1799999999998,378.1599999999998,378.93999999999977,1200
2026-06-25T19:55:00+00:00,378.93999999999977,379.87999999999977,378.5799999999998,379.5199999999998,1557
2026-06-26T13:30:00+00:00,379.5199999999998,379.5199999999998,373.06999999999977,375.4899999999998,1770
2026-06-26T13:35:00+00:00,375.4899999999998,376.5299999999998,373.75999999999976,375.81999999999977,1651
2026-06-26T13:40:00+00:00,375.81999999999977,378.38999999999976,375.4899999999998,377.6099999999998,1537
2026-06-26T13:45:00+00:00,377.6099999999998,377.7099999999998,375.4899999999998,376.7499999999998,1826
2026-06-26T13:50:00+00:00,376.7499999999998,377.93999999999977,376.4899999999998,377.4999999999998,1324
2026-06-26T13:55:00+00:00,377.4999999999998,379.1699999999998,377.4199999999998,379.1699999999998,1229
2026-06-26T14:00:00+00:00,379.1699999999998,380.6499999999998,378.31999999999977,379.9599999999998,1338
2026-06-26T14:05:00+00:00,379.9599999999998,380.7199999999998,379.5399999999998,380.5999999999998,1300
2026-06-26T14:10:00+00:00,380.5999999999998,382.12999999999977,380.00999999999976,381.5399999999998,1481
2026-06-26T14:15:00+00:00,381.5399999999998,381.75999999999976,380.0199999999998,380.0199999999998,1308
2026-06-26T14:20:00+00:00,380.0199999999998,381.81999999999977,379.7699999999998,381.63999999999976,1411
2026-06-26T14:25:00+00:00,381.63999999999976,382.3599999999998,381.5199999999998,381.88999999999976,1304
2026-06-26T14:30:00+00:00,381.88999999999976,382.4599999999998,381.00999999999976,381.75999999999976,1273
2026-06-26T14:35:00+00:00,381.75999999999976,381.9699999999998,380.8399999999998,381.2099999999998,1183
2026-06-26T14:40:00+00:00,381.2099999999998,383.5999999999998,380.8299999999998,382.1699999999998,1577
2026-06-26T14:45:00+00:00,382.1699999999998,383.4799999999998,381.4899999999998,382.7699999999998,1450
2026-06-26T14:50:00+00:00,382.7699999999998,383.87999999999977,382.6099999999998,383.50999999999976,1555
2026-06-26T14:55:00+00:00,383.50999999999976,383.7099999999998,382.12999999999977,382.63999999999976,1491.9296085409253
2026-06-26T15:00:00+00:00,382.63999999999976,383.7399999999998,382.62999999999977,383.50999999999976,1362
2026-06-26T15:05:00+00:00,383.50999999999976,384.8499999999998,383.2899999999998,384.56999999999977,1486
2026-06-26T15:10:00+00:00,384.56999999999977,384.69999999999976,383.0899999999998,384.19999999999976,1439
2026-06-26T15:15:00+00:00,384.19999999999976,386.8499999999998,383.9699999999998,386.7399999999998,1510
2026-06-26T15:20:00+00:00,386.7399999999998,388.5399999999998,386.2399999999998,388.4899999999998,1565
2026-06-26T15:25:00+00:00,388.4899999999998,389.5899999999998,388.0999999999998,389.3499999999998,1513
2026-06-26T15:30:00+00:00,389.3499999999998,391.2999999999998,389.2999999999998,391.2299999999998,1703
2026-06-26T15:35:00+00:00,391.2299999999998,392.25999999999976,390.8599999999998,391.2299999999998,1654
2026-06-26T15:40:00+00:00,391.2299999999998,391.38999999999976,390.6599999999998,391.1099999999998,1453
2026-06-26T15:45:00+00:00,391.1099999999998,391.6699999999998,390.69999999999976,390.8099999999998,1324
2026-06-26T15:50:00+00:00,390.8099999999998,391.2099999999998,388.69999999999976,389.38999999999976,2108
2026-06-26T15:55:00+00:00,389.38999999999976,390.18999999999977,389.25999999999976,389.38999999999976,1454
2026-06-26T16:00:00+00:00,389.38999999999976,390.0999999999998,388.87999999999977,389.94999999999976,1330
2026-06-26T16:05:00+00:00,389.94999999999976,390.00999999999976,388.19999999999976,388.2099999999998,1388
2026-06-26T16:10:00+00:00,388.2099999999998,388.4699999999998,386.7099999999998,387.3999999999998,1564
2026-06-26T16:15:00+00:00,387.3999999999998,388.0299999999998,387.12999999999977,387.9099999999998,1404
2026-06-26T16:20:00+00:00,387.9099999999998,388.0799999999998,386.8399999999998,387.1499999999998,1466
2026-06-26T16:25:00+00:00,387.1499999999998,388.06999999999977,387.0899999999998,387.4899999999998,1103
2026-06-26T16:30:00+00:00,387.4899999999998,389.68999999999977,387.4099999999998,389.6799999999998,1301
2026-06-26T16:35:00+00:00,389.6799999999998,390.0199999999998,389.2299999999998,389.7099999999998,1145
2026-06-26T16:40:00+00:00,389.7099999999998,389.9999999999998,389.0899999999998,389.13999999999976,938
2026-06-26T16:45:00+00:00,389.13999999999976,389.7999999999998,388.8099999999998,389.6599999999998,1252
2026-06-26T16:50:00+00:00,389.6599999999998,390.5399999999998,389.4899999999998,389.50999999999976,1056
2026-06-26T16:55:00+00:00,389.50999999999976,389.93999999999977,389.38999999999976,389.8099999999998,864
2026-06-26T17:00:00+00:00,389.8099999999998,391.4899999999998,389.50999999999976,391.3299999999998,1247
2026-06-26T17:05:00+00:00,391.3299999999998,391.8299999999998,390.5399999999998,390.6599999999998,1018
2026-06-26T17:10:00+00:00,390.6599999999998,390.81999999999977,389.87999999999977,390.50999999999976,1019
2026-06-26T17:15:00+00:00,390.50999999999976,390.7099999999998,389.9899999999998,390.1699999999998,781
2026-06-26T17:20:00+00:00,390.1699999999998,390.63999999999976,389.4999999999998,389.7399999999998,895
2026-06-26T17:25:00+00:00,389.7399999999998,390.50999999999976,389.3399999999998,390.13999999999976,876
2026-06-26T17:30:00+00:00,390.13999999999976,390.75999999999976,389.9999999999998,390.38999999999976,1036
2026-06-26T17:35:00+00:00,390.38999999999976,390.4799999999998,389.9299999999998,390.1499999999998,798
2026-06-26T17:40:00+00:00,390.1499999999998,390.9799999999998,389.9099999999998,390.3599999999998,1062
2026-06-26T17:45:00+00:00,390.3599999999998,390.6499999999998,389.6799999999998,390.2299999999998,922
2026-06-26T17:50:00+00:00,390.2299999999998,390.43999999999977,389.4099999999998,389.4899999999998,821
2026-06-26T17:55:00+00:00,389.4899999999998,389.56999999999977,388.8599999999998,389.0199999999998,1045
2026-06-26T18:00:00+00:00,389.0199999999998,389.4099999999998,388.6699999999998,388.9099999999998,1074
2026-06-26T18:05:00+00:00,388.9099999999998,389.0399999999998,387.68999999999977,387.7699999999998,1185
2026-06-26T18:10:00+00:00,387.7699999999998,388.06999999999977,387.4999999999998,387.9999999999998,1016
2026-06-26T18:15:00+00:00,387.9999999999998,388.1099999999998,387.37999999999977,387.50999999999976,892
2026-06-26T18:20:00+00:00,387.50999999999976,387.9599999999998,387.38999999999976,387.75999999999976,915
2026-06-26T18:25:00+00:00,387.75999999999976,388.8599999999998,387.0399999999998,387.0599999999998,1208
2026-06-26T18:30:00+00:00,387.0599999999998,387.93999999999977,387.0399999999998,387.8399999999998,1125
2026-06-26T18:35:00+00:00,387.8399999999998,387.8999999999998,385.1499999999998,385.7099999999998,1272
2026-06-26T18:40:00+00:00,385.7099999999998,386.18999999999977,384.9899999999998,385.19999999999976,1123
2026-06-26T18:45:00+00:00,385.19999999999976,385.2699999999998,384.25999999999976,384.4599999999998,1174
2026-06-26T18:50:00+00:00,384.4599999999998,384.5199999999998,383.4999999999998,384.2699999999998,1198
2026-06-26T18:55:00+00:00,384.2699999999998,385.3499999999998,383.9299999999998,384.2699999999998,1140
2026-06-26T19:00:00+00:00,384.2699999999998,384.69999999999976,384.0399999999998,384.1499999999998,1133
2026-06-26T19:05:00+00:00,384.1499999999998,384.8299999999998,383.9099999999998,384.50999999999976,1039
2026-06-26T19:10:00+00:00,384.50999999999976,385.31999999999977,384.06999999999977,385.31999999999977,1082
2026-06-26T19:15:00+00:00,385.31999999999977,385.3399999999998,384.37999999999977,384.4699999999998,1035
2026-06-26T19:20:00+00:00,384.4699999999998,384.7899999999998,384.06999999999977,384.4799999999998,1125
2026-06-26T19:25:00+00:00,384.4799999999998,384.94999999999976,384.0199999999998,384.2099999999998,990
2026-06-26T19:30:00+00:00,384.2099999999998,384.56999999999977,383.0199999999998,383.9999999999998,1121
2026-06-26T19:35:00+00:00,383.9999999999998,384.31999999999977,383.2899999999998,383.2999999999998,1086
2026-06-26T19:40:00+00:00,383.2999999999998,383.9199999999998,383.00999999999976,383.56999999999977,1042
2026-06-26T19:45:00+00:00,383.56999999999977,384.7999999999998,383.5199999999998,383.6599999999998,1220
2026-06-26T19:50:00+00:00,383.6599999999998,387.3499999999998,383.62999999999977,384.7199999999998,1784
2026-06-26T19:55:00+00:00,384.7199999999998,385.8999999999998,383.4899999999998,383.8699999999998,1776
2026-06-29T13:30:00+00:00,383.8699999999998,390.68999999999977,383.7799999999998,389.7299999999998,1749
2026-06-29T13:35:00+00:00,389.7299999999998,392.2399999999998,388.6599999999998,392.1199999999998,1610
2026-06-29T13:40:00+00:00,392.1199999999998,396.3499999999998,390.9899999999998,396.2699999999998,1711
2026-06-29T13:45:00+00:00,396.2699999999998,398.3099999999998,395.2299999999998,396.7899999999998,1653
2026-06-29T13:50:00+00:00,396.7899999999998,398.0499999999998,396.0999999999998,396.7499999999998,1366
2026-06-29T13:55:00+00:00,396.7499999999998,396.7499999999998,394.7999999999998,396.18999999999977,1464
2026-06-29T14:00:00+00:00,396.18999999999977,398.7099999999998,395.00999999999976,396.2999999999998,1828
2026-06-29T14:05:00+00:00,396.2999999999998,397.56999999999977,395.4299999999998,397.12999999999977,1481
2026-06-29T14:10:00+00:00,397.12999999999977,397.2199999999998,394.00999999999976,394.5199999999998,1525
2026-06-29T14:15:00+00:00,394.5199999999998,396.62999999999977,393.6499999999998,396.0499999999998,1743
2026-06-29T14:20:00+00:00,396.0499999999998,396.31999999999977,394.88999999999976,396.0399999999998,1235
2026-06-29T14:25:00+00:00,396.0399999999998,401.0399999999998,395.5999999999998,400.0999999999998,1340
2026-06-29T14:30:00+00:00,400.0999999999998,402.81999999999977,399.8699999999998,402.1499999999998,1377
2026-06-29T14:35:00+00:00,402.1499999999998,402.3099999999998,398.93999999999977,400.2299999999998,1350
2026-06-29T14:40:00+00:00,400.2299999999998,401.7299999999998,400.1199999999998,400.3999999999998,1074
2026-06-29T14:45:00+00:00,400.3999999999998,400.3999999999998,399.18999999999977,399.69999999999976,1100
2026-06-29T14:50:00+00:00,399.69999999999976,402.5499999999998,398.9899999999998,402.4699999999998,1136
2026-06-29T14:55:00+00:00,402.4699999999998,402.5599999999998,401.3599999999998,402.0399999999998,994
2026-06-29T15:00:00+00:00,402.0399999999998,402.25999999999976,400.7899999999998,400.9899999999998,946
2026-06-29T15:05:00+00:00,400.9899999999998,401.5599999999998,400.75999999999976,401.2399999999998,751
2026-06-29T15:10:00+00:00,401.2399999999998,401.37999999999977,400.4999999999998,401.2099999999998,823
2026-06-29T15:15:00+00:00,401.2099999999998,401.43999999999977,400.2199999999998,400.2899999999998,802
2026-06-29T15:20:00+00:00,400.2899999999998,400.9999999999998,399.69999999999976,400.1599999999998,776
2026-06-29T15:25:00+00:00,400.1599999999998,402.7799999999998,400.0299999999998,402.2099999999998,862
2026-06-29T15:30:00+00:00,402.2099999999998,404.6499999999998,402.06999999999977,403.7399999999998,1140
2026-06-29T15:35:00+00:00,403.7399999999998,404.68999999999977,403.4899999999998,404.3299999999998,825
2026-06-29T15:40:00+00:00,404.3299999999998,404.3699999999998,403.0599999999998,404.25999999999976,844
2026-06-29T15:45:00+00:00,404.25999999999976,404.75999999999976,403.69999999999976,403.8999999999998,765
2026-06-29T15:50:00+00:00,403.8999999999998,404.8399999999998,403.8499999999998,404.75999999999976,714
2026-06-29T15:55:00+00:00,404.75999999999976,405.25999999999976,404.4199999999998,405.0299999999998,797
2026-06-29T16:00:00+00:00,405.0299999999998,406.6499999999998,405.00999999999976,406.2099999999998,928
2026-06-29T16:05:00+00:00,406.2099999999998,406.5199999999998,405.7999999999998,406.1599999999998,692
2026-06-29T16:10:00+00:00,406.1599999999998,406.3999999999998,405.8499999999998,406.19999999999976,647
2026-06-29T16:15:00+00:00,406.19999999999976,406.7099999999998,405.9999999999998,406.5299999999998,745
2026-06-29T16:20:00+00:00,406.5299999999998,407.7999999999998,406.4799999999998,407.6599999999998,761
2026-06-29T16:25:00+00:00,407.6599999999998,408.7199999999998,407.6599999999998,408.4599999999998,782
2026-06-29T16:30:00+00:00,408.4599999999998,409.3499999999998,407.9899999999998,408.0299999999998,910
2026-06-29T16:35:00+00:00,408.0299999999998,408.7899999999998,407.7799999999998,407.9199999999998,802
2026-06-29T16:40:00+00:00,407.9199999999998,408.06999999999977,406.7299999999998,406.8299999999998,766
2026-06-29T16:45:00+00:00,406.8299999999998,407.43999999999977,406.4899999999998,407.3099999999998,690
2026-06-29T16:50:00+00:00,407.3099999999998,408.3599999999998,407.00999999999976,408.1599999999998,694
2026-06-29T16:55:00+00:00,408.1599999999998,408.7099999999998,407.8999999999998,408.06999999999977,669
2026-06-29T17:00:00+00:00,408.06999999999977,408.5999999999998,407.7099999999998,407.8499999999998,649
2026-06-29T17:05:00+00:00,407.8499999999998,410.7799999999998,407.8499999999998,410.38999999999976,801
2026-06-29T17:10:00+00:00,410.38999999999976,411.12999999999977,410.0899999999998,410.9199999999998,764
2026-06-29T17:15:00+00:00,410.9199999999998,411.69999999999976,410.8099999999998,411.5599999999998,706
2026-06-29T17:20:00+00:00,411.5599999999998,412.6699999999998,411.5599999999998,411.8399999999998,796
2026-06-29T17:25:00+00:00,411.8399999999998,413.4599999999998,411.7399999999998,413.2099999999998,892
2026-06-29T17:30:00+00:00,413.2099999999998,413.9799999999998,412.75999999999976,413.9799999999998,835
2026-06-29T17:35:00+00:00,413.9799999999998,415.13999999999976,413.7399999999998,414.0599999999998,965
2026-06-29T17:40:00+00:00,414.0599999999998,414.1499999999998,413.4699999999998,413.56999999999977,785
2026-06-29T17:45:00+00:00,413.56999999999977,414.5799999999998,413.18999999999977,414.2799999999998,830
2026-06-29T17:50:00+00:00,414.2799999999998,414.3099999999998,413.2399999999998,413.2699999999998,623
2026-06-29T17:55:00+00:00,413.2699999999998,413.56999999999977,412.9199999999998,413.44999999999976,597
2026-06-29T18:00:00+00:00,413.44999999999976,413.7399999999998,412.8299999999998,413.56999999999977,654
2026-06-29T18:05:00+00:00,413.56999999999977,413.62999999999977,413.0999999999998,413.2199999999998,584
2026-06-29T18:10:00+00:00,413.2199999999998,413.2499999999998,412.68999999999977,413.0299999999998,691
2026-06-29T18:15:00+00:00,413.0299999999998,413.5999999999998,412.7399999999998,413.4299999999998,594
2026-06-29T18:20:00+00:00,413.4299999999998,414.06999999999977,412.9199999999998,412.9299999999998,683
2026-06-29T18:25:00+00:00,412.9299999999998,413.4999999999998,412.69999999999976,413.4199999999998,513
2026-06-29T18:30:00+00:00,413.4199999999998,414.1199999999998,413.37999999999977,413.8399999999998,601
2026-06-29T18:35:00+00:00,413.8399999999998,414.81999999999977,413.68999999999977,414.81999999999977,632
2026-06-29T18:40:00+00:00,414.81999999999977,414.81999999999977,412.9999999999998,414.18999999999977,688
2026-06-29T18:45:00+00:00,414.18999999999977,415.2299999999998,414.18999999999977,414.94999999999976,676
2026-06-29T18:50:00+00:00,414.94999999999976,415.2099999999998,414.25999999999976,415.0299999999998,589
2026-06-29T18:55:00+00:00,415.0299999999998,415.3099999999998,414.4699999999998,414.75999999999976,554
2026-06-29T19:00:00+00:00,414.75999999999976,414.8099999999998,413.12999999999977,414.18999999999977,661
2026-06-29T19:05:00+00:00,414.18999999999977,415.68999999999977,414.13999999999976,415.1599999999998,627
2026-06-29T19:10:00+00:00,415.1599999999998,416.3699999999998,414.8299999999998,416.1199999999998,676
2026-06-29T19:15:00+00:00,416.1199999999998,417.5299999999998,415.9599999999998,416.93999999999977,861
2026-06-29T19:20:00+00:00,416.93999999999977,417.3599999999998,416.7999999999998,416.9299999999998,552
2026-06-29T19:25:00+00:00,416.9299999999998,417.0299999999998,415.81999999999977,416.37999999999977,663
2026-06-29T19:30:00+00:00,416.37999999999977,417.3699999999998,416.2699999999998,416.8299999999998,696
2026-06-29T19:35:00+00:00,416.8299999999998,417.69999999999976,416.7199999999998,417.1099999999998,672
2026-06-29T19:40:00+00:00,417.1099999999998,417.38999999999976,416.38999999999976,416.5799999999998,746
2026-06-29T19:45:00+00:00,416.5799999999998,417.31999999999977,416.4899999999998,417.2399999999998,697
2026-06-29T19:50:00+00:00,417.2399999999998,417.2799999999998,415.4899999999998,415.6599999999998,1170
2026-06-29T19:55:00+00:00,415.6599999999998,417.4199999999998,415.6199999999998,416.4199999999998,1842
2026-06-30T13:30:00+00:00,416.4199999999998,416.4199999999998,410.3599999999998,413.81999999999977,1827
2026-06-30T13:35:00+00:00,413.81999999999977,416.7499999999998,413.4799999999998,415.5599999999998,1765
2026-06-30T13:40:00+00:00,415.5599999999998,416.63999999999976,413.5899999999998,413.6099999999998,1417
2026-06-30T13:45:00+00:00,413.6099999999998,415.69999999999976,413.56999999999977,414.8499999999998,1127
2026-06-30T13:50:00+00:00,414.8499999999998,416.69999999999976,414.50999999999976,416.0199999999998,1142
2026-06-30T13:55:00+00:00,416.0199999999998,416.9799999999998,415.12999999999977,416.3499999999998,1056
2026-06-30T14:00:00+00:00,416.3499999999998,417.5499999999998,415.38999999999976,417.3699999999998,1206
2026-06-30T14:05:00+00:00,417.3699999999998,419.8999999999998,417.2399999999998,418.5999999999998,1299
2026-06-30T14:10:00+00:00,418.5999999999998,420.6199999999998,416.7199999999998,420.1799999999998,1241
2026-06-30T14:15:00+00:00,420.1799999999998,420.6699999999998,418.0999999999998,420.0199999999998,1177
2026-06-30T14:20:00+00:00,420.0199999999998,420.0399999999998,418.7999999999998,419.4199999999998,879
2026-06-30T14:25:00+00:00,419.4199999999998,420.5299999999998,418.9599999999998,419.4199999999998,970
2026-06-30T14:30:00+00:00,419.4199999999998,420.3299999999998,418.3399999999998,419.4799999999998,880
2026-06-30T14:35:00+00:00,419.4799999999998,419.7399999999998,418.3499999999998,419.7399999999998,768
2026-06-30T14:40:00+00:00,419.7399999999998,419.9699999999998,418.63999999999976,419.2999999999998,746
2026-06-30T14:45:00+00:00,419.2999999999998,419.2999999999998,418.0899999999998,418.7399999999998,720
2026-06-30T14:50:00+00:00,418.7399999999998,419.6699999999998,417.7399999999998,418.0399999999998,795
2026-06-30T14:55:00+00:00,418.0399999999998,419.2799999999998,417.7699999999998,418.5599999999998,826
2026-06-30T15:00:00+00:00,418.5599999999998,420.75999999999976,418.5599999999998,419.69999999999976,1032
2026-06-30T15:05:00+00:00,419.69999999999976,420.2199999999998,418.0899999999998,418.0899999999998,663
2026-06-30T15:10:00+00:00,418.0899999999998,418.2699999999998,417.0299999999998,417.7499999999998,729
2026-06-30T15:15:00+00:00,417.7499999999998,418.5199999999998,417.5499999999998,418.2799999999998,633
2026-06-30T15:20:00+00:00,418.2799999999998,420.31999999999977,418.00999999999976,420.2199999999998,715
2026-06-30T15:25:00+00:00,420.2199999999998,420.3699999999998,419.6599999999998,419.8999999999998,687
2026-06-30T15:30:00+00:00,419.8999999999998,421.9099999999998,419.7399999999998,421.43999999999977,935
2026-06-30T15:35:00+00:00,421.43999999999977,421.9099999999998,420.2099999999998,421.7399999999998,741
2026-06-30T15:40:00+00:00,421.7399999999998,421.87999999999977,420.5299999999998,420.7399999999998,551
2026-06-30T15:45:00+00:00,420.7399999999998,421.9299999999998,420.6499999999998,421.8999999999998,579
2026-06-30T15:50:00+00:00,421.8999999999998,422.0399999999998,420.62999999999977,421.63999999999976,585
2026-06-30T15:55:00+00:00,421.63999999999976,421.9299999999998,420.13999999999976,420.13999999999976,648
2026-06-30T16:00:00+00:00,420.13999999999976,421.0799999999998,419.5999999999998,420.9299999999998,612
2026-06-30T16:05:00+00:00,420.9299999999998,421.8499999999998,420.8099999999998,421.3299999999998,485
2026-06-30T16:10:00+00:00,421.3299999999998,421.3699999999998,420.4799999999998,420.56999999999977,459
2026-06-30T16:15:00+00:00,420.56999999999977,420.8699999999998,420.18999999999977,420.8599999999998,428
2026-06-30T16:20:00+00:00,420.8599999999998,421.2799999999998,420.68999999999977,421.06999999999977,408
2026-06-30T16:25:00+00:00,421.06999999999977,421.0899999999998,420.4799999999998,420.93999999999977,395
2026-06-30T16:30:00+00:00,420.93999999999977,421.56999999999977,420.8699999999998,421.4099999999998,461
2026-06-30T16:35:00+00:00,421.4099999999998,422.3599999999998,421.1599999999998,422.13999999999976,516
2026-06-30T16:40:00+00:00,422.13999999999976,422.2399999999998,421.5799999999998,422.0899999999998,455
2026-06-30T16:45:00+00:00,422.0899999999998,423.1199999999998,421.88999999999976,422.4899999999998,569
2026-06-30T16:50:00+00:00,422.4899999999998,422.5999999999998,422.0599999999998,422.2199999999998,466
2026-06-30T16:55:00+00:00,422.2199999999998,422.6599999999998,422.1499999999998,422.3399999999998,453
2026-06-30T17:00:00+00:00,422.3399999999998,423.1499999999998,422.1499999999998,422.8599999999998,442
2026-06-30T17:05:00+00:00,422.8599999999998,423.9699999999998,422.3099999999998,423.5499999999998,569
2026-06-30T17:10:00+00:00,423.5499999999998,423.8499999999998,422.9899999999998,423.1099999999998,469
2026-06-30T17:15:00+00:00,423.1099999999998,423.2699999999998,422.88999999999976,423.1099999999998,427
2026-06-30T17:20:00+00:00,423.1099999999998,423.2199999999998,422.69999999999976,423.0399999999998,539
2026-06-30T17:25:00+00:00,423.0399999999998,423.4699999999998,422.5799999999998,422.62999999999977,413
2026-06-30T17:30:00+00:00,422.62999999999977,422.7499999999998,421.4999999999998,421.6799999999998,539
2026-06-30T17:35:00+00:00,421.6799999999998,421.8999999999998,420.9899999999998,421.00999999999976,514
2026-06-30T17:40:00+00:00,421.00999999999976,421.31999999999977,420.5999999999998,420.9999999999998,386
2026-06-30T17:45:00+00:00,420.9999999999998,421.3499999999998,420.7399999999998,420.88999999999976,369
2026-06-30T17:50:00+00:00,420.88999999999976,421.8699999999998,420.7399999999998,421.5599999999998,466
2026-06-30T17:55:00+00:00,421.5599999999998,422.31999999999977,421.5599999999998,421.9699999999998,449
2026-06-30T18:00:00+00:00,421.9699999999998,422.8699999999998,421.9299999999998,422.50999999999976,532
2026-06-30T18:05:00+00:00,422.50999999999976,422.9899999999998,421.8999999999998,422.7399999999998,496
2026-06-30T18:10:00+00:00,422.7399999999998,423.6199999999998,422.1599999999998,423.5199999999998,512
2026-06-30T18:15:00+00:00,423.5199999999998,424.0999999999998,423.25999999999976,423.7999999999998,523
2026-06-30T18:20:00+00:00,423.7999999999998,423.9799999999998,423.3299999999998,423.6499999999998,458
2026-06-30T18:25:00+00:00,423.6499999999998,423.7299999999998,423.12999999999977,423.37999999999977,422
2026-06-30T18:30:00+00:00,423.37999999999977,423.5299999999998,422.7999999999998,423.38999999999976,528
2026-06-30T18:35:00+00:00,423.38999999999976,423.6799999999998,422.88999999999976,423.63999999999976,497
2026-06-30T18:40:00+00:00,423.63999999999976,424.3299999999998,423.4599999999998,423.8099999999998,497
2026-06-30T18:45:00+00:00,423.8099999999998,425.2799999999998,423.7899999999998,425.18999999999977,627
2026-06-30T18:50:00+00:00,425.18999999999977,425.19999999999976,424.1599999999998,424.6699999999998,669
2026-06-30T18:55:00+00:00,424.6699999999998,426.5199999999998,424.2999999999998,426.4899999999998,702
2026-06-30T19:00:00+00:00,426.4899999999998,428.0199999999998,426.0899999999998,427.19999999999976,845
2026-06-30T19:05:00+00:00,427.19999999999976,428.6599999999998,426.7899999999998,428.3399999999998,762
2026-06-30T19:10:00+00:00,428.3399999999998,428.8699999999998,426.7899999999998,428.4999999999998,875
2026-06-30T19:15:00+00:00,428.4999999999998,428.9999999999998,427.6099999999998,427.9299999999998,711
2026-06-30T19:20:00+00:00,427.9299999999998,428.0299999999998,426.4999999999998,426.8299999999998,650
2026-06-30T19:25:00+00:00,426.8299999999998,427.9699999999998,425.7399999999998,427.93999999999977,705
2026-06-30T19:30:00+00:00,427.93999999999977,428.2199999999998,426.9899999999998,427.25999999999976,721
2026-06-30T19:35:00+00:00,427.25999999999976,427.4899999999998,426.9599999999998,427.4099999999998,603
2026-06-30T19:40:00+00:00,427.4099999999998,427.87999999999977,427.1699999999998,427.3099999999998,726
2026-06-30T19:45:00+00:00,427.3099999999998,427.4099999999998,426.2299999999998,426.2699999999998,803
2026-06-30T19:50:00+00:00,426.2699999999998,426.3399999999998,425.0399999999998,425.0999999999998,1054
2026-06-30T19:55:00+00:00,425.0999999999998,426.37999999999977,424.7399999999998,425.0499999999998,1761
2026-07-01T13:30:00+00:00,425.0499999999998,429.5899999999998,423.5299999999998,427.7899999999998,2053
2026-07-01T13:35:00+00:00,427.7899999999998,428.7699999999998,423.7299999999998,423.7899999999998,1938
2026-07-01T13:40:00+00:00,423.7899999999998,425.3099999999998,422.62999999999977,424.69999999999976,1667
2026-07-01T13:45:00+00:00,424.69999999999976,427.7699999999998,424.3999999999998,427.7299999999998,1497
2026-07-01T13:50:00+00:00,427.7299999999998,427.8499999999998,426.5799999999998,427.69999999999976,1376
2026-07-01T13:55:00+00:00,427.69999999999976,428.94999999999976,426.9899999999998,427.13999999999976,1223
2026-07-01T14:00:00+00:00,427.13999999999976,429.25999999999976,427.13999999999976,428.0899999999998,1339
2026-07-01T14:05:00+00:00,428.0899999999998,431.7499999999998,427.6599999999998,431.0899999999998,1518
2026-07-01T14:10:00+00:00,431.0899999999998,431.9099999999998,430.25999999999976,430.7799999999998,1188
2026-07-01T14:15:00+00:00,430.7799999999998,431.7799999999998,430.6599999999998,431.2199999999998,1087
2026-07-01T14:20:00+00:00,431.2199999999998,431.8099999999998,430.44999999999976,430.6799999999998,1048
2026-07-01T14:25:00+00:00,430.6799999999998,432.1799999999998,430.50999999999976,431.50999999999976,1078
2026-07-01T14:30:00+00:00,431.50999999999976,431.75999999999976,428.5899999999998,430.3699999999998,1227
2026-07-01T14:35:00+00:00,430.3699999999998,431.8599999999998,429.7999999999998,431.8499999999998,1234
2026-07-01T14:40:00+00:00,431.8499999999998,432.3399999999998,430.7199999999998,431.5599999999998,1136
2026-07-01T14:45:00+00:00,431.5599999999998,433.2899999999998,430.5399999999998,433.2699999999998,1199
2026-07-01T14:50:00+00:00,433.2699999999998,433.44999999999976,431.5299999999998,431.8299999999998,1116
2026-07-01T14:55:00+00:00,431.8299999999998,431.9299999999998,429.2499999999998,430.3299999999998,1102.493508388038
2026-07-01T15:00:00+00:00,430.3299999999998,432.41999999999985,430.27999999999986,432.3199999999998,1133
2026-07-01T15:05:00+00:00,432.3199999999998,433.90999999999985,432.08999999999986,433.89999999999986,1129
2026-07-01T15:10:00+00:00,433.89999999999986,435.0099999999998,433.55999999999983,434.78999999999985,1076
2026-07-01T15:15:00+00:00,434.78999999999985,434.80999999999983,433.0799999999998,434.05999999999983,1057
2026-07-01T15:20:00+00:00,434.05999999999983,436.55999999999983,433.99999999999983,436.49999999999983,1086
2026-07-01T15:25:00+00:00,436.49999999999983,437.33999999999986,436.17999999999984,436.3199999999998,1173
2026-07-01T15:30:00+00:00,436.3199999999998,436.5799999999998,435.27999999999986,435.7699999999998,1098
2026-07-01T15:35:00+00:00,435.7699999999998,436.53999999999985,434.65999999999985,434.77999999999986,976
2026-07-01T15:40:00+00:00,434.77999999999986,435.34999999999985,434.2599999999998,435.0099999999998,834
2026-07-01T15:45:00+00:00,435.0099999999998,435.40999999999985,433.05999999999983,433.46999999999986,868
2026-07-01T15:50:00+00:00,433.46999999999986,433.9399999999998,433.1899999999998,433.3299999999998,788
2026-07-01T15:55:00+00:00,433.3299999999998,433.4599999999998,432.49999999999983,432.92999999999984,777
2026-07-01T16:00:00+00:00,432.92999999999984,433.16999999999985,431.8299999999998,431.91999999999985,776
2026-07-01T16:05:00+00:00,431.91999999999985,432.78999999999985,431.73999999999984,432.33999999999986,779
2026-07-01T16:10:00+00:00,432.33999999999986,432.74999999999983,432.05999999999983,432.6399999999998,655
2026-07-01T16:15:00+00:00,432.6399999999998,432.96999999999986,432.17999999999984,432.42999999999984,661
2026-07-01T16:20:00+00:00,432.42999999999984,432.78999999999985,431.77999999999986,432.46999999999986,635
2026-07-01T16:25:00+00:00,432.46999999999986,433.2599999999998,432.35999999999984,432.46999999999986,592
2026-07-01T16:30:00+00:00,432.46999999999986,432.86999999999983,431.90999999999985,432.03999999999985,554
2026-07-01T16:35:00+00:00,432.03999999999985,432.5799999999998,431.5699999999998,432.14999999999986,603
2026-07-01T16:40:00+00:00,432.14999999999986,432.41999999999985,431.65999999999985,431.98999999999984,582
2026-07-01T16:45:00+00:00,431.98999999999984,432.2099999999998,431.35999999999984,431.4399999999998,525
2026-07-01T16:50:00+00:00,431.4399999999998,431.79999999999984,430.2099999999998,430.65999999999985,781
2026-07-01T16:55:00+00:00,430.65999999999985,431.3899999999998,430.47999999999985,431.1299999999998,721
2026-07-01T17:00:00+00:00,431.1299999999998,431.53999999999985,430.35999999999984,430.61999999999983,713
2026-07-01T17:05:00+00:00,430.61999999999983,431.4599999999998,429.96999999999986,431.4399999999998,744
2026-07-01T17:10:00+00:00,431.4399999999998,432.09999999999985,430.89999999999986,431.84999999999985,669
2026-07-01T17:15:00+00:00,431.84999999999985,432.15999999999985,430.80999999999983,431.1999999999998,695
2026-07-01T17:20:00+00:00,431.1999999999998,431.72999999999985,431.10999999999984,431.72999999999985,464
2026-07-01T17:25:00+00:00,431.72999999999985,431.91999999999985,430.66999999999985,430.91999999999985,583
2026-07-01T17:30:00+00:00,430.91999999999985,431.27999999999986,429.6999999999998,429.77999999999986,723
2026-07-01T17:35:00+00:00,429.77999999999986,430.3299999999998,429.5699999999998,430.1899999999998,606
2026-07-01T17:40:00+00:00,430.1899999999998,430.6999999999998,430.15999999999985,430.3299999999998,492
2026-07-01T17:45:00+00:00,430.3299999999998,430.3299999999998,429.64999999999986,429.8899999999998,601
2026-07-01T17:50:00+00:00,429.8899999999998,430.8299999999998,429.8899999999998,430.54999999999984,514
2026-07-01T17:55:00+00:00,430.54999999999984,430.67999999999984,429.4599999999998,429.47999999999985,622
2026-07-01T18:00:00+00:00,429.47999999999985,429.89999999999986,429.29999999999984,429.6399999999998,683
2026-07-01T18:05:00+00:00,429.6399999999998,429.9499999999998,429.0699999999998,429.9499999999998,554
2026-07-01T18:10:00+00:00,429.9499999999998,429.99999999999983,429.09999999999985,429.17999999999984,452
2026-07-01T18:15:00+00:00,429.17999999999984,429.7699999999998,428.86999999999983,429.3899999999998,528
2026-07-01T18:20:00+00:00,429.3899999999998,429.99999999999983,429.1299999999998,429.73999999999984,490
2026-07-01T18:25:00+00:00,429.73999999999984,429.80999999999983,428.8199999999998,429.14999999999986,468
2026-07-01T18:30:00+00:00,429.14999999999986,429.4399999999998,428.58999999999986,429.33999999999986,481
2026-07-01T18:35:00+00:00,429.33999999999986,429.7699999999998,428.28999999999985,428.4399999999998,626
2026-07-01T18:40:00+00:00,428.4399999999998,429.15999999999985,428.24999999999983,429.0199999999998,497
2026-07-01T18:45:00+00:00,429.0199999999998,429.7099999999998,428.80999999999983,429.47999999999985,637
2026-07-01T18:50:00+00:00,429.47999999999985,429.92999999999984,429.0699999999998,429.22999999999985,520
2026-07-01T18:55:00+00:00,429.22999999999985,430.27999999999986,428.8199999999998,430.2699999999998,567
2026-07-01T19:00:00+00:00,430.2699999999998,430.8199999999998,429.35999999999984,429.8199999999998,729
2026-07-01T19:05:00+00:00,429.8199999999998,430.85999999999984,429.8199999999998,430.6999999999998,611
2026-07-01T19:10:00+00:00,430.6999999999998,430.96999999999986,429.7599999999998,430.92999999999984,647
2026-07-01T19:15:00+00:00,430.92999999999984,431.05999999999983,430.16999999999985,430.9399999999998,728
2026-07-01T19:20:00+00:00,430.9399999999998,430.9599999999998,429.80999999999983,429.83999999999986,566
2026-07-01T19:25:00+00:00,429.83999999999986,430.72999999999985,429.6399999999998,430.5099999999998,587
2026-07-01T19:30:00+00:00,430.5099999999998,431.0099999999998,430.0199999999998,430.7699999999998,676
2026-07-01T19:35:00+00:00,430.7699999999998,431.39999999999986,430.60999999999984,431.1899999999998,671
2026-07-01T19:40:00+00:00,431.1899999999998,431.8299999999998,430.5699999999998,431.58999999999986,793
2026-07-01T19:45:00+00:00,431.58999999999986,431.61999999999983,430.49999999999983,431.1899999999998,664
2026-07-01T19:50:00+00:00,431.1899999999998,431.4599999999998,429.66999999999985,430.4599999999998,934
2026-07-01T19:55:00+00:00,430.4599999999998,430.91999999999985,429.17999999999984,429.9399999999998,1497
2026-07-02T13:30:00+00:00,429.9399999999998,436.65999999999985,429.6299999999998,429.8199999999998,2384
2026-07-02T13:35:00+00:00,429.8199999999998,429.8299999999998,422.85999999999984,423.22999999999985,2120
2026-07-02T13:40:00+00:00,423.22999999999985,423.29999999999984,418.29999999999984,418.29999999999984,1947
2026-07-02T13:45:00+00:00,418.29999999999984,419.34999999999985,417.35999999999984,418.02999999999986,2149
2026-07-02T13:50:00+00:00,418.02999999999986,418.22999999999985,416.55999999999983,417.1299999999998,1688
2026-07-02T13:55:00+00:00,417.1299999999998,418.24999999999983,415.35999999999984,417.5099999999998,1569
2026-07-02T14:00:00+00:00,417.5099999999998,417.6299999999998,415.36999999999983,415.4399999999998,1506
2026-07-02T14:05:00+00:00,415.4399999999998,417.46999999999986,415.1299999999998,416.8299999999998,1551
2026-07-02T14:10:00+00:00,416.8299999999998,418.8299999999998,416.11999999999983,416.61999999999983,1621
2026-07-02T14:15:00+00:00,416.61999999999983,417.1899999999998,411.77999999999986,411.99999999999983,1923
2026-07-02T14:20:00+00:00,411.99999999999983,412.16999999999985,407.6899999999998,407.7099999999998,2124
2026-07-02T14:25:00+00:00,407.7099999999998,407.7599999999998,405.5799999999998,406.09999999999985,2051
2026-07-02T14:30:00+00:00,406.09999999999985,407.11999999999983,403.3199999999998,403.60999999999984,2071
2026-07-02T14:35:00+00:00,403.60999999999984,404.98999999999984,402.7599999999998,403.1399999999998,1997
2026-07-02T14:40:00+00:00,403.1399999999998,403.42999999999984,400.90999999999985,402.17999999999984,1891
2026-07-02T14:45:00+00:00,402.17999999999984,402.85999999999984,400.4499999999998,401.5099999999998,1918
2026-07-02T14:50:00+00:00,401.5099999999998,402.04999999999984,400.2099999999998,400.8799999999998,1745
2026-07-02T14:55:00+00:00,400.8799999999998,402.3399999999998,399.9499999999998,402.2799999999998,1613.4753389097202
2026-07-02T15:00:00+00:00,402.2799999999998,402.7199999999998,399.5099999999998,399.5099999999998,1965
2026-07-02T15:05:00+00:00,399.5099999999998,401.8299999999998,399.5099999999998,401.0099999999998,2032
2026-07-02T15:10:00+00:00,401.0099999999998,401.91999999999985,400.2199999999998,400.8899999999998,1807
2026-07-02T15:15:00+00:00,400.8899999999998,401.2099999999998,398.9399999999998,399.3399999999998,1485
2026-07-02T15:20:00+00:00,399.3399999999998,400.85999999999984,398.73999999999984,400.85999999999984,1369
2026-07-02T15:25:00+00:00,400.85999999999984,401.67999999999984,399.6299999999998,401.3999999999998,1383
2026-07-02T15:30:00+00:00,401.3999999999998,403.10999999999984,401.2699999999998,402.8299999999998,1394
2026-07-02T15:35:00+00:00,402.8299999999998,404.29999999999984,402.6399999999998,403.6599999999998,1441
2026-07-02T15:40:00+00:00,403.6599999999998,405.2599999999998,403.6499999999998,404.16999999999985,1354
2026-07-02T15:45:00+00:00,404.16999999999985,405.1499999999998,403.98999999999984,404.1999999999998,1325
2026-07-02T15:50:00+00:00,404.1999999999998,404.86999999999983,403.6899999999998,404.11999999999983,1074
2026-07-02T15:55:00+00:00,404.11999999999983,404.1399999999998,402.22999999999985,402.7699999999998,1223
2026-07-02T16:00:00+00:00,402.7699999999998,403.0699999999998,401.29999999999984,401.7099999999998,1423
2026-07-02T16:05:00+00:00,401.7099999999998,402.0799999999998,398.5899999999998,398.60999999999984,1272
2026-07-02T16:10:00+00:00,398.60999999999984,400.0899999999998,398.4099999999998,399.5299999999998,1224
2026-07-02T16:15:00+00:00,399.5299999999998,399.60999999999984,398.61999999999983,398.7699999999998,1047
2026-07-02T16:20:00+00:00,398.7699999999998,398.91999999999985,398.1399999999998,398.3299999999998,1109
2026-07-02T16:25:00+00:00,398.3299999999998,399.41999999999985,397.2799999999998,397.35999999999984,991
2026-07-02T16:30:00+00:00,397.35999999999984,397.53999999999985,395.41999999999985,395.5699999999998,1159
2026-07-02T16:35:00+00:00,395.5699999999998,396.0299999999998,394.7699999999998,395.8399999999998,1134
2026-07-02T16:40:00+00:00,395.8399999999998,396.9699999999998,395.74999999999983,396.6499999999998,1178
2026-07-02T16:45:00+00:00,396.6499999999998,397.0699999999998,395.85999999999984,396.5199999999998,1079
2026-07-02T16:50:00+00:00,396.5199999999998,397.7799999999998,395.85999999999984,396.7099999999998,1050
2026-07-02T16:55:00+00:00,396.7099999999998,396.73999999999984,395.10999999999984,395.24999999999983,1062
2026-07-02T17:00:00+00:00,395.24999999999983,395.5299999999998,394.7199999999998,395.1999999999998,1070
2026-07-02T17:05:00+00:00,395.1999999999998,396.6599999999998,394.8899999999998,396.36999999999983,1104
2026-07-02T17:10:00+00:00,396.36999999999983,396.3899999999998,395.1499999999998,395.41999999999985,1019
2026-07-02T17:15:00+00:00,395.41999999999985,395.66999999999985,394.6399999999998,394.72999999999985,1060
2026-07-02T17:20:00+00:00,394.72999999999985,395.61999999999983,394.5699999999998,395.3899999999998,907
2026-07-02T17:25:00+00:00,395.3899999999998,395.6599999999998,395.0099999999998,395.3399999999998,951
2026-07-02T17:30:00+00:00,395.3399999999998,396.5799999999998,395.3399999999998,395.9699999999998,1070
2026-07-02T17:35:00+00:00,395.9699999999998,396.0099999999998,394.5299999999998,394.59999999999985,1048
2026-07-02T17:40:00+00:00,394.59999999999985,395.36999999999983,394.5299999999998,395.1899999999998,856
2026-07-02T17:45:00+00:00,395.1899999999998,395.2699999999998,394.3999999999998,395.1299999999998,1055
2026-07-02T17:50:00+00:00,395.1299999999998,396.55999999999983,394.9099999999998,396.42999999999984,959
2026-07-02T17:55:00+00:00,396.42999999999984,396.59999999999985,395.3299999999998,395.85999999999984,929
2026-07-02T18:00:00+00:00,395.85999999999984,397.17999999999984,395.80999999999983,396.97999999999985,965
2026-07-02T18:05:00+00:00,396.97999999999985,398.7199999999998,396.8899999999998,398.6399999999998,1160
2026-07-02T18:10:00+00:00,398.6399999999998,398.8999999999998,397.5099999999998,397.61999999999983,1031
2026-07-02T18:15:00+00:00,397.61999999999983,398.3799999999998,397.0199999999998,398.0799999999998,1083
2026-07-02T18:20:00+00:00,398.0799999999998,398.55999999999983,397.7699999999998,397.99999999999983,856
2026-07-02T18:25:00+00:00,397.99999999999983,398.72999999999985,397.5199999999998,398.23999999999984,842
2026-07-02T18:30:00+00:00,398.23999999999984,398.7799999999998,397.53999999999985,397.8299999999998,1040
2026-07-02T18:35:00+00:00,397.8299999999998,398.2799999999998,396.6499999999998,397.4099999999998,986
2026-07-02T18:40:00+00:00,397.4099999999998,397.4099999999998,396.3199999999998,396.3199999999998,1000
2026-07-02T18:45:00+00:00,396.3199999999998,396.5799999999998,395.48999999999984,396.3799999999998,1029
2026-07-02T18:50:00+00:00,396.3799999999998,396.5099999999998,395.55999999999983,395.79999999999984,870
2026-07-02T18:55:00+00:00,395.79999999999984,396.66999999999985,395.7599999999998,396.66999999999985,812
2026-07-02T19:00:00+00:00,396.66999999999985,396.84999999999985,395.6299999999998,395.7199999999998,927
2026-07-02T19:05:00+00:00,395.7199999999998,396.42999999999984,395.4099999999998,395.91999999999985,939
2026-07-02T19:10:00+00:00,395.91999999999985,396.10999999999984,395.4099999999998,395.55999999999983,748
2026-07-02T19:15:00+00:00,395.55999999999983,395.6599999999998,395.0899999999998,395.1899999999998,758
2026-07-02T19:20:00+00:00,395.1899999999998,395.1999999999998,393.8199999999998,394.11999999999983,912
2026-07-02T19:25:00+00:00,394.11999999999983,395.78999999999985,393.98999999999984,395.6599999999998,797
2026-07-02T19:30:00+00:00,395.6599999999998,396.86999999999983,395.4399999999998,396.6599999999998,957
2026-07-02T19:35:00+00:00,396.6599999999998,396.86999999999983,395.8199999999998,395.9399999999998,884
2026-07-02T19:40:00+00:00,395.9399999999998,396.9499999999998,395.66999999999985,396.47999999999985,845
2026-07-02T19:45:00+00:00,396.47999999999985,396.5199999999998,395.4099999999998,395.55999999999983,829
2026-07-02T19:50:00+00:00,395.55999999999983,396.72999999999985,395.5199999999998,396.6299999999998,1132
2026-07-02T19:55:00+00:00,396.6299999999998,398.6899999999998,396.5699999999998,397.4099999999998,1275
2026-07-06T13:30:00+00:00,397.4099999999998,404.86999999999983,397.4099999999998,398.6399999999998,1861
2026-07-06T13:35:00+00:00,398.6399999999998,398.6399999999998,395.0299999999998,397.0199999999998,1720
2026-07-06T13:40:00+00:00,397.0199999999998,403.4399999999998,396.91999999999985,402.3199999999998,1762
2026-07-06T13:45:00+00:00,402.3199999999998,405.8999999999998,402.30999999999983,405.7199999999998,1677
2026-07-06T13:50:00+00:00,405.7199999999998,407.4699999999998,404.98999999999984,405.67999999999984,1666
2026-07-06T13:55:00+00:00,405.67999999999984,406.73999999999984,405.30999999999983,406.0799999999998,1308
2026-07-06T14:00:00+00:00,406.0799999999998,408.49999999999983,405.7699999999998,406.74999999999983,1633
2026-07-06T14:05:00+00:00,406.74999999999983,407.2599999999998,405.3899999999998,407.0799999999998,1249
2026-07-06T14:10:00+00:00,407.0799999999998,408.5099999999998,406.61999999999983,408.0699999999998,1158
2026-07-06T14:15:00+00:00,408.0699999999998,409.41999999999985,407.9499999999998,408.7199999999998,1174
2026-07-06T14:20:00+00:00,408.7199999999998,410.60999999999984,408.5199999999998,409.7199999999998,1306
2026-07-06T14:25:00+00:00,409.7199999999998,411.1899999999998,409.2099999999998,409.6599999999998,1180
2026-07-06T14:30:00+00:00,409.6599999999998,410.9399999999998,409.53999999999985,410.22999999999985,1052
2026-07-06T14:35:00+00:00,410.22999999999985,410.55999999999983,408.7099999999998,409.35999999999984,1040
2026-07-06T14:40:00+00:00,409.35999999999984,409.48999999999984,407.9399999999998,408.67999999999984,985
2026-07-06T14:45:00+00:00,408.67999999999984,409.1899999999998,407.8799999999998,408.28999999999985,811
2026-07-06T14:50:00+00:00,408.28999999999985,409.8999999999998,408.2199999999998,409.6499999999998,891
2026-07-06T14:55:00+00:00,409.6499999999998,412.66999999999985,409.3299999999998,412.0299999999998,1415
2026-07-06T15:00:00+00:00,412.0299999999998,414.59999999999985,412.0299999999998,414.11999999999983,1376
2026-07-06T15:05:00+00:00,414.11999999999983,414.8999999999998,413.5099999999998,414.3199999999998,1239
2026-07-06T15:10:00+00:00,414.3199999999998,415.5899999999998,413.16999999999985,414.09999999999985,1303
2026-07-06T15:15:00+00:00,414.09999999999985,414.24999999999983,413.6299999999998,414.11999999999983,1019
2026-07-06T15:20:00+00:00,414.11999999999983,414.85999999999984,413.5899999999998,414.85999999999984,904
2026-07-06T15:25:00+00:00,414.85999999999984,416.1499999999998,414.5199999999998,415.8199999999998,948
2026-07-06T15:30:00+00:00,415.8199999999998,417.59999999999985,415.5099999999998,417.0899999999998,1222
2026-07-06T15:35:00+00:00,417.0899999999998,417.29999999999984,416.0299999999998,416.41999999999985,904
2026-07-06T15:40:00+00:00,416.41999999999985,417.6399999999998,416.3999999999998,416.91999999999985,858
2026-07-06T15:45:00+00:00,416.91999999999985,417.7099999999998,416.53999999999985,417.3799999999998,823
2026-07-06T15:50:00+00:00,417.3799999999998,418.16999999999985,417.30999999999983,417.72999999999985,839
2026-07-06T15:55:00+00:00,417.72999999999985,419.03999999999985,417.3799999999998,418.5899999999998,1001
2026-07-06T16:00:00+00:00,418.5899999999998,420.03999999999985,418.3899999999998,419.3999999999998,1032
2026-07-06T16:05:00+00:00,419.3999999999998,421.55999999999983,419.11999999999983,420.9699999999998,1178
2026-07-06T16:10:00+00:00,420.9699999999998,421.72999999999985,420.7699999999998,421.3299999999998,1028
2026-07-06T16:15:00+00:00,421.3299999999998,422.80999999999983,421.30999999999983,422.4099999999998,1227
2026-07-06T16:20:00+00:00,422.4099999999998,422.73999999999984,421.10999999999984,421.34999999999985,1048
2026-07-06T16:25:00+00:00,421.34999999999985,421.78999999999985,420.9099999999998,421.10999999999984,1024
2026-07-06T16:30:00+00:00,421.10999999999984,422.59999999999985,420.11999999999983,422.11999999999983,1244
2026-07-06T16:35:00+00:00,422.11999999999983,422.9099999999998,421.74999999999983,421.9699999999998,1009
2026-07-06T16:40:00+00:00,421.9699999999998,422.9699999999998,421.4099999999998,421.42999999999984,881
2026-07-06T16:45:00+00:00,421.42999999999984,421.8199999999998,420.60999999999984,420.72999999999985,912
2026-07-06T16:50:00+00:00,420.72999999999985,422.60999999999984,420.5199999999998,421.9399999999998,924
2026-07-06T16:55:00+00:00,421.9399999999998,423.34999999999985,421.92999999999984,422.5699999999998,1038
2026-07-06T17:00:00+00:00,422.5699999999998,423.54999999999984,422.05999999999983,423.35999999999984,1003
2026-07-06T17:05:00+00:00,423.35999999999984,424.0199999999998,423.05999999999983,423.3399999999998,902
2026-07-06T17:10:00+00:00,423.3399999999998,423.4499999999998,421.7599999999998,422.49999999999983,897
2026-07-06T17:15:00+00:00,422.49999999999983,422.7199999999998,421.53999999999985,421.5699999999998,739
2026-07-06T17:20:00+00:00,421.5699999999998,422.3199999999998,421.5199999999998,422.17999999999984,713
2026-07-06T17:25:00+00:00,422.17999999999984,422.53999999999985,421.10999999999984,421.11999999999983,780
2026-07-06T17:30:00+00:00,421.11999999999983,421.2199999999998,419.5899999999998,420.0899999999998,1058
2026-07-06T17:35:00+00:00,420.0899999999998,420.22999999999985,419.5699999999998,419.8299999999998,874
2026-07-06T17:40:00+00:00,419.8299999999998,419.92999999999984,419.11999999999983,419.22999999999985,968
2026-07-06T17:45:00+00:00,419.22999999999985,419.4699999999998,418.5699999999998,418.9399999999998,899
2026-07-06T17:50:00+00:00,418.9399999999998,419.54999999999984,418.72999999999985,418.7599999999998,854
2026-07-06T17:55:00+00:00,418.7599999999998,419.05999999999983,418.59999999999985,418.98999999999984,681
2026-07-06T18:00:00+00:00,418.98999999999984,420.28999999999985,418.85999999999984,419.72999999999985,885
2026-07-06T18:05:00+00:00,419.72999999999985,420.03999999999985,419.59999999999985,419.7699999999998,586
2026-07-06T18:10:00+00:00,419.7699999999998,419.7699999999998,418.6299999999998,419.04999999999984,675
2026-07-06T18:15:00+00:00,419.04999999999984,420.0299999999998,418.86999999999983,419.3799999999998,674
2026-07-06T18:20:00+00:00,419.3799999999998,421.16999999999985,419.2199999999998,421.16999999999985,745
2026-07-06T18:25:00+00:00,421.16999999999985,422.0799999999998,420.8199999999998,422.0799999999998,804
2026-07-06T18:30:00+00:00,422.0799999999998,422.23999999999984,421.35999999999984,421.53999999999985,753
2026-07-06T18:35:00+00:00,421.53999999999985,421.5699999999998,421.03999999999985,421.16999999999985,589
2026-07-06T18:40:00+00:00,421.16999999999985,421.80999999999983,421.0199999999998,421.3999999999998,577
2026-07-06T18:45:00+00:00,421.3999999999998,421.8299999999998,421.0899999999998,421.47999999999985,683
2026-07-06T18:50:00+00:00,421.47999999999985,421.7699999999998,421.1399999999998,421.4699999999998,531
2026-07-06T18:55:00+00:00,421.4699999999998,421.6499999999998,420.6399999999998,420.80999999999983,660
2026-07-06T19:00:00+00:00,420.80999999999983,421.04999999999984,420.4099999999998,420.98999999999984,647
2026-07-06T19:05:00+00:00,420.98999999999984,422.09999999999985,420.97999999999985,421.4499999999998,765
2026-07-06T19:10:00+00:00,421.4499999999998,421.8899999999998,421.23999999999984,421.24999999999983,753
2026-07-06T19:15:00+00:00,421.24999999999983,422.7599999999998,421.09999999999985,422.61999999999983,741
2026-07-06T19:20:00+00:00,422.61999999999983,422.6299999999998,421.2699999999998,421.5099999999998,736
2026-07-06T19:25:00+00:00,421.5099999999998,421.92999999999984,421.0099999999998,421.67999999999984,605
2026-07-06T19:30:00+00:00,421.67999999999984,422.2199999999998,421.30999999999983,422.11999999999983,716
2026-07-06T19:35:00+00:00,422.11999999999983,422.24999999999983,421.2199999999998,421.53999999999985,629
2026-07-06T19:40:00+00:00,421.53999999999985,422.1999999999998,421.2699999999998,421.79999999999984,713
2026-07-06T19:45:00+00:00,421.79999999999984,422.55999999999983,421.54999999999984,422.10999999999984,776
2026-07-06T19:50:00+00:00,422.10999999999984,423.1599999999998,420.8199999999998,422.74999999999983,1204
2026-07-06T19:55:00+00:00,422.74999999999983,424.49999999999983,422.6299999999998,424.28999999999985,1686
2026-07-07T13:30:00+00:00,424.28999999999985,424.28999999999985,419.0299999999998,421.2799999999998,1936
2026-07-07T13:35:00+00:00,421.2799999999998,421.85999999999984,418.5199999999998,419.8399999999998,1894
2026-07-07T13:40:00+00:00,419.8399999999998,420.6899999999998,417.99999999999983,418.7699999999998,1666
2026-07-07T13:45:00+00:00,418.7699999999998,420.7799999999998,418.5099999999998,419.5199999999998,1581
2026-07-07T13:50:00+00:00,419.5199999999998,419.6499999999998,416.8799999999998,417.17999999999984,1429
2026-07-07T13:55:00+00:00,417.17999999999984,417.6599999999998,415.53999999999985,417.4599999999998,1626
2026-07-07T14:00:00+00:00,417.4599999999998,420.35999999999984,416.9599999999998,417.5899999999998,1738
2026-07-07T14:05:00+00:00,417.5899999999998,419.1999999999998,416.05999999999983,416.2799999999998,1537
2026-07-07T14:10:00+00:00,416.2799999999998,416.2799999999998,412.7099999999998,412.8399999999998,1510
2026-07-07T14:15:00+00:00,412.8399999999998,413.66999999999985,412.1599999999998,413.4599999999998,1555
2026-07-07T14:20:00+00:00,413.4599999999998,414.29999999999984,411.72999999999985,411.74999999999983,1492
2026-07-07T14:25:00+00:00,411.74999999999983,414.3199999999998,411.3999999999998,413.66999999999985,1380
2026-07-07T14:30:00+00:00,413.66999999999985,414.6499999999998,413.36999999999983,413.61999999999983,1367
2026-07-07T14:35:00+00:00,413.61999999999983,414.05999999999983,412.6999999999998,412.7599999999998,1336
2026-07-07T14:40:00+00:00,412.7599999999998,413.6299999999998,412.0199999999998,413.3399999999998,1150
2026-07-07T14:45:00+00:00,413.3399999999998,414.5699999999998,412.7199999999998,413.03999999999985,1293
2026-07-07T14:50:00+00:00,413.03999999999985,414.4599999999998,413.0099999999998,413.7199999999998,1158
2026-07-07T14:55:00+00:00,413.7199999999998,414.60999999999984,413.10999999999984,413.1999999999998,987
2026-07-07T15:00:00+00:00,413.1999999999998,413.3199999999998,412.3199999999998,413.1299999999998,1031
2026-07-07T15:05:00+00:00,413.1299999999998,413.80999999999983,412.7099999999998,413.74999999999983,856
2026-07-07T15:10:00+00:00,413.74999999999983,413.74999999999983,412.7599999999998,412.7599999999998,770
2026-07-07T15:15:00+00:00,412.7599999999998,412.7799999999998,410.92999999999984,410.92999999999984,1120
2026-07-07T15:20:00+00:00,410.92999999999984,411.1899999999998,409.91999999999985,410.7099999999998,1202
2026-07-07T15:25:00+00:00,410.7099999999998,411.6499999999998,410.34999999999985,410.7699999999998,902
2026-07-07T15:30:00+00:00,410.7699999999998,411.16999999999985,410.03999999999985,410.29999999999984,911
2026-07-07T15:35:00+00:00,410.29999999999984,411.2599999999998,409.5899999999998,409.6399999999998,1017
2026-07-07T15:40:00+00:00,409.6399999999998,411.09999999999985,408.9499999999998,411.09999999999985,955
2026-07-07T15:45:00+00:00,411.09999999999985,411.5299999999998,409.7599999999998,409.7599999999998,907
2026-07-07T15:50:00+00:00,409.7599999999998,411.17999999999984,409.67999999999984,410.74999999999983,794
2026-07-07T15:55:00+00:00,410.74999999999983,411.84999999999985,410.36999999999983,411.5899999999998,722
2026-07-07T16:00:00+00:00,411.5899999999998,412.2199999999998,411.5099999999998,411.72999999999985,778
2026-07-07T16:05:00+00:00,411.72999999999985,412.1599999999998,411.04999999999984,411.3799999999998,768
2026-07-07T16:10:00+00:00,411.3799999999998,412.1999999999998,411.36999999999983,411.9099999999998,711
2026-07-07T16:15:00+00:00,411.9099999999998,411.97999999999985,411.36999999999983,411.80999999999983,590
2026-07-07T16:20:00+00:00,411.80999999999983,412.4499999999998,411.35999999999984,411.35999999999984,691
2026-07-07T16:25:00+00:00,411.35999999999984,412.2599999999998,411.2199999999998,411.78999999999985,662
2026-07-07T16:30:00+00:00,411.78999999999985,412.1999999999998,411.2699999999998,411.66999999999985,661
2026-07-07T16:35:00+00:00,411.66999999999985,413.05999999999983,411.5099999999998,413.0199999999998,722
2026-07-07T16:40:00+00:00,413.0199999999998,413.11999999999983,412.5099999999998,412.7699999999998,608
2026-07-07T16:45:00+00:00,412.7699999999998,413.6899999999998,412.5899999999998,413.5899999999998,664
2026-07-07T16:50:00+00:00,413.5899999999998,414.5899999999998,413.4699999999998,414.1299999999998,852
2026-07-07T16:55:00+00:00,414.1299999999998,414.1299999999998,412.5299999999998,413.5099999999998,665
2026-07-07T17:00:00+00:00,413.5099999999998,413.73999999999984,413.0799999999998,413.30999999999983,536
2026-07-07T17:05:00+00:00,413.30999999999983,413.7099999999998,413.1499999999998,413.34999999999985,553
2026-07-07T17:10:00+00:00,413.34999999999985,413.34999999999985,411.1299999999998,411.1999999999998,752
2026-07-07T17:15:00+00:00,411.1999999999998,411.1999999999998,410.30999999999983,410.7099999999998,826
2026-07-07T17:20:00+00:00,410.7099999999998,412.09999999999985,410.5799999999998,411.7699999999998,796
2026-07-07T17:25:00+00:00,411.7699999999998,411.78999999999985,411.16999999999985,411.42999999999984,554
2026-07-07T17:30:00+00:00,411.42999999999984,411.6899999999998,410.67999999999984,410.78999999999985,632
2026-07-07T17:35:00+00:00,410.78999999999985,411.3799999999998,410.7599999999998,411.1499999999998,510
2026-07-07T17:40:00+00:00,411.1499999999998,411.48999999999984,410.72999999999985,411.1599999999998,503
2026-07-07T17:45:00+00:00,411.1599999999998,411.4499999999998,410.92999999999984,411.1599999999998,460
2026-07-07T17:50:00+00:00,411.1599999999998,411.5199999999998,410.9699999999998,411.4699999999998,435
2026-07-07T17:55:00+00:00,411.4699999999998,412.67999999999984,411.4699999999998,412.6499999999998,570
2026-07-07T18:00:00+00:00,412.6499999999998,412.8199999999998,412.22999999999985,412.2699999999998,666
2026-07-07T18:05:00+00:00,412.2699999999998,412.2699999999998,410.61999999999983,410.8299999999998,581
2026-07-07T18:10:00+00:00,410.8299999999998,411.7799999999998,410.7599999999998,411.41999999999985,588
2026-07-07T18:15:00+00:00,411.41999999999985,411.42999999999984,410.5299999999998,410.91999999999985,514
2026-07-07T18:20:00+00:00,410.91999999999985,411.7799999999998,410.6599999999998,411.7799999999998,533
2026-07-07T18:25:00+00:00,411.7799999999998,411.8899999999998,410.7799999999998,410.9399999999998,535
2026-07-07T18:30:00+00:00,410.9399999999998,411.05999999999983,410.0099999999998,410.1999999999998,753
2026-07-07T18:35:00+00:00,410.1999999999998,410.42999999999984,409.86999999999983,410.2799999999998,596
2026-07-07T18:40:00+00:00,410.2799999999998,410.2799999999998,409.2699999999998,409.6499999999998,702
2026-07-07T18:45:00+00:00,409.6499999999998,409.7799999999998,408.54999999999984,409.1299999999998,743
2026-07-07T18:50:00+00:00,409.1299999999998,409.28999999999985,408.10999999999984,408.47999999999985,922
2026-07-07T18:55:00+00:00,408.47999999999985,408.5299999999998,407.7599999999998,408.1999999999998,760
2026-07-07T19:00:00+00:00,408.1999999999998,408.30999999999983,407.55999999999983,408.1599999999998,747
2026-07-07T19:05:00+00:00,408.1599999999998,408.85999999999984,406.80999999999983,406.8199999999998,914
2026-07-07T19:10:00+00:00,406.8199999999998,407.3799999999998,406.5199999999998,407.11999999999983,822
2026-07-07T19:15:00+00:00,407.11999999999983,407.3199999999998,406.3999999999998,407.0199999999998,770
2026-07-07T19:20:00+00:00,407.0199999999998,407.34999999999985,406.5099999999998,407.1999999999998,823
2026-07-07T19:25:00+00:00,407.1999999999998,407.61999999999983,406.60999999999984,407.49999999999983,856
2026-07-07T19:30:00+00:00,407.49999999999983,407.91999999999985,407.11999999999983,407.30999999999983,926
2026-07-07T19:35:00+00:00,407.30999999999983,408.0899999999998,407.03999999999985,408.0199999999998,872
2026-07-07T19:40:00+00:00,408.0199999999998,408.24999999999983,407.5199999999998,407.6499999999998,682
2026-07-07T19:45:00+00:00,407.6499999999998,408.0899999999998,407.09999999999985,407.8199999999998,892
2026-07-07T19:50:00+00:00,407.8199999999998,409.60999999999984,407.8199999999998,408.86999999999983,1071
2026-07-07T19:55:00+00:00,408.86999999999983,408.9099999999998,406.5799999999998,407.5899999999998,1368
2026-07-08T13:30:00+00:00,407.5899999999998,407.5899999999998,400.1299999999998,402.0099999999998,2044
2026-07-08T13:35:00+00:00,402.0099999999998,402.1599999999998,399.41999999999985,401.4599999999998,2460
2026-07-08T13:40:00+00:00,401.4599999999998,403.3399999999998,401.30999999999983,403.0899999999998,2361
2026-07-08T13:45:00+00:00,403.0899999999998,403.22999999999985,400.54999999999984,400.86999999999983,2558
2026-07-08T13:50:00+00:00,400.86999999999983,401.1299999999998,398.91999999999985,399.2699999999998,2565
2026-07-08T13:55:00+00:00,399.2699999999998,400.4699999999998,398.2699999999998,400.24999999999983,2534
2026-07-08T14:00:00+00:00,400.24999999999983,400.29999999999984,398.4499999999998,398.6599999999998,2365
2026-07-08T14:05:00+00:00,398.6599999999998,399.7599999999998,398.6399999999998,399.55999999999983,2132
2026-07-08T14:10:00+00:00,399.55999999999983,400.0699999999998,398.60999999999984,398.86999999999983,2095
2026-07-08T14:15:00+00:00,398.86999999999983,398.9099999999998,397.91999999999985,398.53999999999985,2331
2026-07-08T14:20:00+00:00,398.53999999999985,401.59999999999985,398.4099999999998,401.0699999999998,2604
2026-07-08T14:25:00+00:00,401.0699999999998,402.03999999999985,399.2599999999998,399.8299999999998,2297
2026-07-08T14:30:00+00:00,399.8299999999998,400.0299999999998,398.8199999999998,399.42999999999984,1997
2026-07-08T14:35:00+00:00,399.42999999999984,399.6299999999998,397.6599999999998,398.7799999999998,2072
2026-07-08T14:40:00+00:00,398.7799999999998,399.49999999999983,398.0099999999998,398.3799999999998,1761
2026-07-08T14:45:00+00:00,398.3799999999998,398.41999999999985,396.5899999999998,396.59999999999985,1657
2026-07-08T14:50:00+00:00,396.59999999999985,398.4499999999998,396.41999999999985,397.8199999999998,2060
2026-07-08T14:55:00+00:00,397.8199999999998,397.91999999999985,396.80999999999983,397.09999999999985,1818.7663977783654
2026-07-08T15:00:00+00:00,397.09999999999985,397.35999999999984,396.0699999999999,396.0699999999999,1769
2026-07-08T15:05:00+00:00,396.0699999999999,396.78999999999985,395.90999999999985,396.20999999999987,1671
2026-07-08T15:10:00+00:00,396.20999999999987,396.7599999999999,395.41999999999985,395.71999999999986,1384
2026-07-08T15:15:00+00:00,395.71999999999986,396.97999999999985,395.52999999999986,396.6299999999999,1541
2026-07-08T15:20:00+00:00,396.6299999999999,397.0599999999999,395.72999999999985,395.89999999999986,1668
2026-07-08T15:25:00+00:00,395.89999999999986,396.9499999999999,395.73999999999984,396.42999999999984,1589
2026-07-08T15:30:00+00:00,396.42999999999984,397.1299999999999,396.10999999999984,397.1299999999999,1772
2026-07-08T15:35:00+00:00,397.1299999999999,397.52999999999986,396.41999999999985,396.57999999999987,1642
2026-07-08T15:40:00+00:00,396.57999999999987,397.27999999999986,396.54999999999984,397.07999999999987,1343
2026-07-08T15:45:00+00:00,397.07999999999987,397.6399999999999,396.5599999999999,397.1299999999999,1240
2026-07-08T15:50:00+00:00,397.1299999999999,397.59999999999985,396.6899999999999,397.59999999999985,1230
2026-07-08T15:55:00+00:00,397.59999999999985,397.79999999999984,397.15999999999985,397.33999999999986,1346
2026-07-08T16:00:00+00:00,397.33999999999986,398.3199999999999,397.26999999999987,398.07999999999987,1407
2026-07-08T16:05:00+00:00,398.07999999999987,398.78999999999985,398.03999999999985,398.15999999999985,1508
2026-07-08T16:10:00+00:00,398.15999999999985,398.77999999999986,398.15999999999985,398.54999999999984,1197
2026-07-08T16:15:00+00:00,398.54999999999984,398.9999999999999,398.0699999999999,398.78999999999985,1270
2026-07-08T16:20:00+00:00,398.78999999999985,399.07999999999987,398.0099999999999,398.03999999999985,1193
2026-07-08T16:25:00+00:00,398.03999999999985,398.40999999999985,397.76999999999987,398.2499999999999,1060
2026-07-08T16:30:00+00:00,398.2499999999999,398.82999999999987,397.34999999999985,397.4399999999999,1289
2026-07-08T16:35:00+00:00,397.4399999999999,398.32999999999987,397.2599999999999,398.20999999999987,1243
2026-07-08T16:40:00+00:00,398.20999999999987,399.2499999999999,397.59999999999985,398.60999999999984,1430
2026-07-08T16:45:00+00:00,398.60999999999984,398.72999999999985,398.15999999999985,398.60999999999984,985
2026-07-08T16:50:00+00:00,398.60999999999984,399.48999999999984,398.47999999999985,399.36999999999983,1186
2026-07-08T16:55:00+00:00,399.36999999999983,399.48999999999984,398.91999999999985,399.0699999999999,918
2026-07-08T17:00:00+00:00,399.0699999999999,399.07999999999987,397.78999999999985,398.33999999999986,969
2026-07-08T17:05:00+00:00,398.33999999999986,398.9399999999999,398.27999999999986,398.64999999999986,878
2026-07-08T17:10:00+00:00,398.64999999999986,398.7499999999999,398.02999999999986,398.07999999999987,834
2026-07-08T17:15:00+00:00,398.07999999999987,398.51999999999987,398.0599999999999,398.34999999999985,740
2026-07-08T17:20:00+00:00,398.34999999999985,398.89999999999986,398.0699999999999,398.8799999999999,897
2026-07-08T17:25:00+00:00,398.8799999999999,399.34999999999985,398.67999999999984,399.34999999999985,840
2026-07-08T17:30:00+00:00,399.34999999999985,399.9399999999999,399.14999999999986,399.3899999999999,970
2026-07-08T17:35:00+00:00,399.3899999999999,399.70999999999987,399.08999999999986,399.17999999999984,872
2026-07-08T17:40:00+00:00,399.17999999999984,399.27999999999986,397.82999999999987,397.85999999999984,932
2026-07-08T17:45:00+00:00,397.85999999999984,397.92999999999984,396.66999999999985,397.09999999999985,1170
2026-07-08T17:50:00+00:00,397.09999999999985,397.53999999999985,396.85999999999984,397.09999999999985,899
2026-07-08T17:55:00+00:00,397.09999999999985,397.1299999999999,396.6299999999999,396.72999999999985,857
2026-07-08T18:00:00+00:00,396.72999999999985,397.70999999999987,396.5099999999999,397.39999999999986,1109
2026-07-08T18:05:00+00:00,397.39999999999986,397.57999999999987,396.97999999999985,397.35999999999984,940
2026-07-08T18:10:00+00:00,397.35999999999984,397.6399999999999,397.11999999999983,397.15999999999985,847
2026-07-08T18:15:00+00:00,397.15999999999985,397.45999999999987,396.57999999999987,396.72999999999985,999
2026-07-08T18:20:00+00:00,396.72999999999985,396.84999999999985,396.04999999999984,396.11999999999983,923
2026-07-08T18:25:00+00:00,396.11999999999983,396.26999999999987,395.71999999999986,395.85999999999984,982
2026-07-08T18:30:00+00:00,395.85999999999984,396.11999999999983,395.45999999999987,395.78999999999985,1157
2026-07-08T18:35:00+00:00,395.78999999999985,397.02999999999986,395.40999999999985,396.53999999999985,1119
2026-07-08T18:40:00+00:00,396.53999999999985,396.66999999999985,395.03999999999985,395.39999999999986,1001
2026-07-08T18:45:00+00:00,395.39999999999986,395.46999999999986,395.1399999999999,395.39999999999986,702
2026-07-08T18:50:00+00:00,395.39999999999986,395.9499999999999,395.0699999999999,395.23999999999984,926
2026-07-08T18:55:00+00:00,395.23999999999984,395.79999999999984,394.97999999999985,395.7499999999999,798
2026-07-08T19:00:00+00:00,395.7499999999999,396.41999999999985,395.6399999999999,395.9999999999999,1005
2026-07-08T19:05:00+00:00,395.9999999999999,396.7599999999999,395.96999999999986,396.71999999999986,934
2026-07-08T19:10:00+00:00,396.71999999999986,396.7599999999999,396.39999999999986,396.72999999999985,711
2026-07-08T19:15:00+00:00,396.72999999999985,397.26999999999987,396.26999999999987,396.59999999999985,825
2026-07-08T19:20:00+00:00,396.59999999999985,397.52999999999986,396.47999999999985,397.2599999999999,863
2026-07-08T19:25:00+00:00,397.2599999999999,397.66999999999985,396.6999999999999,397.20999999999987,781
2026-07-08T19:30:00+00:00,397.20999999999987,397.61999999999983,397.1399999999999,397.3899999999999,936
2026-07-08T19:35:00+00:00,397.3899999999999,398.04999999999984,397.34999999999985,397.91999999999985,787
2026-07-08T19:40:00+00:00,397.91999999999985,398.32999999999987,397.67999999999984,398.10999999999984,796
2026-07-08T19:45:00+00:00,398.10999999999984,398.8199999999999,397.47999999999985,398.58999999999986,1086
2026-07-08T19:50:00+00:00,398.58999999999986,400.4999999999999,398.46999999999986,399.98999999999984,1075
2026-07-08T19:55:00+00:00,399.98999999999984,399.98999999999984,397.96999999999986,398.1399999999999,1626
2026-07-09T13:30:00+00:00,398.1399999999999,399.7499999999999,395.33999999999986,396.2499999999999,1407
2026-07-09T13:35:00+00:00,396.2499999999999,397.8899999999999,395.97999999999985,397.73999999999984,1109
2026-07-09T13:40:00+00:00,397.73999999999984,400.16999999999985,397.46999999999986,399.65999999999985,1399
2026-07-09T13:45:00+00:00,399.65999999999985,400.64999999999986,398.3799999999999,398.77999999999986,1207
2026-07-09T13:50:00+00:00,398.77999999999986,399.09999999999985,397.33999999999986,398.26999999999987,1144
2026-07-09T13:55:00+00:00,398.26999999999987,399.91999999999985,397.8899999999999,399.73999999999984,1030
2026-07-09T14:00:00+00:00,399.73999999999984,402.57999999999987,399.58999999999986,402.47999999999985,1262
2026-07-09T14:05:00+00:00,402.47999999999985,402.85999999999984,400.21999999999986,400.59999999999985,1123
2026-07-09T14:10:00+00:00,400.59999999999985,400.65999999999985,397.5699999999999,398.3199999999999,1114
2026-07-09T14:15:00+00:00,398.3199999999999,398.35999999999984,396.3799999999999,396.8199999999999,1203
2026-07-09T14:20:00+00:00,396.8199999999999,397.46999999999986,396.3799999999999,397.33999999999986,952
2026-07-09T14:25:00+00:00,397.33999999999986,399.10999999999984,397.32999999999987,398.9499999999999,828
2026-07-09T14:30:00+00:00,398.9499999999999,398.9499999999999,397.66999999999985,397.6899999999999,965
2026-07-09T14:35:00+00:00,397.6899999999999,399.6399999999999,397.4999999999999,399.57999999999987,989
2026-07-09T14:40:00+00:00,399.57999999999987,399.65999999999985,398.27999999999986,398.4999999999999,800
2026-07-09T14:45:00+00:00,398.4999999999999,399.47999999999985,398.47999999999985,399.23999999999984,637
2026-07-09T14:50:00+00:00,399.23999999999984,399.8899999999999,398.84999999999985,399.8099999999999,984
2026-07-09T14:55:00+00:00,399.8099999999999,400.4499999999999,399.46999999999986,400.09999999999985,774
2026-07-09T15:00:00+00:00,400.09999999999985,401.22999999999985,399.96999999999986,400.76999999999987,766
2026-07-09T15:05:00+00:00,400.76999999999987,401.42999999999984,400.16999999999985,400.20999999999987,661
2026-07-09T15:10:00+00:00,400.20999999999987,400.58999999999986,399.53999999999985,399.77999999999986,662
2026-07-09T15:15:00+00:00,399.77999999999986,400.29999999999984,398.89999999999986,399.46999999999986,599
2026-07-09T15:20:00+00:00,399.46999999999986,399.8899999999999,399.21999999999986,399.5699999999999,464
2026-07-09T15:25:00+00:00,399.5699999999999,400.5099999999999,399.5599999999999,400.16999999999985,461
2026-07-09T15:30:00+00:00,400.16999999999985,400.9499999999999,400.0599999999999,400.3899999999999,599
2026-07-09T15:35:00+00:00,400.3899999999999,401.59999999999985,400.26999999999987,401.5599999999999,669
2026-07-09T15:40:00+00:00,401.5599999999999,401.84999999999985,401.2499999999999,401.42999999999984,544
2026-07-09T15:45:00+00:00,401.42999999999984,404.39999999999986,401.35999999999984,404.2599999999999,754
2026-07-09T15:50:00+00:00,404.2599999999999,404.8899999999999,403.2499999999999,403.6899999999999,1059
2026-07-09T15:55:00+00:00,403.6899999999999,404.0099999999999,402.9999999999999,403.86999999999983,702
2026-07-09T16:00:00+00:00,403.86999999999983,404.8199999999999,403.73999999999984,404.3899999999999,670
2026-07-09T16:05:00+00:00,404.3899999999999,404.79999999999984,404.14999999999986,404.17999999999984,611
2026-07-09T16:10:00+00:00,404.17999999999984,405.5099999999999,403.8799999999999,405.39999999999986,670
2026-07-09T16:15:00+00:00,405.39999999999986,406.4399999999999,405.39999999999986,405.77999999999986,846
2026-07-09T16:20:00+00:00,405.77999999999986,406.28999999999985,404.33999999999986,404.4499999999999,660
2026-07-09T16:25:00+00:00,404.4499999999999,404.45999999999987,402.7499999999999,402.97999999999985,620
2026-07-09T16:30:00+00:00,402.97999999999985,403.10999999999984,402.46999999999986,402.83999999999986,496
2026-07-09T16:35:00+00:00,402.83999999999986,404.3199999999999,402.76999999999987,404.0599999999999,582
2026-07-09T16:40:00+00:00,404.0599999999999,405.71999999999986,403.96999999999986,405.4399999999999,548
2026-07-09T16:45:00+00:00,405.4399999999999,406.48999999999984,405.41999999999985,406.3099999999999,634
2026-07-09T16:50:00+00:00,406.3099999999999,406.4999999999999,405.9999999999999,406.07999999999987,437
2026-07-09T16:55:00+00:00,406.07999999999987,406.27999999999986,405.82999999999987,406.14999999999986,409
2026-07-09T17:00:00+00:00,406.14999999999986,408.48999999999984,406.0699999999999,408.3799999999999,781
2026-07-09T17:05:00+00:00,408.3799999999999,408.54999999999984,407.78999999999985,407.95999999999987,641
2026-07-09T17:10:00+00:00,407.95999999999987,408.11999999999983,407.29999999999984,408.03999999999985,575
2026-07-09T17:15:00+00:00,408.03999999999985,409.67999999999984,407.95999999999987,409.5599999999999,554
2026-07-09T17:20:00+00:00,409.5599999999999,409.8799999999999,408.66999999999985,408.90999999999985,664
2026-07-09T17:25:00+00:00,408.90999999999985,409.21999999999986,408.3099999999999,408.8799999999999,636
2026-07-09T17:30:00+00:00,408.8799999999999,408.9999999999999,407.28999999999985,408.28999999999985,614
2026-07-09T17:35:00+00:00,408.28999999999985,409.4999999999999,408.14999999999986,408.6299999999999,638
2026-07-09T17:40:00+00:00,408.6299999999999,408.8199999999999,408.02999999999986,408.46999999999986,615
2026-07-09T17:45:00+00:00,408.46999999999986,409.23999999999984,408.4399999999999,408.71999999999986,611
2026-07-09T17:50:00+00:00,408.71999999999986,409.27999999999986,408.5099999999999,409.20999999999987,599
2026-07-09T17:55:00+00:00,409.20999999999987,409.65999999999985,408.96999999999986,409.39999999999986,734
2026-07-09T18:00:00+00:00,409.39999999999986,409.66999999999985,408.79999999999984,408.95999999999987,627
2026-07-09T18:05:00+00:00,408.95999999999987,409.34999999999985,408.76999999999987,408.95999999999987,471
2026-07-09T18:10:00+00:00,408.95999999999987,410.4499999999999,408.95999999999987,410.34999999999985,575
2026-07-09T18:15:00+00:00,410.34999999999985,410.70999999999987,409.79999999999984,410.46999999999986,583
2026-07-09T18:20:00+00:00,410.46999999999986,411.5099999999999,410.1899999999999,411.03999999999985,618
2026-07-09T18:25:00+00:00,411.03999999999985,412.2599999999999,410.96999999999986,411.8199999999999,697
2026-07-09T18:30:00+00:00,411.8199999999999,412.28999999999985,411.07999999999987,411.07999999999987,615
2026-07-09T18:35:00+00:00,411.07999999999987,411.6399999999999,410.79999999999984,411.3199999999999,497
2026-07-09T18:40:00+00:00,411.3199999999999,411.5599999999999,411.1899999999999,411.34999999999985,426
2026-07-09T18:45:00+00:00,411.34999999999985,411.65999999999985,411.17999999999984,411.46999999999986,500
2026-07-09T18:50:00+00:00,411.46999999999986,411.96999999999986,411.3199999999999,411.90999999999985,423
2026-07-09T18:55:00+00:00,411.90999999999985,412.10999999999984,411.57999999999987,411.66999999999985,407
2026-07-09T19:00:00+00:00,411.66999999999985,412.16999999999985,411.0699999999999,411.6399999999999,566
2026-07-09T19:05:00+00:00,411.6399999999999,411.65999999999985,410.86999999999983,411.0699999999999,506
2026-07-09T19:10:00+00:00,411.0699999999999,411.21999999999986,410.3799999999999,411.08999999999986,560
2026-07-09T19:15:00+00:00,411.08999999999986,411.73999999999984,410.83999999999986,411.3799999999999,490
2026-07-09T19:20:00+00:00,411.3799999999999,411.39999999999986,410.5699999999999,410.59999999999985,460
2026-07-09T19:25:00+00:00,410.59999999999985,410.76999999999987,410.02999999999986,410.23999999999984,520
2026-07-09T19:30:00+00:00,410.23999999999984,410.46999999999986,409.32999999999987,410.1999999999999,716
2026-07-09T19:35:00+00:00,410.1999999999999,410.72999999999985,408.92999999999984,409.01999999999987,538
2026-07-09T19:40:00+00:00,409.01999999999987,409.6399999999999,408.92999999999984,409.16999999999985,529
2026-07-09T19:45:00+00:00,409.16999999999985,409.8099999999999,409.08999999999986,409.6999999999999,531
2026-07-09T19:50:00+00:00,409.6999999999999,409.6999999999999,408.32999999999987,408.60999999999984,701
2026-07-09T19:55:00+00:00,408.60999999999984,411.07999999999987,408.59999999999985,410.83999999999986,1350
2026-07-10T13:30:00+00:00,410.83999999999986,416.95999999999987,410.83999999999986,415.1899999999999,2105
2026-07-10T13:35:00+00:00,415.1899999999999,416.35999999999984,410.57999999999987,410.59999999999985,1759
2026-07-10T13:40:00+00:00,410.59999999999985,412.98999999999984,409.36999999999983,412.17999999999984,1712
2026-07-10T13:45:00+00:00,412.17999999999984,413.85999999999984,411.9499999999999,413.5599999999999,1331
2026-07-10T13:50:00+00:00,413.5599999999999,415.36999999999983,413.1999999999999,414.46999999999986,1307
2026-07-10T13:55:00+00:00,414.46999999999986,414.8799999999999,413.72999999999985,414.1899999999999,1183
2026-07-10T14:00:00+00:00,414.1899999999999,414.4399999999999,412.47999999999985,413.16999999999985,1251
2026-07-10T14:05:00+00:00,413.16999999999985,415.32999999999987,412.47999999999985,414.86999999999983,1078
2026-07-10T14:10:00+00:00,414.86999999999983,415.83999999999986,414.5599999999999,414.9399999999999,1180
2026-07-10T14:15:00+00:00,414.9399999999999,415.21999999999986,413.1299999999999,413.4499999999999,1080
2026-07-10T14:20:00+00:00,413.4499999999999,413.5699999999999,410.20999999999987,411.53999999999985,1330
2026-07-10T14:25:00+00:00,411.53999999999985,412.76999999999987,410.6999999999999,411.98999999999984,1101
2026-07-10T14:30:00+00:00,411.98999999999984,412.2599999999999,407.26999999999987,411.48999999999984,1856
2026-07-10T14:35:00+00:00,411.48999999999984,413.15999999999985,411.17999999999984,412.72999999999985,1299
2026-07-10T14:40:00+00:00,412.72999999999985,412.8199999999999,411.47999999999985,412.3099999999999,1107
2026-07-10T14:45:00+00:00,412.3099999999999,413.83999999999986,411.89999999999986,413.67999999999984,1063
2026-07-10T14:50:00+00:00,413.67999999999984,413.95999999999987,411.73999999999984,411.78999999999985,1150
2026-07-10T14:55:00+00:00,411.78999999999985,412.28999999999985,410.6899999999999,411.1999999999999,1105.7708959711365
2026-07-10T15:00:00+00:00,411.1999999999999,411.58999999999986,410.60999999999984,410.73999999999984,1063
2026-07-10T15:05:00+00:00,410.73999999999984,411.52999999999986,410.28999999999985,411.3699999999999,877
2026-07-10T15:10:00+00:00,411.3699999999999,411.97999999999985,410.58999999999986,410.6899999999999,882
2026-07-10T15:15:00+00:00,410.6899999999999,412.77999999999986,410.64999999999986,412.02999999999986,1027
2026-07-10T15:20:00+00:00,412.02999999999986,413.71999999999986,411.59999999999985,413.6199999999999,915
2026-07-10T15:25:00+00:00,413.6199999999999,414.2499999999999,413.42999999999984,414.01999999999987,959
2026-07-10T15:30:00+00:00,414.01999999999987,414.96999999999986,413.72999999999985,414.9499999999999,1089
2026-07-10T15:35:00+00:00,414.9499999999999,415.0599999999999,412.8099999999999,412.89999999999986,947
2026-07-10T15:40:00+00:00,412.89999999999986,413.39999999999986,411.57999999999987,412.04999999999984,1049
2026-07-10T15:45:00+00:00,412.04999999999984,412.72999999999985,411.22999999999985,412.58999999999986,837
2026-07-10T15:50:00+00:00,412.58999999999986,414.7499999999999,412.54999999999984,414.23999999999984,923
2026-07-10T15:55:00+00:00,414.23999999999984,414.5699999999999,413.7499999999999,413.8899999999999,651
2026-07-10T16:00:00+00:00,413.8899999999999,415.22999999999985,413.8899999999999,414.46999999999986,878
2026-07-10T16:05:00+00:00,414.46999999999986,414.97999999999985,414.1299999999999,414.8899999999999,706
2026-07-10T16:10:00+00:00,414.8899999999999,415.83999999999986,414.04999999999984,414.15999999999985,889
2026-07-10T16:15:00+00:00,414.15999999999985,416.5099999999999,414.1299999999999,416.1299999999999,925
2026-07-10T16:20:00+00:00,416.1299999999999,416.15999999999985,415.03999999999985,415.07999999999987,666
2026-07-10T16:25:00+00:00,415.07999999999987,416.2499999999999,414.78999999999985,415.0599999999999,756
2026-07-10T16:30:00+00:00,415.0599999999999,416.04999999999984,415.0599999999999,415.83999999999986,652
2026-07-10T16:35:00+00:00,415.83999999999986,416.46999999999986,415.33999999999986,415.7499999999999,590
2026-07-10T16:40:00+00:00,415.7499999999999,416.59999999999985,415.5599999999999,416.09999999999985,586
2026-07-10T16:45:00+00:00,416.09999999999985,416.58999999999986,416.0699999999999,416.51999999999987,571
2026-07-10T16:50:00+00:00,416.51999999999987,417.64999999999986,416.14999999999986,417.17999999999984,810
2026-07-10T16:55:00+00:00,417.17999999999984,417.21999999999986,416.52999999999986,416.70999999999987,627
2026-07-10T17:00:00+00:00,416.70999999999987,416.90999999999985,416.02999999999986,416.2499999999999,711
2026-07-10T17:05:00+00:00,416.2499999999999,416.26999999999987,414.83999999999986,414.92999999999984,682
2026-07-10T17:10:00+00:00,414.92999999999984,415.2499999999999,412.77999999999986,413.46999999999986,852
2026-07-10T17:15:00+00:00,413.46999999999986,414.07999999999987,413.3699999999999,413.64999999999986,738
2026-07-10T17:20:00+00:00,413.64999999999986,414.92999999999984,413.60999999999984,414.58999999999986,695
2026-07-10T17:25:00+00:00,414.58999999999986,415.57999999999987,414.5599999999999,414.64999999999986,595
2026-07-10T17:30:00+00:00,414.64999999999986,414.79999999999984,413.32999999999987,413.59999999999985,695
2026-07-10T17:35:00+00:00,413.59999999999985,413.9999999999999,413.1299999999999,413.89999999999986,548
2026-07-10T17:40:00+00:00,413.89999999999986,413.9999999999999,413.1299999999999,413.1899999999999,500
2026-07-10T17:45:00+00:00,413.1899999999999,413.45999999999987,413.02999999999986,413.29999999999984,470
2026-07-10T17:50:00+00:00,413.29999999999984,413.53999999999985,413.17999999999984,413.21999999999986,356
2026-07-10T17:55:00+00:00,413.21999999999986,413.32999999999987,412.76999999999987,413.15999999999985,479
2026-07-10T18:00:00+00:00,413.15999999999985,415.17999999999984,413.04999999999984,414.16999999999985,735
2026-07-10T18:05:00+00:00,414.16999999999985,414.6399999999999,414.07999999999987,414.3799999999999,462
2026-07-10T18:10:00+00:00,414.3799999999999,415.64999999999986,414.26999999999987,415.09999999999985,607
2026-07-10T18:15:00+00:00,415.09999999999985,415.2499999999999,414.16999999999985,414.16999999999985,618
2026-07-10T18:20:00+00:00,414.16999999999985,414.46999999999986,413.67999999999984,414.28999999999985,611
2026-07-10T18:25:00+00:00,414.28999999999985,414.33999999999986,413.32999999999987,413.4499999999999,531
2026-07-10T18:30:00+00:00,413.4499999999999,413.7599999999999,413.29999999999984,413.39999999999986,426
2026-07-10T18:35:00+00:00,413.39999999999986,413.39999999999986,412.32999999999987,412.83999999999986,696
2026-07-10T18:40:00+00:00,412.83999999999986,414.16999999999985,412.78999999999985,413.7499999999999,566
2026-07-10T18:45:00+00:00,413.7499999999999,413.8199999999999,412.6899999999999,412.8699999999999,506
2026-07-10T18:50:00+00:00,412.8699999999999,412.95999999999987,412.64999999999986,412.89999999999986,488
2026-07-10T18:55:00+00:00,412.89999999999986,413.45999999999987,412.8799999999999,412.96999999999986,438
2026-07-10T19:00:00+00:00,412.96999999999986,413.8199999999999,412.8799999999999,413.60999999999984,504
2026-07-10T19:05:00+00:00,413.60999999999984,413.6899999999999,413.22999999999985,413.2599999999999,460
2026-07-10T19:10:00+00:00,413.2599999999999,413.7599999999999,413.10999999999984,413.59999999999985,494
2026-07-10T19:15:00+00:00,413.59999999999985,414.2599999999999,413.39999999999986,414.07999999999987,512
2026-07-10T19:20:00+00:00,414.07999999999987,414.32999999999987,413.73999999999984,414.3099999999999,492
2026-07-10T19:25:00+00:00,414.3099999999999,414.3699999999999,413.33999999999986,413.40999999999985,503
2026-07-10T19:30:00+00:00,413.40999999999985,413.85999999999984,413.1899999999999,413.71999999999986,490
2026-07-10T19:35:00+00:00,413.71999999999986,414.6299999999999,413.39999999999986,414.23999999999984,496
2026-07-10T19:40:00+00:00,414.23999999999984,414.8099999999999,414.1299999999999,414.5099999999999,523
2026-07-10T19:45:00+00:00,414.5099999999999,414.95999999999987,413.34999999999985,413.64999999999986,637
2026-07-10T19:50:00+00:00,413.64999999999986,413.71999999999986,411.67999999999984,412.2599999999999,666
2026-07-10T19:55:00+00:00,412.2599999999999,412.64999999999986,411.67999999999984,412.3199999999999,840
2026-07-13T13:30:00+00:00,412.3199999999999,412.3199999999999,404.17999999999984,404.85999999999984,1887
2026-07-13T13:35:00+00:00,404.85999999999984,404.8799999999999,400.15999999999985,400.8899999999999,2318
2026-07-13T13:40:00+00:00,400.8899999999999,401.5699999999999,399.32999999999987,401.52999999999986,2255
2026-07-13T13:45:00+00:00,401.52999999999986,401.6999999999999,399.52999999999986,400.15999999999985,2028
2026-07-13T13:50:00+00:00,400.15999999999985,400.27999999999986,398.7599999999999,399.16999999999985,2018
2026-07-13T13:55:00+00:00,399.16999999999985,400.51999999999987,398.60999999999984,399.96999999999986,1948
2026-07-13T14:00:00+00:00,399.96999999999986,400.54999999999984,398.72999999999985,399.72999999999985,1875
2026-07-13T14:05:00+00:00,399.72999999999985,400.14999999999986,398.41999999999985,399.7599999999999,1821
2026-07-13T14:10:00+00:00,399.7599999999999,399.8099999999999,398.6399999999999,399.4399999999999,1634
2026-07-13T14:15:00+00:00,399.4399999999999,399.79999999999984,397.2499999999999,398.23999999999984,2178
2026-07-13T14:20:00+00:00,398.23999999999984,399.48999999999984,397.3899999999999,399.33999999999986,1835
2026-07-13T14:25:00+00:00,399.33999999999986,402.27999999999986,398.96999999999986,402.2599999999999,1849
2026-07-13T14:30:00+00:00,402.2599999999999,403.76999999999987,401.85999999999984,403.0099999999999,1679
2026-07-13T14:35:00+00:00,403.0099999999999,403.7599999999999,402.60999999999984,403.54999999999984,1390
2026-07-13T14:40:00+00:00,403.54999999999984,403.54999999999984,402.02999999999986,402.65999999999985,1237
2026-07-13T14:45:00+00:00,402.65999999999985,403.41999999999985,401.9999999999999,402.84999999999985,1181
2026-07-13T14:50:00+00:00,402.84999999999985,403.58999999999986,402.40999999999985,402.8699999999999,1305
2026-07-13T14:55:00+00:00,402.8699999999999,403.77999999999986,401.8199999999999,402.1999999999999,1000
2026-07-13T15:00:00+00:00,402.1999999999999,403.10999999999984,401.58999999999986,401.8099999999999,1436
2026-07-13T15:05:00+00:00,401.8099999999999,402.51999999999987,401.54999999999984,401.9999999999999,1239
2026-07-13T15:10:00+00:00,401.9999999999999,402.34999999999985,401.54999999999984,401.6899999999999,889
2026-07-13T15:15:00+00:00,401.6899999999999,402.8799999999999,401.39999999999986,402.73999999999984,1069
2026-07-13T15:20:00+00:00,402.73999999999984,403.64999999999986,402.52999999999986,402.7599999999999,1066
2026-07-13T15:25:00+00:00,402.7599999999999,402.76999999999987,400.77999999999986,401.72999999999985,1240
2026-07-13T15:30:00+00:00,401.72999999999985,402.65999999999985,401.22999999999985,402.2599999999999,920
2026-07-13T15:35:00+00:00,402.2599999999999,402.28999999999985,401.28999999999985,401.8699999999999,1051
2026-07-13T15:40:00+00:00,401.8699999999999,402.17999999999984,401.52999999999986,402.17999999999984,798
2026-07-13T15:45:00+00:00,402.17999999999984,402.20999999999987,400.2499999999999,400.40999999999985,900
2026-07-13T15:50:00+00:00,400.40999999999985,400.51999999999987,399.3899999999999,400.07999999999987,1204
2026-07-13T15:55:00+00:00,400.07999999999987,400.2499999999999,399.59999999999985,399.9999999999999,683
2026-07-13T16:00:00+00:00,399.9999999999999,400.07999999999987,398.92999999999984,398.95999999999987,877
2026-07-13T16:05:00+00:00,398.95999999999987,399.47999999999985,398.66999999999985,399.4399999999999,828
2026-07-13T16:10:00+00:00,399.4399999999999,400.5099999999999,399.22999999999985,399.6199999999999,1157
2026-07-13T16:15:00+00:00,399.6199999999999,399.7599999999999,398.77999999999986,399.1299999999999,1126
2026-07-13T16:20:00+00:00,399.1299999999999,399.14999999999986,398.3899999999999,398.64999999999986,963
2026-07-13T16:25:00+00:00,398.64999999999986,398.77999999999986,398.09999999999985,398.6399999999999,878
2026-07-13T16:30:00+00:00,398.6399999999999,398.6399999999999,398.1199999999999,398.15999999999985,905
2026-07-13T16:35:00+00:00,398.15999999999985,398.47999999999985,397.3799999999999,398.34999999999985,1235
2026-07-13T16:40:00+00:00,398.34999999999985,398.85999999999984,398.27999999999986,398.4399999999999,934
2026-07-13T16:45:00+00:00,398.4399999999999,398.8099999999999,398.09999999999985,398.40999999999985,847
2026-07-13T16:50:00+00:00,398.40999999999985,398.42999999999984,397.3099999999999,397.67999999999984,1264
2026-07-13T16:55:00+00:00,397.67999999999984,398.26999999999987,397.47999999999985,398.17999999999984,1008
2026-07-13T17:00:00+00:00,398.17999999999984,398.4499999999999,397.53999999999985,397.89999999999986,931
2026-07-13T17:05:00+00:00,397.89999999999986,398.72999999999985,397.8699999999999,398.5699999999999,864
2026-07-13T17:10:00+00:00,398.5699999999999,399.5699999999999,398.5699999999999,399.17999999999984,894
2026-07-13T17:15:00+00:00,399.17999999999984,399.1899999999999,398.34999999999985,398.6299999999999,505
2026-07-13T17:20:00+00:00,398.6299999999999,398.6299999999999,398.10999999999984,398.21999999999986,697
2026-07-13T17:25:00+00:00,398.21999999999986,398.2599999999999,397.73999999999984,397.8799999999999,817
2026-07-13T17:30:00+00:00,397.8799999999999,398.60999999999984,397.82999999999987,398.39999999999986,681
2026-07-13T17:35:00+00:00,398.39999999999986,398.40999999999985,397.02999999999986,397.3799999999999,659
2026-07-13T17:40:00+00:00,397.3799999999999,398.65999999999985,397.20999999999987,398.32999999999987,834
2026-07-13T17:45:00+00:00,398.32999999999987,398.4999999999999,397.52999999999986,397.54999999999984,638
2026-07-13T17:50:00+00:00,397.54999999999984,397.66999999999985,397.07999999999987,397.64999999999986,915
2026-07-13T17:55:00+00:00,397.64999999999986,397.8899999999999,397.52999999999986,397.58999999999986,675
2026-07-13T18:00:00+00:00,397.58999999999986,398.1199999999999,397.20999999999987,397.45999999999987,916
2026-07-13T18:05:00+00:00,397.45999999999987,398.20999999999987,397.45999999999987,397.7499999999999,797
2026-07-13T18:10:00+00:00,397.7499999999999,397.82999999999987,397.07999999999987,397.60999999999984,872
2026-07-13T18:15:00+00:00,397.60999999999984,398.03999999999985,397.32999999999987,397.57999999999987,806
2026-07-13T18:20:00+00:00,397.57999999999987,398.1199999999999,397.47999999999985,397.9999999999999,696
2026-07-13T18:25:00+00:00,397.9999999999999,398.0599999999999,397.08999999999986,397.10999999999984,631
2026-07-13T18:30:00+00:00,397.10999999999984,397.95999999999987,396.67999999999984,397.27999999999986,859
2026-07-13T18:35:00+00:00,397.27999999999986,397.58999999999986,397.02999999999986,397.4999999999999,729
2026-07-13T18:40:00+00:00,397.4999999999999,397.4999999999999,397.08999999999986,397.3099999999999,693
2026-07-13T18:45:00+00:00,397.3099999999999,397.72999999999985,397.1299999999999,397.6399999999999,714
2026-07-13T18:50:00+00:00,397.6399999999999,397.7599999999999,397.28999999999985,397.3199999999999,660
2026-07-13T18:55:00+00:00,397.3199999999999,397.33999999999986,396.79999999999984,397.03999999999985,606
2026-07-13T19:00:00+00:00,397.03999999999985,397.46999999999986,396.64999999999986,397.0699999999999,665
2026-07-13T19:05:00+00:00,397.0699999999999,397.17999999999984,396.57999999999987,396.6299999999999,547
2026-07-13T19:10:00+00:00,396.6299999999999,396.72999999999985,396.04999999999984,396.66999999999985,757
2026-07-13T19:15:00+00:00,396.66999999999985,396.8899999999999,396.3699999999999,396.52999999999986,601
2026-07-13T19:20:00+00:00,396.52999999999986,396.5699999999999,395.8899999999999,396.40999999999985,730
2026-07-13T19:25:00+00:00,396.40999999999985,396.64999999999986,396.02999999999986,396.3699999999999,591
2026-07-13T19:30:00+00:00,396.3699999999999,397.16999999999985,396.34999999999985,396.79999999999984,910
2026-07-13T19:35:00+00:00,396.79999999999984,396.9399999999999,396.45999999999987,396.52999999999986,537
2026-07-13T19:40:00+00:00,396.52999999999986,397.4499999999999,396.4499999999999,397.1299999999999,665
2026-07-13T19:45:00+00:00,397.1299999999999,397.6999999999999,396.9499999999999,397.4499999999999,666
2026-07-13T19:50:00+00:00,397.4499999999999,398.82999999999987,397.4499999999999,398.67999999999984,1002
2026-07-13T19:55:00+00:00,398.67999999999984,399.42999999999984,398.0599999999999,399.20999999999987,1323
2026-07-14T13:30:00+00:00,399.20999999999987,404.76999999999987,399.20999999999987,401.70999999999987,1993
2026-07-14T13:35:00+00:00,401.70999999999987,403.67999999999984,400.84999999999985,403.52999999999986,2027
2026-07-14T13:40:00+00:00,403.52999999999986,404.22999999999985,401.32999999999987,401.67999999999984,2124
2026-07-14T13:45:00+00:00,401.67999999999984,402.64999999999986,399.72999999999985,402.02999999999986,2104
2026-07-14T13:50:00+00:00,402.02999999999986,403.66999999999985,401.76999999999987,402.58999999999986,1900
2026-07-14T13:55:00+00:00,402.58999999999986,403.4499999999999,402.17999999999984,402.73999999999984,1473
2026-07-14T14:00:00+00:00,402.73999999999984,403.4399999999999,402.29999999999984,402.51999999999987,1446
2026-07-14T14:05:00+00:00,402.51999999999987,403.64999999999986,402.1899999999999,403.16999999999985,1733
2026-07-14T14:10:00+00:00,403.16999999999985,403.65999999999985,402.29999999999984,403.54999999999984,1675
2026-07-14T14:15:00+00:00,403.54999999999984,403.57999999999987,401.70999999999987,402.79999999999984,1925
2026-07-14T14:20:00+00:00,402.79999999999984,403.70999999999987,402.6399999999999,402.70999999999987,1743
2026-07-14T14:25:00+00:00,402.70999999999987,403.2599999999999,401.82999999999987,402.04999999999984,1615
2026-07-14T14:30:00+00:00,402.04999999999984,403.9399999999999,401.20999999999987,402.6199999999999,1600
2026-07-14T14:35:00+00:00,402.6199999999999,403.42999999999984,402.22999999999985,402.65999999999985,1384
2026-07-14T14:40:00+00:00,402.65999999999985,403.15999999999985,401.8699999999999,402.17999999999984,1105
2026-07-14T14:45:00+00:00,402.17999999999984,402.46999999999986,401.2599999999999,401.6399999999999,1221
2026-07-14T14:50:00+00:00,401.6399999999999,403.23999999999984,401.42999999999984,403.16999999999985,1187
2026-07-14T14:55:00+00:00,403.16999999999985,403.72999999999985,403.07999999999987,403.42999999999984,966
2026-07-14T15:00:00+00:00,403.42999999999984,403.7499999999999,402.6199999999999,403.1399999999999,1133
2026-07-14T15:05:00+00:00,403.1399999999999,405.04999999999984,402.82999999999987,404.9399999999999,1398
2026-07-14T15:10:00+00:00,404.9399999999999,406.64999999999986,404.39999999999986,405.0099999999999,1482
2026-07-14T15:15:00+00:00,405.0099999999999,405.3099999999999,404.01999999999987,404.07999999999987,1114
2026-07-14T15:20:00+00:00,404.07999999999987,404.07999999999987,403.22999999999985,403.41999999999985,1185
2026-07-14T15:25:00+00:00,403.41999999999985,404.2499999999999,403.29999999999984,404.1199999999999,1002
2026-07-14T15:30:00+00:00,404.1199999999999,404.33999999999986,402.9999999999999,402.9999999999999,1166
2026-07-14T15:35:00+00:00,402.9999999999999,403.07999999999987,402.1999999999999,402.6199999999999,1165
2026-07-14T15:40:00+00:00,402.6199999999999,402.67999999999984,401.45999999999987,401.70999999999987,1223
2026-07-14T15:45:00+00:00,401.70999999999987,402.40999999999985,401.6999999999999,401.84999999999985,915
2026-07-14T15:50:00+00:00,401.84999999999985,402.0099999999999,400.46999999999986,400.52999999999986,999
2026-07-14T15:55:00+00:00,400.52999999999986,401.1299999999999,400.28999999999985,400.98999999999984,1031
2026-07-14T16:00:00+00:00,400.98999999999984,401.15999999999985,400.2499999999999,400.5099999999999,1028
2026-07-14T16:05:00+00:00,400.5099999999999,401.22999999999985,400.48999999999984,400.92999999999984,919
2026-07-14T16:10:00+00:00,400.92999999999984,401.07999999999987,400.42999999999984,400.64999999999986,890
2026-07-14T16:15:00+00:00,400.64999999999986,400.97999999999985,400.1399999999999,400.91999999999985,942
2026-07-14T16:20:00+00:00,400.91999999999985,401.32999999999987,400.39999999999986,400.77999999999986,915
2026-07-14T16:25:00+00:00,400.77999999999986,401.1299999999999,400.6899999999999,401.0099999999999,615
2026-07-14T16:30:00+00:00,401.0099999999999,401.96999999999986,400.97999999999985,401.7499999999999,981
2026-07-14T16:35:00+00:00,401.7499999999999,402.66999999999985,401.7499999999999,402.2599999999999,709
2026-07-14T16:40:00+00:00,402.2599999999999,402.33999999999986,401.72999999999985,401.98999999999984,613
2026-07-14T16:45:00+00:00,401.98999999999984,402.1999999999999,400.82999999999987,401.1899999999999,776
2026-07-14T16:50:00+00:00,401.1899999999999,401.41999999999985,400.6299999999999,400.7599999999999,706
2026-07-14T16:55:00+00:00,400.7599999999999,400.9999999999999,399.92999999999984,399.9399999999999,602
2026-07-14T17:00:00+00:00,399.9399999999999,400.6199999999999,399.79999999999984,400.3699999999999,671
2026-07-14T17:05:00+00:00,400.3699999999999,400.3899999999999,399.73999999999984,399.9499999999999,588
2026-07-14T17:10:00+00:00,399.9499999999999,400.33999999999986,399.7499999999999,399.84999999999985,606
2026-07-14T17:15:00+00:00,399.84999999999985,400.0099999999999,399.28999999999985,399.98999999999984,612
2026-07-14T17:20:00+00:00,399.98999999999984,400.4499999999999,399.85999999999984,400.03999999999985,568
2026-07-14T17:25:00+00:00,400.03999999999985,400.27999999999986,399.9399999999999,399.9399999999999,427
2026-07-14T17:30:00+00:00,399.9399999999999,399.9399999999999,399.4399999999999,399.7599999999999,476
2026-07-14T17:35:00+00:00,399.7599999999999,400.07999999999987,399.65999999999985,399.9399999999999,399
2026-07-14T17:40:00+00:00,399.9399999999999,400.1199999999999,399.72999999999985,399.72999999999985,315
2026-07-14T17:45:00+00:00,399.72999999999985,400.4499999999999,399.4499999999999,400.1199999999999,646
2026-07-14T17:50:00+00:00,400.1199999999999,400.64999999999986,400.07999999999987,400.6399999999999,386
2026-07-14T17:55:00+00:00,400.6399999999999,400.64999999999986,400.10999999999984,400.27999999999986,624
2026-07-14T18:00:00+00:00,400.27999999999986,401.15999999999985,399.92999999999984,400.9499999999999,715
2026-07-14T18:05:00+00:00,400.9499999999999,401.34999999999985,400.6999999999999,400.84999999999985,582
2026-07-14T18:10:00+00:00,400.84999999999985,401.14999999999986,400.45999999999987,400.64999999999986,479
2026-07-14T18:15:00+00:00,400.64999999999986,401.02999999999986,400.4999999999999,400.95999999999987,471
2026-07-14T18:20:00+00:00,400.95999999999987,401.0099999999999,400.6299999999999,400.82999999999987,364
2026-07-14T18:25:00+00:00,400.82999999999987,401.39999999999986,400.6999999999999,400.91999999999985,516
2026-07-14T18:30:00+00:00,400.91999999999985,401.01999999999987,400.59999999999985,400.7499999999999,477
2026-07-14T18:35:00+00:00,400.7499999999999,401.20999999999987,400.57999999999987,400.6999999999999,547
2026-07-14T18:40:00+00:00,400.6999999999999,400.6999999999999,399.92999999999984,400.29999999999984,799
2026-07-14T18:45:00+00:00,400.29999999999984,400.7499999999999,400.26999999999987,400.5699999999999,514
2026-07-14T18:50:00+00:00,400.5699999999999,401.42999999999984,400.3899999999999,401.28999999999985,551
2026-07-14T18:55:00+00:00,401.28999999999985,401.53999999999985,401.08999999999986,401.22999999999985,478
2026-07-14T19:00:00+00:00,401.22999999999985,401.47999999999985,401.02999999999986,401.2499999999999,467
2026-07-14T19:05:00+00:00,401.2499999999999,401.83999999999986,401.1199999999999,401.34999999999985,567
2026-07-14T19:10:00+00:00,401.34999999999985,401.6999999999999,401.20999999999987,401.35999999999984,626
2026-07-14T19:15:00+00:00,401.35999999999984,401.47999999999985,400.73999999999984,400.9999999999999,631
2026-07-14T19:20:00+00:00,400.9999999999999,401.64999999999986,400.90999999999985,401.5099999999999,452
2026-07-14T19:25:00+00:00,401.5099999999999,401.79999999999984,401.10999999999984,401.1299999999999,625
2026-07-14T19:30:00+00:00,401.1299999999999,401.15999999999985,400.3899999999999,400.6899999999999,831
2026-07-14T19:35:00+00:00,400.6899999999999,400.6999999999999,399.7499999999999,399.97999999999985,717
2026-07-14T19:40:00+00:00,399.97999999999985,400.65999999999985,399.8699999999999,400.42999999999984,543
2026-07-14T19:45:00+00:00,400.42999999999984,400.90999999999985,400.39999999999986,400.76999999999987,513
2026-07-14T19:50:00+00:00,400.76999999999987,401.54999999999984,400.48999999999984,400.4999999999999,874
2026-07-14T19:55:00+00:00,400.4999999999999,401.2499999999999,400.21999999999986,400.66999999999985,1373
2026-07-15T13:30:00+00:00,400.66999999999985,409.3799999999999,400.66999999999985,409.0099999999999,1811
2026-07-15T13:35:00+00:00,409.0099999999999,411.07999999999987,408.1399999999999,408.67999999999984,1873
2026-07-15T13:40:00+00:00,408.67999999999984,409.1399999999999,407.1299999999999,407.1299999999999,1424
2026-07-15T13:45:00+00:00,407.1299999999999,407.41999999999985,404.59999999999985,404.95999999999987,1679
2026-07-15T13:50:00+00:00,404.95999999999987,404.97999999999985,401.95999999999987,402.53999999999985,1471
2026-07-15T13:55:00+00:00,402.53999999999985,403.22999999999985,402.17999999999984,402.91999999999985,1198
2026-07-15T14:00:00+00:00,402.91999999999985,403.6999999999999,402.27999999999986,403.40999999999985,1120
2026-07-15T14:05:00+00:00,403.40999999999985,404.89999999999986,403.32999999999987,404.21999999999986,1017
2026-07-15T14:10:00+00:00,404.21999999999986,404.83999999999986,402.6299999999999,402.6299999999999,1059
2026-07-15T14:15:00+00:00,402.6299999999999,402.6299999999999,401.07999999999987,401.66999999999985,1225
2026-07-15T14:20:00+00:00,401.66999999999985,401.8199999999999,398.57999999999987,398.64999999999986,1216
2026-07-15T14:25:00+00:00,398.64999999999986,402.16999999999985,397.72999999999985,402.15999999999985,1188
2026-07-15T14:30:00+00:00,402.15999999999985,403.2599999999999,400.03999999999985,401.02999999999986,1358
2026-07-15T14:35:00+00:00,401.02999999999986,401.6199999999999,399.54999999999984,400.6299999999999,1059
2026-07-15T14:40:00+00:00,400.6299999999999,400.92999999999984,399.33999999999986,399.9399999999999,971
2026-07-15T14:45:00+00:00,399.9399999999999,400.70999999999987,399.34999999999985,400.40999999999985,844
2026-07-15T14:50:00+00:00,400.40999999999985,400.6399999999999,399.34999999999985,399.58999999999986,747
2026-07-15T14:55:00+00:00,399.58999999999986,400.5099999999999,399.52999999999986,400.5099999999999,759.0607371918708
2026-07-15T15:00:00+00:00,400.5099999999999,400.8699999999999,399.8499999999999,400.5799999999999,800
2026-07-15T15:05:00+00:00,400.5799999999999,402.3499999999999,400.4899999999999,402.2899999999999,784
2026-07-15T15:10:00+00:00,402.2899999999999,402.2899999999999,400.8499999999999,400.8699999999999,761
2026-07-15T15:15:00+00:00,400.8699999999999,402.0399999999999,400.0699999999999,401.7299999999999,843
2026-07-15T15:20:00+00:00,401.7299999999999,402.13999999999993,400.6499999999999,401.3399999999999,830
2026-07-15T15:25:00+00:00,401.3399999999999,402.1099999999999,400.8699999999999,401.9499999999999,803
2026-07-15T15:30:00+00:00,401.9499999999999,402.2699999999999,401.2299999999999,401.6799999999999,697
2026-07-15T15:35:00+00:00,401.6799999999999,401.8499999999999,400.8799999999999,401.6699999999999,702
2026-07-15T15:40:00+00:00,401.6699999999999,401.9099999999999,400.6799999999999,401.0499999999999,663
2026-07-15T15:45:00+00:00,401.0499999999999,401.0499999999999,399.9999999999999,400.2299999999999,749
2026-07-15T15:50:00+00:00,400.2299999999999,400.2599999999999,399.6499999999999,399.8499999999999,575
2026-07-15T15:55:00+00:00,399.8499999999999,400.0999999999999,399.6599999999999,399.7299999999999,565
2026-07-15T16:00:00+00:00,399.7299999999999,400.2999999999999,398.6099999999999,399.1799999999999,753
2026-07-15T16:05:00+00:00,399.1799999999999,399.2499999999999,398.1499999999999,398.9499999999999,871
2026-07-15T16:10:00+00:00,398.9499999999999,399.0899999999999,397.2499999999999,397.4799999999999,1025
2026-07-15T16:15:00+00:00,397.4799999999999,397.9399999999999,397.0899999999999,397.3999999999999,926
2026-07-15T16:20:00+00:00,397.3999999999999,397.5299999999999,396.2499999999999,396.3299999999999,828
2026-07-15T16:25:00+00:00,396.3299999999999,397.2099999999999,396.2399999999999,397.2099999999999,731
2026-07-15T16:30:00+00:00,397.2099999999999,397.5399999999999,396.0499999999999,396.1799999999999,778
2026-07-15T16:35:00+00:00,396.1799999999999,396.2099999999999,395.3799999999999,395.6699999999999,698
2026-07-15T16:40:00+00:00,395.6699999999999,396.5099999999999,395.1999999999999,396.2699999999999,631
2026-07-15T16:45:00+00:00,396.2699999999999,396.9999999999999,395.8199999999999,396.7999999999999,935
2026-07-15T16:50:00+00:00,396.7999999999999,397.6799999999999,396.5499999999999,397.2499999999999,601
2026-07-15T16:55:00+00:00,397.2499999999999,397.9999999999999,397.0699999999999,397.9699999999999,514
2026-07-15T17:00:00+00:00,397.9699999999999,398.5699999999999,397.8799999999999,398.4899999999999,516
2026-07-15T17:05:00+00:00,398.4899999999999,399.3699999999999,398.0599999999999,399.3499999999999,397
2026-07-15T17:10:00+00:00,399.3499999999999,399.5099999999999,398.5499999999999,398.5499999999999,483
2026-07-15T17:15:00+00:00,398.5499999999999,399.9799999999999,398.4599999999999,399.9799999999999,513
2026-07-15T17:20:00+00:00,399.9799999999999,400.3199999999999,399.6299999999999,400.1499999999999,522
2026-07-15T17:25:00+00:00,400.1499999999999,400.7899999999999,400.1499999999999,400.4399999999999,514
2026-07-15T17:30:00+00:00,400.4399999999999,402.7199999999999,400.3499999999999,402.4699999999999,714
2026-07-15T17:35:00+00:00,402.4699999999999,403.3999999999999,401.8699999999999,402.4399999999999,762
2026-07-15T17:40:00+00:00,402.4399999999999,402.6799999999999,402.0799999999999,402.2299999999999,520
2026-07-15T17:45:00+00:00,402.2299999999999,403.0599999999999,402.0899999999999,402.8299999999999,590
2026-07-15T17:50:00+00:00,402.8299999999999,403.7699999999999,402.3499999999999,403.3499999999999,624
2026-07-15T17:55:00+00:00,403.3499999999999,403.7799999999999,403.1199999999999,403.5099999999999,569
2026-07-15T18:00:00+00:00,403.5099999999999,403.8999999999999,402.3599999999999,402.38999999999993,651
2026-07-15T18:05:00+00:00,402.38999999999993,403.1499999999999,402.3599999999999,402.7299999999999,614
2026-07-15T18:10:00+00:00,402.7299999999999,402.8099999999999,402.4299999999999,402.4699999999999,419
2026-07-15T18:15:00+00:00,402.4699999999999,402.4999999999999,401.7799999999999,401.7999999999999,475
2026-07-15T18:20:00+00:00,401.7999999999999,402.2099999999999,401.6499999999999,401.7999999999999,398
2026-07-15T18:25:00+00:00,401.7999999999999,401.8199999999999,400.8799999999999,401.0799999999999,499
2026-07-15T18:30:00+00:00,401.0799999999999,402.2999999999999,401.0399999999999,401.6799999999999,526
2026-07-15T18:35:00+00:00,401.6799999999999,402.0199999999999,401.4099999999999,401.6599999999999,434
2026-07-15T18:40:00+00:00,401.6599999999999,401.8199999999999,401.2999999999999,401.3699999999999,403
2026-07-15T18:45:00+00:00,401.3699999999999,401.4999999999999,400.3199999999999,400.4399999999999,592
2026-07-15T18:50:00+00:00,400.4399999999999,400.5099999999999,399.6699999999999,399.7899999999999,538
2026-07-15T18:55:00+00:00,399.7899999999999,400.0699999999999,399.0999999999999,399.4299999999999,579
2026-07-15T19:00:00+00:00,399.4299999999999,400.63999999999993,399.2999999999999,400.1699999999999,462
2026-07-15T19:05:00+00:00,400.1699999999999,400.2099999999999,399.3999999999999,399.7299999999999,427
2026-07-15T19:10:00+00:00,399.7299999999999,399.8499999999999,399.4499999999999,399.5999999999999,435
2026-07-15T19:15:00+00:00,399.5999999999999,399.9299999999999,399.5499999999999,399.5799999999999,340
2026-07-15T19:20:00+00:00,399.5799999999999,399.7699999999999,399.1499999999999,399.5199999999999,410
2026-07-15T19:25:00+00:00,399.5199999999999,399.5399999999999,399.0999999999999,399.1699999999999,367
2026-07-15T19:30:00+00:00,399.1699999999999,399.88999999999993,398.7999999999999,398.8599999999999,634
2026-07-15T19:35:00+00:00,398.8599999999999,399.6499999999999,398.7499999999999,399.4499999999999,434
2026-07-15T19:40:00+00:00,399.4499999999999,399.6299999999999,399.1199999999999,399.2199999999999,372
2026-07-15T19:45:00+00:00,399.2199999999999,399.2599999999999,398.8599999999999,398.88999999999993,428
2026-07-15T19:50:00+00:00,398.88999999999993,399.8299999999999,398.5699999999999,398.8299999999999,677
2026-07-15T19:55:00+00:00,398.8299999999999,399.2699999999999,398.5499999999999,398.8099999999999,966
2026-07-16T13:30:00+00:00,398.8099999999999,398.8099999999999,391.7499999999999,393.3099999999999,1777
2026-07-16T13:35:00+00:00,393.3099999999999,393.7399999999999,391.8699999999999,392.38999999999993,1458
2026-07-16T13:40:00+00:00,392.38999999999993,393.5999999999999,391.1299999999999,391.13999999999993,1348
2026-07-16T13:45:00+00:00,391.13999999999993,392.0899999999999,390.6799999999999,390.8499999999999,1307
2026-07-16T13:50:00+00:00,390.8499999999999,391.5799999999999,390.2999999999999,390.2999999999999,1101
2026-07-16T13:55:00+00:00,390.2999999999999,391.6699999999999,389.8499999999999,391.5399999999999,1141
2026-07-16T14:00:00+00:00,391.5399999999999,394.5399999999999,391.4199999999999,393.4499999999999,1315
2026-07-16T14:05:00+00:00,393.4499999999999,395.5499999999999,393.1799999999999,395.38999999999993,1034
2026-07-16T14:10:00+00:00,395.38999999999993,397.6699999999999,394.6699999999999,396.7599999999999,1182
2026-07-16T14:15:00+00:00,396.7599999999999,398.6499999999999,396.5499999999999,398.2699999999999,1085
2026-07-16T14:20:00+00:00,398.2699999999999,398.5499999999999,395.6699999999999,395.8799999999999,954
2026-07-16T14:25:00+00:00,395.8799999999999,399.4199999999999,395.5699999999999,399.0799999999999,1001
2026-07-16T14:30:00+00:00,399.0799999999999,399.2799999999999,397.4899999999999,397.5399999999999,1032
2026-07-16T14:35:00+00:00,397.5399999999999,398.9199999999999,397.5099999999999,397.9999999999999,813
2026-07-16T14:40:00+00:00,397.9999999999999,398.7399999999999,397.3199999999999,398.5799999999999,739
2026-07-16T14:45:00+00:00,398.5799999999999,399.8199999999999,398.2699999999999,398.7099999999999,907
2026-07-16T14:50:00+00:00,398.7099999999999,398.8499999999999,397.63999999999993,398.4999999999999,1042
2026-07-16T14:55:00+00:00,398.4999999999999,399.5799999999999,397.1099999999999,398.8099999999999,1115
2026-07-16T15:00:00+00:00,398.8099999999999,399.0299999999999,397.4299999999999,397.4399999999999,931
2026-07-16T15:05:00+00:00,397.4399999999999,398.2899999999999,396.9499999999999,398.2299999999999,709
2026-07-16T15:10:00+00:00,398.2299999999999,398.3699999999999,396.7499999999999,397.2299999999999,779
2026-07-16T15:15:00+00:00,397.2299999999999,397.7799999999999,397.0099999999999,397.3099999999999,680
2026-07-16T15:20:00+00:00,397.3099999999999,397.9499999999999,396.5599999999999,397.8699999999999,768
2026-07-16T15:25:00+00:00,397.8699999999999,398.7799999999999,397.6899999999999,398.0599999999999,681
2026-07-16T15:30:00+00:00,398.0599999999999,398.6799999999999,397.5499999999999,398.4499999999999,737
2026-07-16T15:35:00+00:00,398.4499999999999,399.0799999999999,398.2599999999999,398.9499999999999,582
2026-07-16T15:40:00+00:00,398.9499999999999,399.0999999999999,397.38999999999993,397.7799999999999,636
2026-07-16T15:45:00+00:00,397.7799999999999,397.7999999999999,396.5499999999999,397.3099999999999,576
2026-07-16T15:50:00+00:00,397.3099999999999,397.7199999999999,396.9999999999999,397.2399999999999,418
2026-07-16T15:55:00+00:00,397.2399999999999,397.4299999999999,396.7499999999999,397.1799999999999,446
2026-07-16T16:00:00+00:00,397.1799999999999,397.1899999999999,394.6299999999999,394.7499999999999,836
2026-07-16T16:05:00+00:00,394.7499999999999,394.7499999999999,393.8699999999999,394.5099999999999,701
2026-07-16T16:10:00+00:00,394.5099999999999,394.5099999999999,392.9499999999999,393.3399999999999,821
2026-07-16T16:15:00+00:00,393.3399999999999,393.7599999999999,392.9099999999999,393.4499999999999,590
2026-07-16T16:20:00+00:00,393.4499999999999,393.4499999999999,392.3499999999999,393.0699999999999,828
2026-07-16T16:25:00+00:00,393.0699999999999,393.7899999999999,392.8299999999999,393.7499999999999,655
2026-07-16T16:30:00+00:00,393.7499999999999,394.0699999999999,393.0499999999999,393.4499999999999,519
2026-07-16T16:35:00+00:00,393.4499999999999,393.7499999999999,392.9199999999999,393.0699999999999,477
2026-07-16T16:40:00+00:00,393.0699999999999,393.38999999999993,392.7899999999999,392.9099999999999,417
2026-07-16T16:45:00+00:00,392.9099999999999,393.2599999999999,392.5499999999999,392.8299999999999,506
2026-07-16T16:50:00+00:00,392.8299999999999,393.1199999999999,392.4499999999999,393.0299999999999,427
2026-07-16T16:55:00+00:00,393.0299999999999,393.5399999999999,393.0299999999999,393.4899999999999,423
2026-07-16T17:00:00+00:00,393.4899999999999,393.5599999999999,392.5399999999999,392.88999999999993,455
2026-07-16T17:05:00+00:00,392.88999999999993,393.3199999999999,392.4399999999999,393.3199999999999,392
2026-07-16T17:10:00+00:00,393.3199999999999,393.4499999999999,391.9899999999999,392.0399999999999,464
2026-07-16T17:15:00+00:00,392.0399999999999,392.3199999999999,391.7599999999999,392.2599999999999,480
2026-07-16T17:20:00+00:00,392.2599999999999,392.4799999999999,392.0599999999999,392.0599999999999,392
2026-07-16T17:25:00+00:00,392.0599999999999,393.6699999999999,391.8499999999999,393.5199999999999,465
2026-07-16T17:30:00+00:00,393.5199999999999,393.7599999999999,392.6799999999999,392.8099999999999,454
2026-07-16T17:35:00+00:00,392.8099999999999,393.0499999999999,391.9599999999999,392.0499999999999,461
2026-07-16T17:40:00+00:00,392.0499999999999,392.0999999999999,391.3799999999999,391.7099999999999,610
2026-07-16T17:45:00+00:00,391.7099999999999,393.7499999999999,391.5999999999999,393.7099999999999,564
2026-07-16T17:50:00+00:00,393.7099999999999,393.8999999999999,393.1499999999999,393.5299999999999,544
2026-07-16T17:55:00+00:00,393.5299999999999,393.7199999999999,392.88999999999993,393.4199999999999,393
2026-07-16T18:00:00+00:00,393.4199999999999,393.7599999999999,393.1499999999999,393.4299999999999,407
2026-07-16T18:05:00+00:00,393.4299999999999,394.4199999999999,393.4099999999999,394.3799999999999,572
2026-07-16T18:10:00+00:00,394.3799999999999,394.8699999999999,393.7399999999999,393.8599999999999,524
2026-07-16T18:15:00+00:00,393.8599999999999,394.4099999999999,393.0999999999999,394.2199999999999,520
2026-07-16T18:20:00+00:00,394.2199999999999,395.3399999999999,394.1899999999999,395.2899999999999,468
2026-07-16T18:25:00+00:00,395.2899999999999,395.6999999999999,394.9599999999999,395.0499999999999,430
2026-07-16T18:30:00+00:00,395.0499999999999,395.5099999999999,394.8999999999999,394.9399999999999,498
2026-07-16T18:35:00+00:00,394.9399999999999,394.9499999999999,393.8699999999999,394.0699999999999,512
2026-07-16T18:40:00+00:00,394.0699999999999,394.6599999999999,393.6799999999999,394.5999999999999,381
2026-07-16T18:45:00+00:00,394.5999999999999,395.5699999999999,394.4499999999999,395.3499999999999,448
2026-07-16T18:50:00+00:00,395.3499999999999,395.3599999999999,394.7199999999999,395.1599999999999,389
2026-07-16T18:55:00+00:00,395.1599999999999,395.1899999999999,394.5799999999999,394.9499999999999,446
2026-07-16T19:00:00+00:00,394.9499999999999,395.5899999999999,394.7399999999999,395.3699999999999,396
2026-07-16T19:05:00+00:00,395.3699999999999,395.4899999999999,394.2899999999999,394.8599999999999,446
2026-07-16T19:10:00+00:00,394.8599999999999,395.8199999999999,394.5599999999999,395.3199999999999,361
2026-07-16T19:15:00+00:00,395.3199999999999,395.6999999999999,395.1099999999999,395.3199999999999,448
2026-07-16T19:20:00+00:00,395.3199999999999,395.5599999999999,394.8999999999999,395.2799999999999,440
2026-07-16T19:25:00+00:00,395.2799999999999,395.2899999999999,394.2799999999999,394.7999999999999,537
2026-07-16T19:30:00+00:00,394.7999999999999,395.3099999999999,394.2999999999999,395.2899999999999,591
2026-07-16T19:35:00+00:00,395.2899999999999,395.4199999999999,394.7899999999999,395.1299999999999,464
2026-07-16T19:40:00+00:00,395.1299999999999,395.3199999999999,394.3999999999999,394.4399999999999,509
2026-07-16T19:45:00+00:00,394.4399999999999,394.6099999999999,393.8799999999999,394.5599999999999,692
2026-07-16T19:50:00+00:00,394.5599999999999,396.2199999999999,394.5599999999999,395.9299999999999,753
2026-07-16T19:55:00+00:00,395.9299999999999,395.9899999999999,395.0499999999999,395.6299999999999,1175
2026-07-17T13:30:00+00:00,395.6299999999999,395.6299999999999,383.1499999999999,386.0599999999999,2468
2026-07-17T13:35:00+00:00,386.0599999999999,386.4099999999999,382.3399999999999,382.8099999999999,2327
2026-07-17T13:40:00+00:00,382.8099999999999,384.0799999999999,381.7699999999999,382.1499999999999,2065
2026-07-17T13:45:00+00:00,382.1499999999999,384.5299999999999,382.0499999999999,384.0599999999999,1874
2026-07-17T13:50:00+00:00,384.0599999999999,385.0099999999999,383.5599999999999,384.6499999999999,1650
2026-07-17T13:55:00+00:00,384.6499999999999,385.9999999999999,384.0499999999999,385.8099999999999,1540
2026-07-17T14:00:00+00:00,385.8099999999999,387.1199999999999,385.2999999999999,387.0599999999999,1705
2026-07-17T14:05:00+00:00,387.0599999999999,387.5299999999999,386.3399999999999,386.7399999999999,1556
2026-07-17T14:10:00+00:00,386.7399999999999,387.5699999999999,386.13999999999993,386.5899999999999,1380
2026-07-17T14:15:00+00:00,386.5899999999999,387.6899999999999,386.2299999999999,386.4699999999999,1443
2026-07-17T14:20:00+00:00,386.4699999999999,386.9099999999999,385.8299999999999,386.6599999999999,1270
2026-07-17T14:25:00+00:00,386.6599999999999,386.8099999999999,385.4299999999999,385.4799999999999,1192
2026-07-17T14:30:00+00:00,385.4799999999999,385.6699999999999,383.0499999999999,384.5499999999999,1716
2026-07-17T14:35:00+00:00,384.5499999999999,386.3699999999999,384.5099999999999,386.3699999999999,1370
2026-07-17T14:40:00+00:00,386.3699999999999,386.4199999999999,384.5499999999999,384.5699999999999,1150
2026-07-17T14:45:00+00:00,384.5699999999999,384.7299999999999,383.2299999999999,383.7199999999999,1308
2026-07-17T14:50:00+00:00,383.7199999999999,384.6699999999999,383.3499999999999,384.4899999999999,991
2026-07-17T14:55:00+00:00,384.4899999999999,385.3599999999999,384.3399999999999,384.6899999999999,1072
2026-07-17T15:00:00+00:00,384.6899999999999,385.13999999999993,384.2999999999999,384.5699999999999,1144
2026-07-17T15:05:00+00:00,384.5699999999999,384.7999999999999,383.7599999999999,384.5599999999999,1136
2026-07-17T15:10:00+00:00,384.5599999999999,384.7099999999999,383.9299999999999,384.3599999999999,905
2026-07-17T15:15:00+00:00,384.3599999999999,385.2999999999999,384.1199999999999,384.8999999999999,985
2026-07-17T15:20:00+00:00,384.8999999999999,384.9699999999999,383.5899999999999,384.0299999999999,1217
2026-07-17T15:25:00+00:00,384.0299999999999,385.3799999999999,383.9399999999999,385.1299999999999,1288
2026-07-17T15:30:00+00:00,385.1299999999999,385.88999999999993,384.0199999999999,384.0599999999999,1523
2026-07-17T15:35:00+00:00,384.0599999999999,385.7399999999999,383.3499999999999,385.3299999999999,1511
2026-07-17T15:40:00+00:00,385.3299999999999,385.6499999999999,384.1899999999999,384.4599999999999,1140
2026-07-17T15:45:00+00:00,384.4599999999999,385.1999999999999,384.0499999999999,385.1099999999999,1228
2026-07-17T15:50:00+00:00,385.1099999999999,386.5399999999999,384.9999999999999,386.2499999999999,1106
2026-07-17T15:55:00+00:00,386.2499999999999,387.3599999999999,386.1999999999999,386.9599999999999,1051
2026-07-17T16:00:00+00:00,386.9599999999999,387.5599999999999,386.13999999999993,386.6599999999999,1289
2026-07-17T16:05:00+00:00,386.6599999999999,387.7299999999999,386.4899999999999,387.5799999999999,999
2026-07-17T16:10:00+00:00,387.5799999999999,388.5499999999999,387.5299999999999,388.4499999999999,1104
2026-07-17T16:15:00+00:00,388.4499999999999,388.7399999999999,388.0499999999999,388.1899999999999,933
2026-07-17T16:20:00+00:00,388.1899999999999,388.3299999999999,386.5699999999999,386.7399999999999,1092
2026-07-17T16:25:00+00:00,386.7399999999999,388.0199999999999,386.5199999999999,387.0499999999999,959
2026-07-17T16:30:00+00:00,387.0499999999999,387.7899999999999,386.5599999999999,387.3399999999999,922
2026-07-17T16:35:00+00:00,387.3399999999999,388.4599999999999,387.3399999999999,388.1799999999999,967
2026-07-17T16:40:00+00:00,388.1799999999999,388.6099999999999,387.5899999999999,388.5399999999999,903
2026-07-17T16:45:00+00:00,388.5399999999999,389.63999999999993,388.4499999999999,389.1499999999999,1026
2026-07-17T16:50:00+00:00,389.1499999999999,389.6599999999999,388.3999999999999,388.7199999999999,1086
2026-07-17T16:55:00+00:00,388.7199999999999,389.13999999999993,388.4399999999999,388.5899999999999,761
2026-07-17T17:00:00+00:00,388.5899999999999,389.7299999999999,388.5699999999999,389.5199999999999,898
2026-07-17T17:05:00+00:00,389.5199999999999,389.9699999999999,389.3599999999999,389.7399999999999,715
2026-07-17T17:10:00+00:00,389.7399999999999,390.1699999999999,389.5499999999999,389.5499999999999,645
2026-07-17T17:15:00+00:00,389.5499999999999,389.6499999999999,388.7199999999999,388.9299999999999,690
2026-07-17T17:20:00+00:00,388.9299999999999,389.5599999999999,388.6299999999999,389.0399999999999,839
2026-07-17T17:25:00+00:00,389.0399999999999,389.3399999999999,388.7999999999999,389.0199999999999,526
2026-07-17T17:30:00+00:00,389.0199999999999,389.2499999999999,388.4399999999999,388.5899999999999,629
2026-07-17T17:35:00+00:00,388.5899999999999,388.6999999999999,387.3099999999999,387.5899999999999,806
2026-07-17T17:40:00+00:00,387.5899999999999,387.7199999999999,387.1199999999999,387.5199999999999,733
2026-07-17T17:45:00+00:00,387.5199999999999,387.7899999999999,386.7999999999999,387.2799999999999,778
2026-07-17T17:50:00+00:00,387.2799999999999,387.3299999999999,386.4499999999999,386.6499999999999,772
2026-07-17T17:55:00+00:00,386.6499999999999,386.9099999999999,386.3299999999999,386.8199999999999,773
2026-07-17T18:00:00+00:00,386.8199999999999,387.2599999999999,386.2099999999999,386.8499999999999,866
2026-07-17T18:05:00+00:00,386.8499999999999,387.0499999999999,386.2199999999999,386.7299999999999,755
2026-07-17T18:10:00+00:00,386.7299999999999,386.8599999999999,386.2099999999999,386.2599999999999,557
2026-07-17T18:15:00+00:00,386.2599999999999,386.4699999999999,385.9799999999999,386.2699999999999,720
2026-07-17T18:20:00+00:00,386.2699999999999,386.4299999999999,385.8699999999999,386.1099999999999,680
2026-07-17T18:25:00+00:00,386.1099999999999,386.2699999999999,385.7699999999999,386.1799999999999,571
2026-07-17T18:30:00+00:00,386.1799999999999,386.7299999999999,385.8399999999999,386.0599999999999,681
2026-07-17T18:35:00+00:00,386.0599999999999,386.13999999999993,385.5499999999999,385.6499999999999,521
2026-07-17T18:40:00+00:00,385.6499999999999,385.6599999999999,385.13999999999993,385.1999999999999,664
2026-07-17T18:45:00+00:00,385.1999999999999,386.1499999999999,385.1199999999999,385.8799999999999,723
2026-07-17T18:50:00+00:00,385.8799999999999,386.5399999999999,385.5699999999999,386.4399999999999,601
2026-07-17T18:55:00+00:00,386.4399999999999,386.5999999999999,386.1899999999999,386.2699999999999,623
2026-07-17T19:00:00+00:00,386.2699999999999,386.3199999999999,385.7499999999999,385.9999999999999,771
2026-07-17T19:05:00+00:00,385.9999999999999,386.3499999999999,385.9699999999999,386.1099999999999,668
2026-07-17T19:10:00+00:00,386.1099999999999,386.1299999999999,385.4499999999999,385.5799999999999,507
2026-07-17T19:15:00+00:00,385.5799999999999,386.3299999999999,385.4899999999999,386.1999999999999,679
2026-07-17T19:20:00+00:00,386.1999999999999,386.2699999999999,385.8099999999999,386.0299999999999,580
2026-07-17T19:25:00+00:00,386.0299999999999,386.9799999999999,385.6799999999999,386.9199999999999,805
2026-07-17T19:30:00+00:00,386.9199999999999,387.7099999999999,386.5499999999999,386.6599999999999,1289
2026-07-17T19:35:00+00:00,386.6599999999999,386.7299999999999,386.13999999999993,386.3399999999999,1081
2026-07-17T19:40:00+00:00,386.3399999999999,386.5199999999999,385.8999999999999,385.9199999999999,813
2026-07-17T19:45:00+00:00,385.9199999999999,386.4999999999999,385.8999999999999,386.3599999999999,771
2026-07-17T19:50:00+00:00,386.3599999999999,386.5799999999999,385.3699999999999,385.6699999999999,1104
2026-07-17T19:55:00+00:00,385.6699999999999,386.4299999999999,385.0499999999999,385.3099999999999,1384
2026-07-20T13:30:00+00:00,385.3099999999999,385.41999999999985,380.8899999999999,381.03999999999985,2102
2026-07-20T13:35:00+00:00,381.03999999999985,381.72999999999985,379.90999999999985,380.6799999999999,2174
2026-07-20T13:40:00+00:00,380.6799999999999,381.41999999999985,380.0599999999999,380.7599999999999,1831
2026-07-20T13:45:00+00:00,380.7599999999999,382.01999999999987,379.6899999999999,379.76999999999987,1372
2026-07-20T13:50:00+00:00,379.76999999999987,379.84999999999985,378.2599999999999,378.45999999999987,1886
2026-07-20T13:55:00+00:00,378.45999999999987,378.5699999999999,374.7599999999999,374.9999999999999,1978
2026-07-20T14:00:00+00:00,374.9999999999999,376.27999999999986,374.2499999999999,375.41999999999985,1860
2026-07-20T14:05:00+00:00,375.41999999999985,375.95999999999987,375.09999999999985,375.79999999999984,1389
2026-07-20T14:10:00+00:00,375.79999999999984,375.79999999999984,374.1299999999999,374.3899999999999,1595
2026-07-20T14:15:00+00:00,374.3899999999999,374.82999999999987,373.5099999999999,374.28999999999985,1547
2026-07-20T14:20:00+00:00,374.28999999999985,374.3899999999999,373.09999999999985,373.4499999999999,1332
2026-07-20T14:25:00+00:00,373.4499999999999,374.33999999999986,373.29999999999984,374.22999999999985,677
2026-07-20T14:30:00+00:00,374.22999999999985,374.77999999999986,373.77999999999986,374.2399999999999,1033
2026-07-20T14:35:00+00:00,374.2399999999999,374.70999999999987,373.60999999999984,374.6399999999999,824
2026-07-20T14:40:00+00:00,374.6399999999999,374.79999999999984,373.60999999999984,373.6799999999999,865
2026-07-20T14:45:00+00:00,373.6799999999999,373.91999999999985,372.71999999999986,373.1199999999999,1023
2026-07-20T14:50:00+00:00,373.1199999999999,373.4899999999999,372.4299999999999,373.0599999999999,848
2026-07-20T14:55:00+00:00,373.0599999999999,373.1899999999999,372.29999999999984,372.6999999999999,911
2026-07-20T15:00:00+00:00,372.6999999999999,373.65999999999985,372.4499999999999,373.1899999999999,862
2026-07-20T15:05:00+00:00,373.1899999999999,374.02999999999986,372.32999999999987,373.96999999999986,749
2026-07-20T15:10:00+00:00,373.96999999999986,373.96999999999986,372.78999999999985,372.9499999999999,626
2026-07-20T15:15:00+00:00,372.9499999999999,373.4899999999999,372.6999999999999,372.97999999999985,689
2026-07-20T15:20:00+00:00,372.97999999999985,373.6299999999999,372.6799999999999,373.2599999999999,655
2026-07-20T15:25:00+00:00,373.2599999999999,373.5699999999999,372.84999999999985,373.29999999999984,692
2026-07-20T15:30:00+00:00,373.29999999999984,373.41999999999985,372.79999999999984,372.84999999999985,523
2026-07-20T15:35:00+00:00,372.84999999999985,372.91999999999985,371.9999999999999,372.0099999999999,688
2026-07-20T15:40:00+00:00,372.0099999999999,372.1899999999999,371.34999999999985,371.66999999999985,784
2026-07-20T15:45:00+00:00,371.66999999999985,371.7599999999999,371.1999999999999,371.22999999999985,764
2026-07-20T15:50:00+00:00,371.22999999999985,372.64999999999986,371.03999999999985,372.34999999999985,897
2026-07-20T15:55:00+00:00,372.34999999999985,373.4399999999999,372.03999999999985,373.3199999999999,639
2026-07-20T16:00:00+00:00,373.3199999999999,373.9899999999999,372.91999999999985,373.33999999999986,940
2026-07-20T16:05:00+00:00,373.33999999999986,375.26999999999987,373.32999999999987,375.1899999999999,656
2026-07-20T16:10:00+00:00,375.1899999999999,376.10999999999984,375.16999999999985,375.6199999999999,850
2026-07-20T16:15:00+00:00,375.6199999999999,375.82999999999987,374.1199999999999,374.2599999999999,566
2026-07-20T16:20:00+00:00,374.2599999999999,375.20999999999987,374.01999999999987,375.10999999999984,654
2026-07-20T16:25:00+00:00,375.10999999999984,375.14999999999986,374.3799999999999,374.6399999999999,457
2026-07-20T16:30:00+00:00,374.6399999999999,374.89999999999986,373.79999999999984,373.82999999999987,531
2026-07-20T16:35:00+00:00,373.82999999999987,374.35999999999984,373.7399999999999,374.29999999999984,538
2026-07-20T16:40:00+00:00,374.29999999999984,374.54999999999984,372.79999999999984,372.8199999999999,1144
2026-07-20T16:45:00+00:00,372.8199999999999,373.57999999999987,372.59999999999985,373.40999999999985,811
2026-07-20T16:50:00+00:00,373.40999999999985,373.41999999999985,372.20999999999987,372.21999999999986,686
2026-07-20T16:55:00+00:00,372.21999999999986,372.54999999999984,371.8099999999999,372.1999999999999,825
2026-07-20T17:00:00+00:00,372.1999999999999,372.52999999999986,372.08999999999986,372.2499999999999,416
2026-07-20T17:05:00+00:00,372.2499999999999,372.45999999999987,371.82999999999987,372.07999999999987,680
2026-07-20T17:10:00+00:00,372.07999999999987,372.14999999999986,371.59999999999985,371.78999999999985,637
2026-07-20T17:15:00+00:00,371.78999999999985,372.16999999999985,371.40999999999985,371.9899999999999,644
2026-07-20T17:20:00+00:00,371.9899999999999,372.0699999999999,371.5099999999999,371.53999999999985,637
2026-07-20T17:25:00+00:00,371.53999999999985,371.95999999999987,371.4499999999999,371.51999999999987,635
2026-07-20T17:30:00+00:00,371.51999999999987,371.6299999999999,370.91999999999985,371.2399999999999,784
2026-07-20T17:35:00+00:00,371.2399999999999,371.35999999999984,370.71999999999986,370.8799999999999,705
2026-07-20T17:40:00+00:00,370.8799999999999,370.91999999999985,370.14999999999986,370.65999999999985,812
2026-07-20T17:45:00+00:00,370.65999999999985,371.14999999999986,370.40999999999985,370.9499999999999,565
2026-07-20T17:50:00+00:00,370.9499999999999,372.5699999999999,370.9499999999999,372.4499999999999,739
2026-07-20T17:55:00+00:00,372.4499999999999,372.89999999999986,372.22999999999985,372.4499999999999,673
2026-07-20T18:00:00+00:00,372.4499999999999,373.0099999999999,372.39999999999986,372.78999999999985,609
2026-07-20T18:05:00+00:00,372.78999999999985,373.3799999999999,372.6299999999999,373.26999999999987,480
2026-07-20T18:10:00+00:00,373.26999999999987,373.9399999999999,373.1399999999999,373.3899999999999,556
2026-07-20T18:15:00+00:00,373.3899999999999,373.76999999999987,372.91999999999985,373.14999999999986,559
2026-07-20T18:20:00+00:00,373.14999999999986,373.28999999999985,372.32999999999987,372.34999999999985,545
2026-07-20T18:25:00+00:00,372.34999999999985,372.54999999999984,371.90999999999985,371.90999999999985,567
2026-07-20T18:30:00+00:00,371.90999999999985,371.9999999999999,370.9999999999999,371.1399999999999,583
2026-07-20T18:35:00+00:00,371.1399999999999,372.08999999999986,371.09999999999985,371.35999999999984,581
2026-07-20T18:40:00+00:00,371.35999999999984,371.51999999999987,370.40999999999985,370.54999999999984,779
2026-07-20T18:45:00+00:00,370.54999999999984,370.65999999999985,370.1899999999999,370.4299999999999,673
2026-07-20T18:50:00+00:00,370.4299999999999,370.6199999999999,369.9499999999999,370.6199999999999,628
2026-07-20T18:55:00+00:00,370.6199999999999,370.8799999999999,370.1799999999999,370.6299999999999,601
2026-07-20T19:00:00+00:00,370.6299999999999,370.6799999999999,369.32999999999987,369.72999999999985,564
2026-07-20T19:05:00+00:00,369.72999999999985,369.97999999999985,369.40999999999985,369.7399999999999,497
2026-07-20T19:10:00+00:00,369.7399999999999,369.9299999999999,369.1999999999999,369.1999999999999,525
2026-07-20T19:15:00+00:00,369.1999999999999,369.84999999999985,368.9499999999999,369.7499999999999,652
2026-07-20T19:20:00+00:00,369.7499999999999,370.2399999999999,369.4499999999999,370.03999999999985,538
2026-07-20T19:25:00+00:00,370.03999999999985,370.5099999999999,369.54999999999984,370.29999999999984,606
2026-07-20T19:30:00+00:00,370.29999999999984,370.7399999999999,369.90999999999985,370.33999999999986,736
2026-07-20T19:35:00+00:00,370.33999999999986,370.41999999999985,369.7499999999999,370.1999999999999,550
2026-07-20T19:40:00+00:00,370.1999999999999,371.09999999999985,370.09999999999985,370.83999999999986,513
2026-07-20T19:45:00+00:00,370.83999999999986,371.21999999999986,370.5099999999999,371.1199999999999,611
2026-07-20T19:50:00+00:00,371.1199999999999,371.1199999999999,369.34999999999985,369.57999999999987,973
2026-07-20T19:55:00+00:00,369.57999999999987,369.8199999999999,368.76999999999987,368.9899999999999,1369
2026-07-21T13:30:00+00:00,368.9899999999999,374.89999999999986,368.9899999999999,373.4299999999999,1468
2026-07-21T13:35:00+00:00,373.4299999999999,376.09999999999985,373.29999999999984,373.5699999999999,1301
2026-07-21T13:40:00+00:00,373.5699999999999,376.26999999999987,373.0599999999999,375.64999999999986,1108
2026-07-21T13:45:00+00:00,375.64999999999986,375.9399999999999,374.4499999999999,375.3199999999999,894
2026-07-21T13:50:00+00:00,375.3199999999999,376.29999999999984,374.9999999999999,375.21999999999986,912
2026-07-21T13:55:00+00:00,375.21999999999986,376.9899999999999,375.20999999999987,376.90999999999985,924
2026-07-21T14:00:00+00:00,376.90999999999985,378.97999999999985,376.6899999999999,378.15999999999985,1092
2026-07-21T14:05:00+00:00,378.15999999999985,379.3699999999999,377.64999999999986,379.0099999999999,988
2026-07-21T14:10:00+00:00,379.0099999999999,379.54999999999984,377.84999999999985,379.40999999999985,827
2026-07-21T14:15:00+00:00,379.40999999999985,380.6399999999999,378.65999999999985,380.51999999999987,804
2026-07-21T14:20:00+00:00,380.51999999999987,381.9899999999999,379.9499999999999,381.40999999999985,880
2026-07-21T14:25:00+00:00,381.40999999999985,382.66999999999985,381.28999999999985,381.9399999999999,730
2026-07-21T14:30:00+00:00,381.9399999999999,382.39999999999986,381.1199999999999,381.8799999999999,891
2026-07-21T14:35:00+00:00,381.8799999999999,382.40999999999985,380.59999999999985,382.1999999999999,793
2026-07-21T14:40:00+00:00,382.1999999999999,382.66999999999985,381.5099999999999,382.57999999999987,677
2026-07-21T14:45:00+00:00,382.57999999999987,383.39999999999986,382.20999999999987,382.97999999999985,672
2026-07-21T14:50:00+00:00,382.97999999999985,383.09999999999985,382.2499999999999,382.59999999999985,684
2026-07-21T14:55:00+00:00,382.59999999999985,382.6799999999999,381.5699999999999,382.1199999999999,583
2026-07-21T15:00:00+00:00,382.1199999999999,382.21999999999986,381.0599999999999,381.26999999999987,608
2026-07-21T15:05:00+00:00,381.26999999999987,382.3099999999999,381.09999999999985,381.84999999999985,558
2026-07-21T15:10:00+00:00,381.84999999999985,382.28999999999985,381.1999999999999,381.41999999999985,542
2026-07-21T15:15:00+00:00,381.41999999999985,381.78999999999985,380.7399999999999,381.1899999999999,518
2026-07-21T15:20:00+00:00,381.1899999999999,381.66999999999985,380.3199999999999,380.4299999999999,606
2026-07-21T15:25:00+00:00,380.4299999999999,381.33999999999986,380.4299999999999,381.2599999999999,599
2026-07-21T15:30:00+00:00,381.2599999999999,381.27999999999986,379.9499999999999,380.1999999999999,569
2026-07-21T15:35:00+00:00,380.1999999999999,380.35999999999984,379.82999999999987,380.14999999999986,447
2026-07-21T15:40:00+00:00,380.14999999999986,380.6199999999999,380.0599999999999,380.32999999999987,448
2026-07-21T15:45:00+00:00,380.32999999999987,381.59999999999985,380.0599999999999,381.53999999999985,501
2026-07-21T15:50:00+00:00,381.53999999999985,381.72999999999985,380.6799999999999,381.03999999999985,393
2026-07-21T15:55:00+00:00,381.03999999999985,381.32999999999987,380.33999999999986,380.33999999999986,374
2026-07-21T16:00:00+00:00,380.33999999999986,380.9899999999999,380.33999999999986,380.83999999999986,332
2026-07-21T16:05:00+00:00,380.83999999999986,380.85999999999984,380.39999999999986,380.41999999999985,321
2026-07-21T16:10:00+00:00,380.41999999999985,380.95999999999987,380.2499999999999,380.41999999999985,335
2026-07-21T16:15:00+00:00,380.41999999999985,380.58999999999986,380.09999999999985,380.3799999999999,337
2026-07-21T16:20:00+00:00,380.3799999999999,381.22999999999985,380.1999999999999,380.97999999999985,332
2026-07-21T16:25:00+00:00,380.97999999999985,381.39999999999986,380.5099999999999,380.6899999999999,366
2026-07-21T16:30:00+00:00,380.6899999999999,381.02999999999986,380.3699999999999,380.5599999999999,360
2026-07-21T16:35:00+00:00,380.5599999999999,380.85999999999984,380.1999999999999,380.47999999999985,306
2026-07-21T16:40:00+00:00,380.47999999999985,380.53999999999985,380.04999999999984,380.08999999999986,297
2026-07-21T16:45:00+00:00,380.08999999999986,380.5099999999999,379.71999999999986,380.35999999999984,337
2026-07-21T16:50:00+00:00,380.35999999999984,380.8099999999999,380.35999999999984,380.39999999999986,315
2026-07-21T16:55:00+00:00,380.39999999999986,380.5599999999999,379.9899999999999,380.0599999999999,260
2026-07-21T17:00:00+00:00,380.0599999999999,380.5599999999999,380.0599999999999,380.1899999999999,273
2026-07-21T17:05:00+00:00,380.1899999999999,380.4399999999999,379.78999999999985,379.78999999999985,257
2026-07-21T17:10:00+00:00,379.78999999999985,379.89999999999986,378.9299999999999,379.10999999999984,450
2026-07-21T17:15:00+00:00,379.10999999999984,379.3799999999999,378.9299999999999,378.9899999999999,381
2026-07-21T17:20:00+00:00,378.9899999999999,379.2499999999999,378.70999999999987,379.1199999999999,362
2026-07-21T17:25:00+00:00,379.1199999999999,379.21999999999986,378.51999999999987,378.8099999999999,382
2026-07-21T17:30:00+00:00,378.8099999999999,379.3699999999999,378.7599999999999,378.82999999999987,354
2026-07-21T17:35:00+00:00,378.82999999999987,379.79999999999984,378.78999999999985,379.53999999999985,333
2026-07-21T17:40:00+00:00,379.53999999999985,379.60999999999984,378.9299999999999,379.0099999999999,308
2026-07-21T17:45:00+00:00,379.0099999999999,379.66999999999985,378.91999999999985,379.4999999999999,320
2026-07-21T17:50:00+00:00,379.4999999999999,379.6799999999999,378.54999999999984,378.6299999999999,326
2026-07-21T17:55:00+00:00,378.6299999999999,378.96999999999986,378.5099999999999,378.84999999999985,295
2026-07-21T18:00:00+00:00,378.84999999999985,379.72999999999985,378.83999999999986,379.6299999999999,434
2026-07-21T18:05:00+00:00,379.6299999999999,379.8799999999999,379.47999999999985,379.54999999999984,380
2026-07-21T18:10:00+00:00,379.54999999999984,379.70999999999987,379.35999999999984,379.4299999999999,292
2026-07-21T18:15:00+00:00,379.4299999999999,379.6399999999999,379.29999999999984,379.4499999999999,228
2026-07-21T18:20:00+00:00,379.4499999999999,380.0599999999999,379.39999999999986,379.70999999999987,319
2026-07-21T18:25:00+00:00,379.70999999999987,379.8099999999999,379.1999999999999,379.41999999999985,311
2026-07-21T18:30:00+00:00,379.41999999999985,379.54999999999984,379.20999999999987,379.21999999999986,197
2026-07-21T18:35:00+00:00,379.21999999999986,379.57999999999987,378.79999999999984,379.04999999999984,296
2026-07-21T18:40:00+00:00,379.04999999999984,379.41999999999985,378.90999999999985,379.3699999999999,304
2026-07-21T18:45:00+00:00,379.3699999999999,379.4899999999999,378.85999999999984,378.90999999999985,281
2026-07-21T18:50:00+00:00,378.90999999999985,378.97999999999985,378.09999999999985,378.1199999999999,350
2026-07-21T18:55:00+00:00,378.1199999999999,378.2599999999999,377.6199999999999,377.6799999999999,368
2026-07-21T19:00:00+00:00,377.6799999999999,377.70999999999987,377.28999999999985,377.3199999999999,341
2026-07-21T19:05:00+00:00,377.3199999999999,377.7499999999999,377.20999999999987,377.59999999999985,289
2026-07-21T19:10:00+00:00,377.59999999999985,377.71999999999986,377.2599999999999,377.40999999999985,284
2026-07-21T19:15:00+00:00,377.40999999999985,377.71999999999986,377.22999999999985,377.2499999999999,375
2026-07-21T19:20:00+00:00,377.2499999999999,377.4399999999999,377.04999999999984,377.3799999999999,311
2026-07-21T19:25:00+00:00,377.3799999999999,377.3799999999999,376.27999999999986,376.27999999999986,365
2026-07-21T19:30:00+00:00,376.27999999999986,376.8799999999999,376.0699999999999,376.79999999999984,394
2026-07-21T19:35:00+00:00,376.79999999999984,377.07999999999987,376.7399999999999,377.0699999999999,278
2026-07-21T19:40:00+00:00,377.0699999999999,377.35999999999984,376.95999999999987,377.1299999999999,374
2026-07-21T19:45:00+00:00,377.1299999999999,377.3099999999999,376.9999999999999,377.01999999999987,384
2026-07-21T19:50:00+00:00,377.01999999999987,378.6999999999999,376.6899999999999,378.6999999999999,607
2026-07-21T19:55:00+00:00,378.6999999999999,378.84999999999985,377.76999999999987,378.4299999999999,1086
2026-07-22T13:30:00+00:00,378.4299999999999,378.4299999999999,373.96999999999986,376.91999999999985,1504
2026-07-22T13:35:00+00:00,376.91999999999985,378.02999999999986,376.4999999999999,377.3699999999999,1523
2026-07-22T13:40:00+00:00,377.3699999999999,378.3099999999999,376.82999999999987,377.9299999999999,1459
2026-07-22T13:45:00+00:00,377.9299999999999,379.1899999999999,377.90999999999985,378.97999999999985,1259
2026-07-22T13:50:00+00:00,378.97999999999985,379.4899999999999,377.7599999999999,379.26999999999987,1222
2026-07-22T13:55:00+00:00,379.26999999999987,379.4999999999999,377.89999999999986,378.8799999999999,1091
2026-07-22T14:00:00+00:00,378.8799999999999,379.4399999999999,377.9299999999999,378.6999999999999,1031
2026-07-22T14:05:00+00:00,378.6999999999999,379.28999999999985,376.16999999999985,376.27999999999986,1238
2026-07-22T14:10:00+00:00,376.27999999999986,377.15999999999985,376.21999999999986,376.65999999999985,1008
2026-07-22T14:15:00+00:00,376.65999999999985,376.7599999999999,375.5099999999999,376.60999999999984,1223
2026-07-22T14:20:00+00:00,376.60999999999984,377.4399999999999,376.39999999999986,377.22999999999985,1071
2026-07-22T14:25:00+00:00,377.22999999999985,377.40999999999985,376.60999999999984,376.79999999999984,824
2026-07-22T14:30:00+00:00,376.79999999999984,377.1299999999999,376.27999999999986,376.28999999999985,729
2026-07-22T14:35:00+00:00,376.28999999999985,377.2599999999999,376.27999999999986,376.8899999999999,801
2026-07-22T14:40:00+00:00,376.8899999999999,377.02999999999986,376.1799999999999,376.27999999999986,815
2026-07-22T14:45:00+00:00,376.27999999999986,377.0699999999999,375.9999999999999,376.91999999999985,783
2026-07-22T14:50:00+00:00,376.91999999999985,377.02999999999986,376.0099999999999,376.0099999999999,780
2026-07-22T14:55:00+00:00,376.0099999999999,376.6799999999999,375.65999999999985,376.45999999999987,660
2026-07-22T15:00:00+00:00,376.45999999999987,377.0699999999999,375.89999999999986,376.39999999999986,606
2026-07-22T15:05:00+00:00,376.39999999999986,376.90999999999985,376.03999999999985,376.04999999999984,491
2026-07-22T15:10:00+00:00,376.04999999999984,376.6399999999999,376.03999999999985,376.5699999999999,410
2026-07-22T15:15:00+00:00,376.5699999999999,377.3899999999999,376.4999999999999,377.29999999999984,488
2026-07-22T15:20:00+00:00,377.29999999999984,378.01999999999987,377.10999999999984,377.4499999999999,665
2026-07-22T15:25:00+00:00,377.4499999999999,377.82999999999987,377.1199999999999,377.29999999999984,461
2026-07-22T15:30:00+00:00,377.29999999999984,377.4399999999999,376.89999999999986,376.91999999999985,491
2026-07-22T15:35:00+00:00,376.91999999999985,377.20999999999987,376.58999999999986,376.6299999999999,434
2026-07-22T15:40:00+00:00,376.6299999999999,377.90999999999985,376.3099999999999,377.60999999999984,590
2026-07-22T15:45:00+00:00,377.60999999999984,378.2499999999999,377.4999999999999,378.02999999999986,551
2026-07-22T15:50:00+00:00,378.02999999999986,378.16999999999985,377.6999999999999,377.7499999999999,306
2026-07-22T15:55:00+00:00,377.7499999999999,377.85999999999984,377.1999999999999,377.57999999999987,383
2026-07-22T16:00:00+00:00,377.57999999999987,377.8899999999999,377.26999999999987,377.6199999999999,350
2026-07-22T16:05:00+00:00,377.6199999999999,377.97999999999985,377.4999999999999,377.77999999999986,339
2026-07-22T16:10:00+00:00,377.77999999999986,377.84999999999985,377.3199999999999,377.71999999999986,406
2026-07-22T16:15:00+00:00,377.71999999999986,377.8199999999999,377.04999999999984,377.21999999999986,383
2026-07-22T16:20:00+00:00,377.21999999999986,377.3199999999999,376.40999999999985,376.53999999999985,550
2026-07-22T16:25:00+00:00,376.53999999999985,376.78999999999985,375.6199999999999,376.6899999999999,629
2026-07-22T16:30:00+00:00,376.6899999999999,377.20999999999987,376.28999999999985,376.8099999999999,550
2026-07-22T16:35:00+00:00,376.8099999999999,376.9499999999999,376.5699999999999,376.6799999999999,320
2026-07-22T16:40:00+00:00,376.6799999999999,376.76999999999987,376.3199999999999,376.41999999999985,387
2026-07-22T16:45:00+00:00,376.41999999999985,376.6199999999999,376.14999999999986,376.52999999999986,444
2026-07-22T16:50:00+00:00,376.52999999999986,376.83999999999986,376.3099999999999,376.40999999999985,395
2026-07-22T16:55:00+00:00,376.40999999999985,377.3199999999999,376.3199999999999,377.27999999999986,354
2026-07-22T17:00:00+00:00,377.27999999999986,377.64999999999986,377.0099999999999,377.16999999999985,405
2026-07-22T17:05:00+00:00,377.16999999999985,377.65999999999985,377.16999999999985,377.3699999999999,285
2026-07-22T17:10:00+00:00,377.3699999999999,377.39999999999986,376.7499999999999,376.77999999999986,324
2026-07-22T17:15:00+00:00,376.77999999999986,377.32999999999987,376.72999999999985,377.1299999999999,374
2026-07-22T17:20:00+00:00,377.1299999999999,377.1799999999999,376.8699999999999,376.91999999999985,384
2026-07-22T17:25:00+00:00,376.91999999999985,376.96999999999986,376.5099999999999,376.52999999999986,372
2026-07-22T17:30:00+00:00,376.52999999999986,376.70999999999987,375.85999999999984,375.9999999999999,397
2026-07-22T17:35:00+00:00,375.9999999999999,376.64999999999986,375.84999999999985,376.32999999999987,429
2026-07-22T17:40:00+00:00,376.32999999999987,376.34999999999985,375.4899999999999,375.4899999999999,392
2026-07-22T17:45:00+00:00,375.4899999999999,375.7499999999999,375.1999999999999,375.32999999999987,401
2026-07-22T17:50:00+00:00,375.32999999999987,375.47999999999985,375.0099999999999,375.47999999999985,435
2026-07-22T17:55:00+00:00,375.47999999999985,375.8199999999999,375.1999999999999,375.27999999999986,435
2026-07-22T18:00:00+00:00,375.27999999999986,375.65999999999985,374.96999999999986,375.6399999999999,470
2026-07-22T18:05:00+00:00,375.6399999999999,375.72999999999985,374.91999999999985,374.9399999999999,404
2026-07-22T18:10:00+00:00,374.9399999999999,375.34999999999985,374.5699999999999,374.70999999999987,429
2026-07-22T18:15:00+00:00,374.70999999999987,375.10999999999984,374.54999999999984,374.89999999999986,373
2026-07-22T18:20:00+00:00,374.89999999999986,375.2399999999999,374.79999999999984,374.95999999999987,344
2026-07-22T18:25:00+00:00,374.95999999999987,375.27999999999986,374.79999999999984,375.14999999999986,337
2026-07-22T18:30:00+00:00,375.14999999999986,375.14999999999986,374.5699999999999,374.65999999999985,450
2026-07-22T18:35:00+00:00,374.65999999999985,375.08999999999986,374.52999999999986,374.71999999999986,442
2026-07-22T18:40:00+00:00,374.71999999999986,375.1799999999999,374.60999999999984,375.1799999999999,387
2026-07-22T18:45:00+00:00,375.1799999999999,375.3799999999999,374.6999999999999,374.7399999999999,375
2026-07-22T18:50:00+00:00,374.7399999999999,375.10999999999984,374.3799999999999,374.78999999999985,454
2026-07-22T18:55:00+00:00,374.78999999999985,374.8199999999999,374.4499999999999,374.6799999999999,409
2026-07-22T19:00:00+00:00,374.6799999999999,375.03999999999985,374.5099999999999,374.82999999999987,399
2026-07-22T19:05:00+00:00,374.82999999999987,375.04999999999984,373.6799999999999,373.6999999999999,411
2026-07-22T19:10:00+00:00,373.6999999999999,373.83999999999986,373.1299999999999,373.6199999999999,562
2026-07-22T19:15:00+00:00,373.6199999999999,374.2499999999999,373.40999999999985,374.2499999999999,429
2026-07-22T19:20:00+00:00,374.2499999999999,374.53999999999985,374.0699999999999,374.10999999999984,395
2026-07-22T19:25:00+00:00,374.10999999999984,374.1799999999999,373.83999999999986,374.1399999999999,320
2026-07-22T19:30:00+00:00,374.1399999999999,374.5599999999999,373.89999999999986,374.03999999999985,461
2026-07-22T19:35:00+00:00,374.03999999999985,374.0599999999999,373.4999999999999,373.7499999999999,443
2026-07-22T19:40:00+00:00,373.7499999999999,374.53999999999985,373.7399999999999,373.89999999999986,552
2026-07-22T19:45:00+00:00,373.89999999999986,374.4899999999999,373.8799999999999,374.14999999999986,466
2026-07-22T19:50:00+00:00,374.14999999999986,374.35999999999984,372.2599999999999,372.4399999999999,681
2026-07-22T19:55:00+00:00,372.4399999999999,373.82999999999987,372.4399999999999,373.53999999999985,1163
2026-07-23T13:30:00+00:00,373.53999999999985,373.53999999999985,335.09999999999985,337.2399999999999,2638
2026-07-23T13:35:00+00:00,337.2399999999999,337.7599999999999,332.64999999999986,332.9899999999999,2214
2026-07-23T13:40:00+00:00,332.9899999999999,335.4999999999999,332.1999999999999,333.5599999999999,1810
2026-07-23T13:45:00+00:00,333.5599999999999,333.6999999999999,329.60999999999984,329.9399999999999,2115
2026-07-23T13:50:00+00:00,329.9399999999999,330.1399999999999,327.10999999999984,327.9999999999999,2089
2026-07-23T13:55:00+00:00,327.9999999999999,328.8099999999999,325.60999999999984,326.09999999999985,1939
2026-07-23T14:00:00+00:00,326.09999999999985,326.97999999999985,325.0099999999999,326.6199999999999,2078
2026-07-23T14:05:00+00:00,326.6199999999999,328.34999999999985,325.9299999999999,327.41999999999985,2061
2026-07-23T14:10:00+00:00,327.41999999999985,327.9999999999999,326.39999999999986,326.52999999999986,1732
2026-07-23T14:15:00+00:00,326.52999999999986,326.97999999999985,325.10999999999984,325.27999999999986,1784
2026-07-23T14:20:00+00:00,325.27999999999986,325.4999999999999,323.4299999999999,323.45999999999987,1798
2026-07-23T14:25:00+00:00,323.45999999999987,323.95999999999987,322.2499999999999,323.15999999999985,1729
2026-07-23T14:30:00+00:00,323.15999999999985,323.6399999999999,322.10999999999984,323.03999999999985,1659
2026-07-23T14:35:00+00:00,323.03999999999985,324.97999999999985,322.59999999999985,323.66999999999985,1681
2026-07-23T14:40:00+00:00,323.66999999999985,324.2399999999999,323.27999999999986,323.89999999999986,1430
2026-07-23T14:45:00+00:00,323.89999999999986,323.89999999999986,321.59999999999985,321.8199999999999,1326
2026-07-23T14:50:00+00:00,321.8199999999999,322.9399999999999,320.96999999999986,322.20999999999987,1468
2026-07-23T14:55:00+00:00,322.20999999999987,323.60999999999984,322.1999999999999,322.72999999999985,1234
2026-07-23T15:00:00+00:00,322.72999999999985,322.7499999999999,321.07999999999987,321.6299999999999,1195
2026-07-23T15:05:00+00:00,321.6299999999999,321.6799999999999,320.8899999999999,320.95999999999987,1131
2026-07-23T15:10:00+00:00,320.95999999999987,321.9899999999999,320.78999999999985,321.2399999999999,1164
2026-07-23T15:15:00+00:00,321.2399999999999,321.4499999999999,320.52999999999986,321.0699999999999,1151
2026-07-23T15:20:00+00:00,321.0699999999999,321.53999999999985,318.4999999999999,318.76999999999987,1412
2026-07-23T15:25:00+00:00,318.76999999999987,319.04999999999984,317.9499999999999,318.83999999999986,1311
2026-07-23T15:30:00+00:00,318.83999999999986,320.6299999999999,318.82999999999987,320.2599999999999,1237
2026-07-23T15:35:00+00:00,320.2599999999999,320.6899999999999,319.57999999999987,320.34999999999985,1153
2026-07-23T15:40:00+00:00,320.34999999999985,320.78999999999985,319.79999999999984,319.9999999999999,1073
2026-07-23T15:45:00+00:00,319.9999999999999,322.28999999999985,319.89999999999986,321.28999999999985,1332
2026-07-23T15:50:00+00:00,321.28999999999985,322.1199999999999,320.41999999999985,321.97999999999985,1051
2026-07-23T15:55:00+00:00,321.97999999999985,324.15999999999985,321.90999999999985,323.9299999999999,1296
2026-07-23T16:00:00+00:00,323.9299999999999,324.91999999999985,323.46999999999986,324.4299999999999,1155
2026-07-23T16:05:00+00:00,324.4299999999999,325.6799999999999,323.89999999999986,325.3199999999999,1101
2026-07-23T16:10:00+00:00,325.3199999999999,325.65999999999985,324.40999999999985,324.8199999999999,1032
2026-07-23T16:15:00+00:00,324.8199999999999,324.9999999999999,324.10999999999984,324.16999999999985,928
2026-07-23T16:20:00+00:00,324.16999999999985,325.6999999999999,324.0699999999999,324.65999999999985,1005
2026-07-23T16:25:00+00:00,324.65999999999985,325.0599999999999,323.9899999999999,324.40999999999985,902
2026-07-23T16:30:00+00:00,324.40999999999985,324.91999999999985,323.6399999999999,323.90999999999985,855
2026-07-23T16:35:00+00:00,323.90999999999985,324.15999999999985,322.2599999999999,322.60999999999984,1081
2026-07-23T16:40:00+00:00,322.60999999999984,322.79999999999984,321.78999999999985,322.10999999999984,971
2026-07-23T16:45:00+00:00,322.10999999999984,322.1199999999999,320.6199999999999,320.7499999999999,950
2026-07-23T16:50:00+00:00,320.7499999999999,321.21999999999986,320.22999999999985,320.7599999999999,764
2026-07-23T16:55:00+00:00,320.7599999999999,321.6899999999999,320.70999999999987,321.4999999999999,843
2026-07-23T17:00:00+00:00,321.4999999999999,322.32999999999987,321.3199999999999,321.5699999999999,860
2026-07-23T17:05:00+00:00,321.5699999999999,322.14999999999986,321.35999999999984,322.1199999999999,700
2026-07-23T17:10:00+00:00,322.1199999999999,322.79999999999984,322.02999999999986,322.15999999999985,753
2026-07-23T17:15:00+00:00,322.15999999999985,322.5599999999999,321.33999999999986,321.6399999999999,837
2026-07-23T17:20:00+00:00,321.6399999999999,322.29999999999984,320.9499999999999,321.60999999999984,781
2026-07-23T17:25:00+00:00,321.60999999999984,321.79999999999984,321.01999999999987,321.04999999999984,646
2026-07-23T17:30:00+00:00,321.04999999999984,321.9899999999999,320.4399999999999,321.6899999999999,812
2026-07-23T17:35:00+00:00,321.6899999999999,321.72999999999985,319.9899999999999,320.02999999999986,919
2026-07-23T17:40:00+00:00,320.02999999999986,320.84999999999985,319.8099999999999,320.53999999999985,826
2026-07-23T17:45:00+00:00,320.53999999999985,321.07999999999987,320.22999999999985,320.6899999999999,749
2026-07-23T17:50:00+00:00,320.6899999999999,321.01999999999987,320.39999999999986,320.59999999999985,664
2026-07-23T17:55:00+00:00,320.59999999999985,320.71999999999986,320.14999999999986,320.60999999999984,746
2026-07-23T18:00:00+00:00,320.60999999999984,320.7599999999999,319.89999999999986,320.27999999999986,680
2026-07-23T18:05:00+00:00,320.27999999999986,320.65999999999985,319.79999999999984,320.1199999999999,746
2026-07-23T18:10:00+00:00,320.1199999999999,320.6799999999999,319.9399999999999,320.04999999999984,748
2026-07-23T18:15:00+00:00,320.04999999999984,320.45999999999987,319.89999999999986,320.16999999999985,641
2026-07-23T18:20:00+00:00,320.16999999999985,320.6899999999999,319.91999999999985,320.4399999999999,704
2026-07-23T18:25:00+00:00,320.4399999999999,320.6299999999999,319.90999999999985,320.57999999999987,844
2026-07-23T18:30:00+00:00,320.57999999999987,320.8099999999999,320.10999999999984,320.64999999999986,863
2026-07-23T18:35:00+00:00,320.64999999999986,321.47999999999985,320.14999999999986,320.40999999999985,996
2026-07-23T18:40:00+00:00,320.40999999999985,320.58999999999986,319.6999999999999,319.96999999999986,884
2026-07-23T18:45:00+00:00,319.96999999999986,320.1999999999999,319.4999999999999,319.90999999999985,870
2026-07-23T18:50:00+00:00,319.90999999999985,320.8799999999999,319.6199999999999,320.28999999999985,937
2026-07-23T18:55:00+00:00,320.28999999999985,320.71999999999986,319.97999999999985,320.66999999999985,931
2026-07-23T19:00:00+00:00,320.66999999999985,321.1799999999999,319.89999999999986,320.3699999999999,837
2026-07-23T19:05:00+00:00,320.3699999999999,321.1899999999999,320.1399999999999,320.1899999999999,734
2026-07-23T19:10:00+00:00,320.1899999999999,320.20999999999987,319.4399999999999,319.8099999999999,948
2026-07-23T19:15:00+00:00,319.8099999999999,320.2599999999999,319.6199999999999,319.76999999999987,867
2026-07-23T19:20:00+00:00,319.76999999999987,320.28999999999985,319.64999999999986,319.77999999999986,873
2026-07-23T19:25:00+00:00,319.77999999999986,320.57999999999987,318.97999999999985,319.16999999999985,913
2026-07-23T19:30:00+00:00,319.16999999999985,319.52999999999986,318.28999999999985,318.3699999999999,1181
2026-07-23T19:35:00+00:00,318.3699999999999,319.01999999999987,316.29999999999984,316.29999999999984,1394
2026-07-23T19:40:00+00:00,316.29999999999984,316.72999999999985,315.2499999999999,315.32999999999987,1428
2026-07-23T19:45:00+00:00,315.32999999999987,316.2399999999999,315.1399999999999,315.79999999999984,1413
2026-07-23T19:50:00+00:00,315.79999999999984,320.72999999999985,315.79999999999984,320.41999999999985,1859
2026-07-23T19:55:00+00:00,320.41999999999985,322.7499999999999,318.76999999999987,318.82999999999987,2370
2026-07-24T13:30:00+00:00,318.82999999999987,321.82999999999987,316.91999999999985,321.3699999999999,1919
2026-07-24T13:35:00+00:00,321.3699999999999,322.1799999999999,317.46999999999986,317.6199999999999,1913
2026-07-24T13:40:00+00:00,317.6199999999999,318.2499999999999,316.1999999999999,316.53999999999985,1628
2026-07-24T13:45:00+00:00,316.53999999999985,318.0699999999999,316.1999999999999,317.57999999999987,1616
2026-07-24T13:50:00+00:00,317.57999999999987,317.57999999999987,313.66999999999985,314.35999999999984,1782
2026-07-24T13:55:00+00:00,314.35999999999984,315.8699999999999,314.2399999999999,314.70999999999987,1631
2026-07-24T14:00:00+00:00,314.70999999999987,316.32999999999987,314.3199999999999,314.52999999999986,1523
2026-07-24T14:05:00+00:00,314.52999999999986,315.4499999999999,313.52999999999986,315.1799999999999,1804
2026-07-24T14:10:00+00:00,315.1799999999999,315.2499999999999,314.0099999999999,314.6899999999999,1377
2026-07-24T14:15:00+00:00,314.6899999999999,315.20999999999987,312.14999999999986,312.89999999999986,1548
2026-07-24T14:20:00+00:00,312.89999999999986,313.2399999999999,311.79999999999984,311.8799999999999,1633
2026-07-24T14:25:00+00:00,311.8799999999999,312.33999999999986,311.4499999999999,311.83999999999986,1339
2026-07-24T14:30:00+00:00,311.83999999999986,312.3699999999999,310.39999999999986,310.39999999999986,1553
2026-07-24T14:35:00+00:00,310.39999999999986,310.6999999999999,308.4899999999999,308.96999999999986,1642
2026-07-24T14:40:00+00:00,308.96999999999986,309.1299999999999,307.8799999999999,309.07999999999987,1611
2026-07-24T14:45:00+00:00,309.07999999999987,311.1999999999999,308.39999999999986,310.97999999999985,1472
2026-07-24T14:50:00+00:00,310.97999999999985,311.60999999999984,309.9899999999999,310.33999999999986,1408
2026-07-24T14:55:00+00:00,310.33999999999986,311.79999999999984,310.0699999999999,311.76999999999987,1258
2026-07-24T15:00:00+00:00,311.76999999999987,311.9399999999999,309.3899999999999,309.3899999999999,1406
2026-07-24T15:05:00+00:00,309.3899999999999,309.79999999999984,308.39999999999986,308.4999999999999,1442
2026-07-24T15:10:00+00:00,308.4999999999999,311.14999999999986,308.2499999999999,310.8699999999999,1772
2026-07-24T15:15:00+00:00,310.8699999999999,311.6299999999999,307.97999999999985,307.9899999999999,1824
2026-07-24T15:20:00+00:00,307.9899999999999,309.51999999999987,307.6999999999999,309.40999999999985,1513
2026-07-24T15:25:00+00:00,309.40999999999985,310.9399999999999,309.29999999999984,309.6799999999999,1070
2026-07-24T15:30:00+00:00,309.6799999999999,310.3899999999999,309.09999999999985,309.15999999999985,1045
2026-07-24T15:35:00+00:00,309.15999999999985,310.60999999999984,309.09999999999985,310.5099999999999,969
2026-07-24T15:40:00+00:00,310.5099999999999,310.83999999999986,309.16999999999985,309.51999999999987,1166
2026-07-24T15:45:00+00:00,309.51999999999987,309.9499999999999,309.27999999999986,309.41999999999985,983
2026-07-24T15:50:00+00:00,309.41999999999985,310.07999999999987,309.3899999999999,309.54999999999984,864
2026-07-24T15:55:00+00:00,309.54999999999984,310.33999999999986,309.47999999999985,310.29999999999984,889
2026-07-24T16:00:00+00:00,310.29999999999984,310.4399999999999,309.02999999999986,309.89999999999986,1101
2026-07-24T16:05:00+00:00,309.89999999999986,310.8199999999999,309.40999999999985,310.51999999999987,931
2026-07-24T16:10:00+00:00,310.51999999999987,311.33999999999986,309.70999999999987,309.85999999999984,929
2026-07-24T16:15:00+00:00,309.85999999999984,310.2399999999999,309.6999999999999,309.8199999999999,854
2026-07-24T16:20:00+00:00,309.8199999999999,310.41999999999985,309.77999999999986,310.1199999999999,679
2026-07-24T16:25:00+00:00,310.1199999999999,310.6999999999999,309.59999999999985,309.85999999999984,824
2026-07-24T16:30:00+00:00,309.85999999999984,309.9999999999999,309.39999999999986,309.4899999999999,781
2026-07-24T16:35:00+00:00,309.4899999999999,310.6299999999999,309.3899999999999,310.2399999999999,679
2026-07-24T16:40:00+00:00,310.2399999999999,310.32999999999987,309.5599999999999,309.9499999999999,691
2026-07-24T16:45:00+00:00,309.9499999999999,310.1999999999999,309.14999999999986,309.97999999999985,823
2026-07-24T16:50:00+00:00,309.97999999999985,310.1299999999999,309.4899999999999,309.76999999999987,743
2026-07-24T16:55:00+00:00,309.76999999999987,309.96999999999986,308.57999999999987,308.58999999999986,978
2026-07-24T17:00:00+00:00,308.58999999999986,308.64999999999986,307.82999999999987,308.08999999999986,994
2026-07-24T17:05:00+00:00,308.08999999999986,308.4299999999999,307.57999999999987,307.8099999999999,988
2026-07-24T17:10:00+00:00,307.8099999999999,308.2599999999999,307.39999999999986,308.08999999999986,737
2026-07-24T17:15:00+00:00,308.08999999999986,308.5599999999999,307.70999999999987,308.4299999999999,676
2026-07-24T17:20:00+00:00,308.4299999999999,308.60999999999984,308.0099999999999,308.2599999999999,607
2026-07-24T17:25:00+00:00,308.2599999999999,309.08999999999986,308.1799999999999,308.7599999999999,637
2026-07-24T17:30:00+00:00,308.7599999999999,309.34999999999985,308.6199999999999,309.03999999999985,697
2026-07-24T17:35:00+00:00,309.03999999999985,309.16999999999985,308.01999999999987,308.1399999999999,634
2026-07-24T17:40:00+00:00,308.1399999999999,308.14999999999986,307.39999999999986,307.53999999999985,754
2026-07-24T17:45:00+00:00,307.53999999999985,308.53999999999985,307.39999999999986,308.4499999999999,695
2026-07-24T17:50:00+00:00,308.4499999999999,309.03999999999985,308.41999999999985,309.02999999999986,656
2026-07-24T17:55:00+00:00,309.02999999999986,309.20999999999987,308.7499999999999,308.89999999999986,536
2026-07-24T18:00:00+00:00,308.89999999999986,309.14999999999986,308.1999999999999,308.3099999999999,814
2026-07-24T18:05:00+00:00,308.3099999999999,308.35999999999984,307.40999999999985,307.41999999999985,814
2026-07-24T18:10:00+00:00,307.41999999999985,307.9299999999999,307.1999999999999,307.77999999999986,849
2026-07-24T18:15:00+00:00,307.77999999999986,308.20999999999987,307.39999999999986,307.4899999999999,744
2026-07-24T18:20:00+00:00,307.4899999999999,307.6299999999999,307.1999999999999,307.3899999999999,765
2026-07-24T18:25:00+00:00,307.3899999999999,307.39999999999986,306.6999999999999,306.71999999999986,853
2026-07-24T18:30:00+00:00,306.71999999999986,306.91999999999985,306.39999999999986,306.46999999999986,904
2026-07-24T18:35:00+00:00,306.46999999999986,306.6799999999999,305.90999999999985,306.5099999999999,1149
2026-07-24T18:40:00+00:00,306.5099999999999,307.8899999999999,306.26999999999987,307.8699999999999,983
2026-07-24T18:45:00+00:00,307.8699999999999,308.52999999999986,307.78999999999985,308.07999999999987,1017
2026-07-24T18:50:00+00:00,308.07999999999987,308.9299999999999,307.6399999999999,308.82999999999987,900
2026-07-24T18:55:00+00:00,308.82999999999987,309.29999999999984,308.64999999999986,308.72999999999985,937
2026-07-24T19:00:00+00:00,308.72999999999985,309.22999999999985,308.07999999999987,308.3899999999999,996
2026-07-24T19:05:00+00:00,308.3899999999999,308.71999999999986,307.64999999999986,307.6799999999999,919
2026-07-24T19:10:00+00:00,307.6799999999999,308.20999999999987,307.51999999999987,307.84999999999985,944
2026-07-24T19:15:00+00:00,307.84999999999985,308.1199999999999,307.4499999999999,307.90999999999985,881
2026-07-24T19:20:00+00:00,307.90999999999985,308.40999999999985,307.65999999999985,307.9999999999999,852
2026-07-24T19:25:00+00:00,307.9999999999999,308.97999999999985,307.89999999999986,308.6899999999999,916
2026-07-24T19:30:00+00:00,308.6899999999999,309.6399999999999,308.60999999999984,309.02999999999986,1234
2026-07-24T19:35:00+00:00,309.02999999999986,309.7599999999999,308.8699999999999,309.4899999999999,1023
2026-07-24T19:40:00+00:00,309.4899999999999,310.28999999999985,309.33999999999986,310.03999999999985,1095
2026-07-24T19:45:00+00:00,310.03999999999985,310.46999999999986,309.54999999999984,310.33999999999986,1122
2026-07-24T19:50:00+00:00,310.33999999999986,310.95999999999987,309.3199999999999,310.79999999999984,1375
2026-07-24T19:55:00+00:00,310.79999999999984,312.5699999999999,310.79999999999984,312.10999999999984,1841
2026-07-27T13:30:00+00:00,312.10999999999984,314.45999999999987,310.16999999999985,314.45999999999987,2040
2026-07-27T13:35:00+00:00,314.45999999999987,316.3099999999999,313.40999999999985,313.57999999999987,1605
2026-07-27T13:40:00+00:00,313.57999999999987,313.7499999999999,311.40999999999985,313.47999999999985,1938
2026-07-27T13:45:00+00:00,313.47999999999985,313.9499999999999,310.66999999999985,312.1299999999999,1897
2026-07-27T13:50:00+00:00,312.1299999999999,312.22999999999985,310.53999999999985,310.95999999999987,1716
2026-07-27T13:55:00+00:00,310.95999999999987,311.08999999999986,308.1799999999999,308.41999999999985,1960
2026-07-27T14:00:00+00:00,308.41999999999985,308.53999999999985,307.1899999999999,308.01999999999987,1813
2026-07-27T14:05:00+00:00,308.01999999999987,309.1899999999999,307.09999999999985,308.7399999999999,1957
2026-07-27T14:10:00+00:00,308.7399999999999,309.4299999999999,307.45999999999987,308.65999999999985,1764
2026-07-27T14:15:00+00:00,308.65999999999985,309.54999999999984,308.1999999999999,308.79999999999984,1586
2026-07-27T14:20:00+00:00,308.79999999999984,308.82999999999987,307.39999999999986,308.09999999999985,1655
2026-07-27T14:25:00+00:00,308.09999999999985,308.09999999999985,306.27999999999986,306.29999999999984,1148
2026-07-27T14:30:00+00:00,306.29999999999984,307.14999999999986,305.78999999999985,306.51999999999987,1291
2026-07-27T14:35:00+00:00,306.51999999999987,306.58999999999986,305.3099999999999,305.54999999999984,1426
2026-07-27T14:40:00+00:00,305.54999999999984,305.6399999999999,303.6899999999999,304.0099999999999,1524
2026-07-27T14:45:00+00:00,304.0099999999999,305.59999999999985,303.95999999999987,305.4899999999999,1354
2026-07-27T14:50:00+00:00,305.4899999999999,308.40999999999985,305.4899999999999,308.08999999999986,1446
2026-07-27T14:55:00+00:00,308.08999999999986,308.51999999999987,307.22999999999985,308.10999999999984,1308
2026-07-27T15:00:00+00:00,308.10999999999984,310.03999999999985,307.65999999999985,309.66999999999985,1285
2026-07-27T15:05:00+00:00,309.66999999999985,309.77999999999986,308.3199999999999,308.8099999999999,1111
2026-07-27T15:10:00+00:00,308.8099999999999,309.54999999999984,308.35999999999984,308.9299999999999,1100
2026-07-27T15:15:00+00:00,308.9299999999999,309.0699999999999,307.33999999999986,307.8699999999999,1141
2026-07-27T15:20:00+00:00,307.8699999999999,308.29999999999984,307.16999999999985,307.32999999999987,1320
2026-07-27T15:25:00+00:00,307.32999999999987,307.91999999999985,306.97999999999985,307.90999999999985,1142
2026-07-27T15:30:00+00:00,307.90999999999985,308.3099999999999,306.91999999999985,307.1899999999999,957
2026-07-27T15:35:00+00:00,307.1899999999999,307.8699999999999,306.39999999999986,307.8099999999999,1108
2026-07-27T15:40:00+00:00,307.8099999999999,308.09999999999985,307.14999999999986,307.4499999999999,906
2026-07-27T15:45:00+00:00,307.4499999999999,307.6799999999999,306.8199999999999,307.1999999999999,867
2026-07-27T15:50:00+00:00,307.1999999999999,307.4299999999999,306.9499999999999,307.15999999999985,888
2026-07-27T15:55:00+00:00,307.15999999999985,308.5099999999999,307.1299999999999,308.04999999999984,870
2026-07-27T16:00:00+00:00,308.04999999999984,308.35999999999984,307.9499999999999,308.3199999999999,808
2026-07-27T16:05:00+00:00,308.3199999999999,308.6899999999999,307.9499999999999,308.54999999999984,827
2026-07-27T16:10:00+00:00,308.54999999999984,309.28999999999985,307.9499999999999,308.08999999999986,921
2026-07-27T16:15:00+00:00,308.08999999999986,308.32999999999987,307.29999999999984,307.3699999999999,1053
2026-07-27T16:20:00+00:00,307.3699999999999,308.1999999999999,306.71999999999986,308.1999999999999,932
2026-07-27T16:25:00+00:00,308.1999999999999,309.72999999999985,308.1399999999999,308.64999999999986,1548
2026-07-27T16:30:00+00:00,308.64999999999986,309.65999999999985,308.6199999999999,308.90999999999985,1078
2026-07-27T16:35:00+00:00,308.90999999999985,309.33999999999986,308.27999999999986,308.3699999999999,849
2026-07-27T16:40:00+00:00,308.3699999999999,308.47999999999985,307.41999999999985,307.64999999999986,713
2026-07-27T16:45:00+00:00,307.64999999999986,307.9499999999999,307.10999999999984,307.1299999999999,845
2026-07-27T16:50:00+00:00,307.1299999999999,307.28999999999985,306.70999999999987,306.9899999999999,775
2026-07-27T16:55:00+00:00,306.9899999999999,307.3799999999999,306.64999999999986,307.16999999999985,630
2026-07-27T17:00:00+00:00,307.16999999999985,307.2499999999999,306.29999999999984,306.39999999999986,801
2026-07-27T17:05:00+00:00,306.39999999999986,306.9999999999999,306.08999999999986,306.53999999999985,721
2026-07-27T17:10:00+00:00,306.53999999999985,306.8899999999999,306.29999999999984,306.60999999999984,652
2026-07-27T17:15:00+00:00,306.60999999999984,306.71999999999986,306.29999999999984,306.41999999999985,649
2026-07-27T17:20:00+00:00,306.41999999999985,307.15999999999985,306.32999999999987,306.90999999999985,841
2026-07-27T17:25:00+00:00,306.90999999999985,307.14999999999986,306.70999999999987,306.78999999999985,721
2026-07-27T17:30:00+00:00,306.78999999999985,307.6199999999999,306.59999999999985,307.3699999999999,770
2026-07-27T17:35:00+00:00,307.3699999999999,307.6399999999999,306.97999999999985,307.2599999999999,733
2026-07-27T17:40:00+00:00,307.2599999999999,307.76999999999987,307.16999999999985,307.76999999999987,518
2026-07-27T17:45:00+00:00,307.76999999999987,308.01999999999987,306.9299999999999,307.01999999999987,630
2026-07-27T17:50:00+00:00,307.01999999999987,307.45999999999987,306.77999999999986,307.45999999999987,677
2026-07-27T17:55:00+00:00,307.45999999999987,307.84999999999985,306.9499999999999,307.72999999999985,282.71798330663523
2026-07-27T18:00:00+00:00,307.72999999999985,308.3099999999999,306.65999999999985,306.65999999999985,148.77878505464713
2026-07-27T18:05:00+00:00,306.65999999999985,306.91999999999985,306.20999999999987,306.3099999999999,269.81481240237434
2026-07-27T18:10:00+00:00,306.3099999999999,306.85999999999984,306.3099999999999,306.46999999999986,381.16125754398576
2026-07-27T18:15:00+00:00,306.46999999999986,306.46999999999986,304.8099999999999,304.8099999999999,608
2026-07-27T18:20:00+00:00,304.8099999999999,305.14999999999986,304.5399999999999,304.8699999999999,682
2026-07-27T18:25:00+00:00,304.8699999999999,305.64999999999986,304.82999999999987,305.4899999999999,679
2026-07-27T18:30:00+00:00,305.4899999999999,305.4899999999999,304.7599999999999,304.7599999999999,592
2026-07-27T18:35:00+00:00,304.7599999999999,305.0699999999999,304.4199999999999,304.6299999999999,633
2026-07-27T18:40:00+00:00,304.6299999999999,305.6799999999999,304.4199999999999,305.3799999999999,978
2026-07-27T18:45:00+00:00,305.3799999999999,305.5599999999999,305.0099999999999,305.0399999999999,676
2026-07-27T18:50:00+00:00,305.0399999999999,306.26999999999987,304.9199999999999,306.0499999999999,711
2026-07-27T18:55:00+00:00,306.0499999999999,306.70999999999987,306.02999999999986,306.57999999999987,597
2026-07-27T19:00:00+00:00,306.57999999999987,307.0099999999999,306.1199999999999,306.1799999999999,797
2026-07-27T19:05:00+00:00,306.1799999999999,307.07999999999987,306.15999999999985,306.8899999999999,615
2026-07-27T19:10:00+00:00,306.8899999999999,307.4299999999999,306.8899999999999,307.0399999999999,564
2026-07-27T19:15:00+00:00,307.0399999999999,307.32999999999987,306.8499999999999,307.08999999999986,486
2026-07-27T19:20:00+00:00,307.08999999999986,307.3199999999999,306.7599999999999,307.3199999999999,436
2026-07-27T19:25:00+00:00,307.3199999999999,307.6899999999999,307.15999999999985,307.2999999999999,549
2026-07-27T19:30:00+00:00,307.2999999999999,308.1399999999999,307.2599999999999,307.8199999999999,469
2026-07-27T19:35:00+00:00,307.8199999999999,307.9999999999999,306.76999999999987,306.8099999999999,596
2026-07-27T19:40:00+00:00,306.8099999999999,307.7399999999999,306.5599999999999,307.58999999999986,508
2026-07-27T19:45:00+00:00,307.58999999999986,307.9199999999999,307.27999999999986,307.6399999999999,684
2026-07-27T19:50:00+00:00,307.6399999999999,307.8599999999999,306.33999999999986,306.51999999999987,836
2026-07-27T19:55:00+00:00,306.51999999999987,308.3199999999999,306.3499999999999,307.9899999999999,1316
2026-07-28T13:30:00+00:00,307.9899999999999,307.9899999999999,301.57999999999987,303.8799999999999,2223
2026-07-28T13:35:00+00:00,303.8799999999999,304.45999999999987,302.01999999999987,302.7599999999999,2246
2026-07-28T13:40:00+00:00,302.7599999999999,304.6299999999999,302.3099999999999,304.0999999999999,2421
2026-07-28T13:45:00+00:00,304.0999999999999,304.77999999999986,303.0099999999999,304.77999999999986,2279
2026-07-28T13:50:00+00:00,304.77999999999986,305.8699999999999,301.71999999999986,301.71999999999986,2700
2026-07-28T13:55:00+00:00,301.71999999999986,303.1299999999999,301.3899999999999,302.5099999999999,2051
2026-07-28T14:00:00+00:00,302.5099999999999,304.1199999999999,301.8099999999999,302.07999999999987,2153
2026-07-28T14:05:00+00:00,302.07999999999987,302.9399999999999,300.5399999999999,301.3099999999999,2310
2026-07-28T14:10:00+00:00,301.3099999999999,302.1999999999999,299.70999999999987,300.3599999999999,2311
2026-07-28T14:15:00+00:00,300.3599999999999,300.95999999999987,299.82999999999987,300.15999999999985,2412
2026-07-28T14:20:00+00:00,300.15999999999985,301.1999999999999,299.8099999999999,300.5099999999999,2521
2026-07-28T14:25:00+00:00,300.5099999999999,301.64999999999986,300.3199999999999,301.4799999999999,2121
2026-07-28T14:30:00+00:00,301.4799999999999,302.15999999999985,300.7599999999999,300.9199999999999,1895
2026-07-28T14:35:00+00:00,300.9199999999999,301.65999999999985,300.20999999999987,300.76999999999987,1777
2026-07-28T14:40:00+00:00,300.76999999999987,302.0599999999999,300.57999999999987,301.52999999999986,1415
2026-07-28T14:45:00+00:00,301.52999999999986,302.96999999999986,301.1399999999999,302.90999999999985,1345
2026-07-28T14:50:00+00:00,302.90999999999985,304.4299999999999,302.8799999999999,303.8799999999999,1131
2026-07-28T14:55:00+00:00,303.8799999999999,304.5699999999999,302.7599999999999,302.9999999999999,1113
2026-07-28T15:00:00+00:00,302.9999999999999,304.0999999999999,302.89999999999986,303.2399999999999,1205
2026-07-28T15:05:00+00:00,303.2399999999999,303.9399999999999,302.96999999999986,303.76999999999987,1088
2026-07-28T15:10:00+00:00,303.76999999999987,304.2599999999999,302.8499999999999,303.52999999999986,1276
2026-07-28T15:15:00+00:00,303.52999999999986,304.45999999999987,303.3599999999999,304.3499999999999,1143
2026-07-28T15:20:00+00:00,304.3499999999999,305.3699999999999,304.3099999999999,305.01999999999987,935
2026-07-28T15:25:00+00:00,305.01999999999987,305.6099999999999,304.8099999999999,305.20999999999987,749
2026-07-28T15:30:00+00:00,305.20999999999987,305.70999999999987,305.0099999999999,305.2499999999999,658
2026-07-28T15:35:00+00:00,305.2499999999999,306.3199999999999,305.2499999999999,305.6399999999999,621
2026-07-28T15:40:00+00:00,305.6399999999999,306.4199999999999,305.5099999999999,306.1799999999999,543
2026-07-28T15:45:00+00:00,306.1799999999999,307.1699999999999,305.9199999999999,306.9299999999999,496
2026-07-28T15:50:00+00:00,306.9299999999999,307.83999999999986,305.90999999999985,307.40999999999985,750
2026-07-28T15:55:00+00:00,307.40999999999985,308.65999999999985,307.02999999999986,308.6399999999999,693
2026-07-28T16:00:00+00:00,308.6399999999999,310.08999999999986,308.3599999999999,308.64999999999986,964
2026-07-28T16:05:00+00:00,308.64999999999986,308.8199999999999,306.2599999999999,306.27999999999986,843
2026-07-28T16:10:00+00:00,306.27999999999986,306.3599999999999,305.8099999999999,306.2399999999999,619
2026-07-28T16:15:00+00:00,306.2399999999999,306.2599999999999,305.21999999999986,305.82999999999987,686
2026-07-28T16:20:00+00:00,305.82999999999987,306.0599999999999,304.90999999999985,305.0999999999999,584
2026-07-28T16:25:00+00:00,305.0999999999999,305.6399999999999,305.02999999999986,305.5099999999999,480
2026-07-28T16:30:00+00:00,305.5099999999999,305.8799999999999,305.1199999999999,305.4499999999999,480
2026-07-28T16:35:00+00:00,305.4499999999999,306.52999999999986,305.39999999999986,306.4799999999999,473
2026-07-28T16:40:00+00:00,306.4799999999999,306.7299999999999,306.1999999999999,306.20999999999987,548
2026-07-28T16:45:00+00:00,306.20999999999987,306.3699999999999,305.8099999999999,306.27999999999986,491
2026-07-28T16:50:00+00:00,306.27999999999986,307.0099999999999,306.2499999999999,306.8799999999999,362
2026-07-28T16:55:00+00:00,306.8799999999999,306.9899999999999,306.5099999999999,306.5499999999999,430
2026-07-28T17:00:00+00:00,306.5499999999999,306.76999999999987,306.20999999999987,306.3799999999999,457
2026-07-28T17:05:00+00:00,306.3799999999999,306.64999999999986,305.51999999999987,305.6699999999999,483
2026-07-28T17:10:00+00:00,305.6699999999999,305.9799999999999,305.32999999999987,305.71999999999986,517
2026-07-28T17:15:00+00:00,305.71999999999986,305.9799999999999,305.3099999999999,305.9199999999999,399
2026-07-28T17:20:00+00:00,305.9199999999999,306.7599999999999,305.7999999999999,306.2899999999999,591
2026-07-28T17:25:00+00:00,306.2899999999999,306.4899999999999,306.07999999999987,306.1699999999999,436
2026-07-28T17:30:00+00:00,306.1699999999999,306.6199999999999,306.01999999999987,306.4199999999999,450
2026-07-28T17:35:00+00:00,306.4199999999999,306.5999999999999,305.7599999999999,305.82999999999987,438
2026-07-28T17:40:00+00:00,305.82999999999987,306.0699999999999,305.32999999999987,305.5699999999999,409
2026-07-28T17:45:00+00:00,305.5699999999999,306.14999999999986,305.3899999999999,306.0099999999999,597
2026-07-28T17:50:00+00:00,306.0099999999999,306.08999999999986,305.27999999999986,305.3499999999999,420
2026-07-28T17:55:00+00:00,305.3499999999999,306.3699999999999,305.1199999999999,306.0999999999999,379
2026-07-28T18:00:00+00:00,306.0999999999999,306.40999999999985,305.15999999999985,305.3499999999999,580
2026-07-28T18:05:00+00:00,305.3499999999999,305.3799999999999,304.77999999999986,305.02999999999986,434
2026-07-28T18:10:00+00:00,305.02999999999986,305.2499999999999,304.8099999999999,304.95999999999987,384
2026-07-28T18:15:00+00:00,304.95999999999987,305.5399999999999,304.9299999999999,305.4899999999999,337
2026-07-28T18:20:00+00:00,305.4899999999999,305.8899999999999,305.3799999999999,305.82999999999987,365
2026-07-28T18:25:00+00:00,305.82999999999987,306.0699999999999,305.6099999999999,305.76999999999987,425
2026-07-28T18:30:00+00:00,305.76999999999987,306.51999999999987,305.6999999999999,305.9299999999999,578
2026-07-28T18:35:00+00:00,305.9299999999999,306.2299999999999,305.8099999999999,305.9299999999999,385
2026-07-28T18:40:00+00:00,305.9299999999999,305.9899999999999,305.1399999999999,305.33999999999986,509
2026-07-28T18:45:00+00:00,305.33999999999986,305.90999999999985,305.1799999999999,305.6899999999999,416
2026-07-28T18:50:00+00:00,305.6899999999999,305.9899999999999,304.9399999999999,305.0099999999999,467
2026-07-28T18:55:00+00:00,305.0099999999999,305.64999999999986,304.8499999999999,305.5099999999999,355
2026-07-28T19:00:00+00:00,305.5099999999999,305.7299999999999,305.3599999999999,305.5399999999999,373
2026-07-28T19:05:00+00:00,305.5399999999999,305.5699999999999,304.5699999999999,304.7299999999999,428
2026-07-28T19:10:00+00:00,304.7299999999999,305.0999999999999,304.5699999999999,305.0999999999999,338
2026-07-28T19:15:00+00:00,305.0999999999999,305.4399999999999,304.82999999999987,305.2399999999999,381
2026-07-28T19:20:00+00:00,305.2399999999999,305.9799999999999,305.2399999999999,305.6999999999999,256
2026-07-28T19:25:00+00:00,305.6999999999999,305.82999999999987,305.3199999999999,305.6699999999999,356
2026-07-28T19:30:00+00:00,305.6699999999999,305.71999999999986,305.2499999999999,305.4399999999999,379
2026-07-28T19:35:00+00:00,305.4399999999999,305.46999999999986,304.40999999999985,304.4399999999999,439
2026-07-28T19:40:00+00:00,304.4399999999999,304.7999999999999,304.2999999999999,304.5999999999999,372
2026-07-28T19:45:00+00:00,304.5999999999999,305.0999999999999,304.58999999999986,305.0399999999999,339
2026-07-28T19:50:00+00:00,305.0399999999999,305.6199999999999,304.02999999999986,305.46999999999986,725
2026-07-28T19:55:00+00:00,305.46999999999986,306.4399999999999,305.1399999999999,306.27999999999986,1022
2026-07-29T13:30:00+00:00,306.27999999999986,307.6699999999999,303.5099999999999,304.8599999999999,2044
2026-07-29T13:35:00+00:00,304.8599999999999,306.52999999999986,304.3899999999999,305.1999999999999,2115
2026-07-29T13:40:00+00:00,305.1999999999999,305.6999999999999,303.70999999999987,304.5099999999999,2020
2026-07-29T13:45:00+00:00,304.5099999999999,305.1299999999999,303.6299999999999,305.1299999999999,1921
2026-07-29T13:50:00+00:00,305.1299999999999,305.2399999999999,303.8099999999999,304.4799999999999,1921
2026-07-29T13:55:00+00:00,304.4799999999999,304.95999999999987,302.8099999999999,304.45999999999987,1861
2026-07-29T14:00:00+00:00,304.45999999999987,305.1999999999999,303.71999999999986,304.76999999999987,2072
2026-07-29T14:05:00+00:00,304.76999999999987,305.3899999999999,303.2899999999999,303.9199999999999,2038
2026-07-29T14:10:00+00:00,303.9199999999999,304.45999999999987,303.33999999999986,303.5399999999999,1814
2026-07-29T14:15:00+00:00,303.5399999999999,304.3099999999999,303.0699999999999,304.1099999999999,2086
2026-07-29T14:20:00+00:00,304.1099999999999,304.7399999999999,303.1099999999999,303.4799999999999,2019
2026-07-29T14:25:00+00:00,303.4799999999999,303.5099999999999,301.5699999999999,302.27999999999986,2046
2026-07-29T14:30:00+00:00,302.27999999999986,303.4199999999999,302.0699999999999,303.26999999999987,1435
2026-07-29T14:35:00+00:00,303.26999999999987,303.26999999999987,302.3699999999999,302.4399999999999,1003
2026-07-29T14:40:00+00:00,302.4399999999999,302.4399999999999,301.2399999999999,301.6999999999999,1252
2026-07-29T14:45:00+00:00,301.6999999999999,302.1999999999999,300.96999999999986,301.7299999999999,1390
2026-07-29T14:50:00+00:00,301.7299999999999,302.3699999999999,301.5099999999999,302.32999999999987,1285
2026-07-29T14:55:00+00:00,302.32999999999987,302.4199999999999,301.6199999999999,301.8099999999999,1173
2026-07-29T15:00:00+00:00,301.8099999999999,302.1399999999999,301.2599999999999,302.08999999999986,1412
2026-07-29T15:05:00+00:00,302.08999999999986,302.2599999999999,301.52999999999986,301.8899999999999,1150
2026-07-29T15:10:00+00:00,301.8899999999999,301.9399999999999,300.71999999999986,301.1399999999999,1211
2026-07-29T15:15:00+00:00,301.1399999999999,302.08999999999986,301.0099999999999,301.1699999999999,1225
2026-07-29T15:20:00+00:00,301.1699999999999,301.8099999999999,300.95999999999987,301.6199999999999,1053
2026-07-29T15:25:00+00:00,301.6199999999999,301.9999999999999,301.33999999999986,301.57999999999987,1095
2026-07-29T15:30:00+00:00,301.57999999999987,302.5099999999999,301.39999999999986,302.2299999999999,1036
2026-07-29T15:35:00+00:00,302.2299999999999,302.5999999999999,301.90999999999985,301.90999999999985,1104
2026-07-29T15:40:00+00:00,301.90999999999985,302.1299999999999,301.40999999999985,301.4799999999999,790
2026-07-29T15:45:00+00:00,301.4799999999999,301.64999999999986,301.02999999999986,301.2899999999999,1043
2026-07-29T15:50:00+00:00,301.2899999999999,301.45999999999987,300.0999999999999,300.20999999999987,946
2026-07-29T15:55:00+00:00,300.20999999999987,300.5599999999999,299.5699999999999,300.46999999999986,1064
2026-07-29T16:00:00+00:00,300.46999999999986,300.8599999999999,299.7599999999999,299.8799999999999,953
2026-07-29T16:05:00+00:00,299.8799999999999,299.9899999999999,299.33999999999986,299.7599999999999,989
2026-07-29T16:10:00+00:00,299.7599999999999,299.77999999999986,298.9399999999999,299.14999999999986,890
2026-07-29T16:15:00+00:00,299.14999999999986,299.58999999999986,298.70999999999987,299.45999999999987,973
2026-07-29T16:20:00+00:00,299.45999999999987,300.02999999999986,299.1099999999999,299.7499999999999,998
2026-07-29T16:25:00+00:00,299.7499999999999,300.1099999999999,299.64999999999986,299.8699999999999,773
2026-07-29T16:30:00+00:00,299.8699999999999,300.5599999999999,299.82999999999987,300.01999999999987,838
2026-07-29T16:35:00+00:00,300.01999999999987,300.4199999999999,299.7299999999999,300.27999999999986,843
2026-07-29T16:40:00+00:00,300.27999999999986,300.76999999999987,299.77999999999986,300.3199999999999,751
2026-07-29T16:45:00+00:00,300.3199999999999,300.9399999999999,300.0599999999999,300.82999999999987,828
2026-07-29T16:50:00+00:00,300.82999999999987,300.9799999999999,300.5599999999999,300.64999999999986,854
2026-07-29T16:55:00+00:00,300.64999999999986,301.26999999999987,300.6099999999999,301.14999999999986,771
2026-07-29T17:00:00+00:00,301.14999999999986,301.8599999999999,301.01999999999987,301.5999999999999,870
2026-07-29T17:05:00+00:00,301.5999999999999,301.77999999999986,301.3499999999999,301.58999999999986,920
2026-07-29T17:10:00+00:00,301.58999999999986,302.8599999999999,301.5099999999999,302.7899999999999,832
2026-07-29T17:15:00+00:00,302.7899999999999,303.1399999999999,302.33999999999986,302.6999999999999,825
2026-07-29T17:20:00+00:00,302.6999999999999,302.9399999999999,301.8899999999999,301.9299999999999,870
2026-07-29T17:25:00+00:00,301.9299999999999,302.0099999999999,301.40999999999985,301.40999999999985,634
2026-07-29T17:30:00+00:00,301.40999999999985,302.0399999999999,301.20999999999987,301.7299999999999,675
2026-07-29T17:35:00+00:00,301.7299999999999,301.7299999999999,300.8599999999999,301.1199999999999,612
2026-07-29T17:40:00+00:00,301.1199999999999,301.5399999999999,301.0399999999999,301.3499999999999,682
2026-07-29T17:45:00+00:00,301.3499999999999,301.9299999999999,301.0099999999999,301.9299999999999,715
2026-07-29T17:50:00+00:00,301.9299999999999,302.27999999999986,301.83999999999986,301.9899999999999,649
2026-07-29T17:55:00+00:00,301.9899999999999,302.1399999999999,301.5599999999999,302.0099999999999,583
2026-07-29T18:00:00+00:00,302.0099999999999,304.15999999999985,302.0099999999999,302.9499999999999,1911
2026-07-29T18:05:00+00:00,302.9499999999999,304.4799999999999,302.8099999999999,303.6299999999999,1623
2026-07-29T18:10:00+00:00,303.6299999999999,304.1299999999999,302.58999999999986,302.9399999999999,1359
2026-07-29T18:15:00+00:00,302.9399999999999,303.5499999999999,301.70999999999987,301.7999999999999,1327
2026-07-29T18:20:00+00:00,301.7999999999999,302.15999999999985,301.40999999999985,301.71999999999986,1063
2026-07-29T18:25:00+00:00,301.71999999999986,301.76999999999987,301.20999999999987,301.6099999999999,1246
2026-07-29T18:30:00+00:00,301.6099999999999,302.2399999999999,300.6899999999999,301.02999999999986,1903
2026-07-29T18:35:00+00:00,301.02999999999986,302.83999999999986,300.6899999999999,302.45999999999987,1592
2026-07-29T18:40:00+00:00,302.45999999999987,303.7599999999999,302.2599999999999,303.40999999999985,1699
2026-07-29T18:45:00+00:00,303.40999999999985,304.83999999999986,303.1899999999999,304.8199999999999,1548
2026-07-29T18:50:00+00:00,304.8199999999999,305.65999999999985,304.26999999999987,305.6399999999999,1283
2026-07-29T18:55:00+00:00,305.6399999999999,306.3899999999999,305.45999999999987,306.1199999999999,1674
2026-07-29T19:00:00+00:00,306.1199999999999,306.8899999999999,305.20999999999987,305.46999999999986,1696
2026-07-29T19:05:00+00:00,305.46999999999986,305.4799999999999,303.3899999999999,303.39999999999986,1708
2026-07-29T19:10:00+00:00,303.39999999999986,304.08999999999986,302.8099999999999,303.6399999999999,1731
2026-07-29T19:15:00+00:00,303.6399999999999,304.1299999999999,302.3099999999999,302.7999999999999,1748
2026-07-29T19:20:00+00:00,302.7999999999999,302.8099999999999,301.01999999999987,301.20999999999987,1687
2026-07-29T19:25:00+00:00,301.20999999999987,301.4899999999999,300.32999999999987,300.95999999999987,1604
2026-07-29T19:30:00+00:00,300.95999999999987,301.5499999999999,299.40999999999985,300.01999999999987,1773
2026-07-29T19:35:00+00:00,300.01999999999987,300.3799999999999,298.45999999999987,298.46999999999986,1569
2026-07-29T19:40:00+00:00,298.46999999999986,298.71999999999986,296.6699999999999,296.9199999999999,2147
2026-07-29T19:45:00+00:00,296.9199999999999,297.57999999999987,296.5099999999999,297.5399999999999,1999
2026-07-29T19:50:00+00:00,297.5399999999999,297.7599999999999,296.57999999999987,297.2899999999999,1558
2026-07-29T19:55:00+00:00,297.2899999999999,297.6799999999999,296.3599999999999,297.2999999999999,1880
2026-07-30T13:30:00+00:00,297.2999999999999,302.95999999999987,297.2999999999999,302.95999999999987,2210
2026-07-30T13:35:00+00:00,302.95999999999987,306.40999999999985,302.51999999999987,303.9399999999999,2682
2026-07-30T13:40:00+00:00,303.9399999999999,305.1099999999999,302.5399999999999,305.0999999999999,2049
2026-07-30T13:45:00+00:00,305.0999999999999,305.57999999999987,303.83999999999986,305.3599999999999,2394
2026-07-30T13:50:00+00:00,305.3599999999999,306.7599999999999,305.01999999999987,305.3599999999999,2445
2026-07-30T13:55:00+00:00,305.3599999999999,306.6999999999999,304.52999999999986,306.0599999999999,2348
2026-07-30T14:00:00+00:00,306.0599999999999,307.0599999999999,305.5099999999999,306.7499999999999,2372
2026-07-30T14:05:00+00:00,306.7499999999999,307.58999999999986,304.8599999999999,304.8599999999999,2220
2026-07-30T14:10:00+00:00,304.8599999999999,305.3099999999999,304.21999999999986,304.6399999999999,1965
2026-07-30T14:15:00+00:00,304.6399999999999,305.52999999999986,304.3599999999999,305.1299999999999,1815
2026-07-30T14:20:00+00:00,305.1299999999999,306.4899999999999,304.83999999999986,306.07999999999987,1789
2026-07-30T14:25:00+00:00,306.07999999999987,307.9899999999999,305.6799999999999,307.8599999999999,1063
2026-07-30T14:30:00+00:00,307.8599999999999,307.9799999999999,306.9299999999999,307.0699999999999,1245
2026-07-30T14:35:00+00:00,307.0699999999999,307.90999999999985,306.71999999999986,307.01999999999987,1142
2026-07-30T14:40:00+00:00,307.01999999999987,307.01999999999987,305.08999999999986,305.40999999999985,1003
2026-07-30T14:45:00+00:00,305.40999999999985,305.9199999999999,305.0099999999999,305.45999999999987,1201
2026-07-30T14:50:00+00:00,305.45999999999987,305.4899999999999,304.3199999999999,304.5599999999999,1106
2026-07-30T14:55:00+00:00,304.5599999999999,304.5599999999999,302.8099999999999,303.7299999999999,1368
2026-07-30T15:00:00+00:00,303.7299999999999,304.1699999999999,302.52999999999986,303.7299999999999,1393
2026-07-30T15:05:00+00:00,303.7299999999999,305.4499999999999,303.70999999999987,305.14999999999986,1304
2026-07-30T15:10:00+00:00,305.14999999999986,305.2999999999999,303.5099999999999,303.7599999999999,1217
2026-07-30T15:15:00+00:00,303.7599999999999,304.2599999999999,303.1199999999999,303.89999999999986,1152
2026-07-30T15:20:00+00:00,303.89999999999986,304.21999999999986,303.3099999999999,303.96999999999986,1141
2026-07-30T15:25:00+00:00,303.96999999999986,304.5999999999999,303.21999999999986,303.4499999999999,1173
2026-07-30T15:30:00+00:00,303.4499999999999,304.2599999999999,303.3699999999999,304.2299999999999,924
2026-07-30T15:35:00+00:00,304.2299999999999,304.8499999999999,304.07999999999987,304.6199999999999,785
2026-07-30T15:40:00+00:00,304.6199999999999,305.08999999999986,304.4299999999999,304.6199999999999,918
2026-07-30T15:45:00+00:00,304.6199999999999,305.4799999999999,304.5999999999999,305.1699999999999,850
2026-07-30T15:50:00+00:00,305.1699999999999,305.2999999999999,304.33999999999986,304.90999999999985,842
2026-07-30T15:55:00+00:00,304.90999999999985,305.2399999999999,304.1099999999999,304.20999999999987,694
2026-07-30T16:00:00+00:00,304.20999999999987,305.95999999999987,303.90999999999985,305.57999999999987,871
2026-07-30T16:05:00+00:00,305.57999999999987,306.0599999999999,305.0999999999999,305.27999999999986,756
2026-07-30T16:10:00+00:00,305.27999999999986,305.7599999999999,304.5999999999999,305.6899999999999,700
2026-07-30T16:15:00+00:00,305.6899999999999,306.32999999999987,305.6899999999999,305.8699999999999,783
2026-07-30T16:20:00+00:00,305.8699999999999,306.4299999999999,305.4999999999999,305.7899999999999,791
2026-07-30T16:25:00+00:00,305.7899999999999,306.0499999999999,305.6099999999999,305.89999999999986,686
2026-07-30T16:30:00+00:00,305.89999999999986,306.0699999999999,305.4999999999999,305.57999999999987,723
2026-07-30T16:35:00+00:00,305.57999999999987,305.90999999999985,305.1199999999999,305.1399999999999,752
2026-07-30T16:40:00+00:00,305.1399999999999,305.1399999999999,303.5099999999999,303.8499999999999,954
2026-07-30T16:45:00+00:00,303.8499999999999,304.5099999999999,303.7299999999999,303.9299999999999,868
2026-07-30T16:50:00+00:00,303.9299999999999,304.8799999999999,303.6299999999999,304.82999999999987,780
2026-07-30T16:55:00+00:00,304.82999999999987,305.15999999999985,304.6299999999999,305.15999999999985,573
2026-07-30T17:00:00+00:00,305.15999999999985,305.52999999999986,304.7899999999999,304.9399999999999,780
2026-07-30T17:05:00+00:00,304.9399999999999,305.3099999999999,304.40999999999985,304.77999999999986,766
2026-07-30T17:10:00+00:00,304.77999999999986,305.1899999999999,304.5599999999999,304.70999999999987,611
2026-07-30T17:15:00+00:00,304.70999999999987,305.8199999999999,304.70999999999987,305.5099999999999,731
2026-07-30T17:20:00+00:00,305.5099999999999,306.08999999999986,305.3099999999999,305.90999999999985,623
2026-07-30T17:25:00+00:00,305.90999999999985,306.3799999999999,305.8099999999999,305.8199999999999,637
2026-07-30T17:30:00+00:00,305.8199999999999,306.2299999999999,305.6999999999999,306.02999999999986,524
2026-07-30T17:35:00+00:00,306.02999999999986,306.9499999999999,305.8599999999999,306.2399999999999,786
2026-07-30T17:40:00+00:00,306.2399999999999,306.7899999999999,306.2399999999999,306.3899999999999,600
2026-07-30T17:45:00+00:00,306.3899999999999,306.82999999999987,306.3199999999999,306.70999999999987,622
2026-07-30T17:50:00+00:00,306.70999999999987,306.9999999999999,306.4399999999999,306.6299999999999,586
2026-07-30T17:55:00+00:00,306.6299999999999,306.8799999999999,306.39999999999986,306.6199999999999,558
2026-07-30T18:00:00+00:00,306.6199999999999,306.83999999999986,305.9499999999999,305.9799999999999,561
2026-07-30T18:05:00+00:00,305.9799999999999,306.6899999999999,305.95999999999987,306.21999999999986,482
2026-07-30T18:10:00+00:00,306.21999999999986,306.6399999999999,305.7499999999999,306.5399999999999,483
2026-07-30T18:15:00+00:00,306.5399999999999,306.96999999999986,306.5099999999999,306.7499999999999,479
2026-07-30T18:20:00+00:00,306.7499999999999,306.7999999999999,306.40999999999985,306.52999999999986,466
2026-07-30T18:25:00+00:00,306.52999999999986,306.7999999999999,306.4299999999999,306.5399999999999,446
2026-07-30T18:30:00+00:00,306.5399999999999,306.7599999999999,306.2299999999999,306.3899999999999,687
2026-07-30T18:35:00+00:00,306.3899999999999,306.6699999999999,306.01999999999987,306.20999999999987,597
2026-07-30T18:40:00+00:00,306.20999999999987,306.83999999999986,306.1799999999999,306.8099999999999,436
2026-07-30T18:45:00+00:00,306.8099999999999,307.02999999999986,306.5099999999999,306.51999999999987,456
2026-07-30T18:50:00+00:00,306.51999999999987,307.07999999999987,306.5099999999999,306.9499999999999,452
2026-07-30T18:55:00+00:00,306.9499999999999,307.1699999999999,306.7399999999999,307.0399999999999,534
2026-07-30T19:00:00+00:00,307.0399999999999,307.8099999999999,307.0099999999999,307.57999999999987,564
2026-07-30T19:05:00+00:00,307.57999999999987,308.6799999999999,307.40999999999985,308.52999999999986,616
2026-07-30T19:10:00+00:00,308.52999999999986,309.02999999999986,308.2299999999999,308.27999999999986,703
2026-07-30T19:15:00+00:00,308.27999999999986,308.9399999999999,308.1399999999999,308.4199999999999,611
2026-07-30T19:20:00+00:00,308.4199999999999,309.3799999999999,308.0399999999999,309.0399999999999,569
2026-07-30T19:25:00+00:00,309.0399999999999,309.39999999999986,308.7599999999999,308.8099999999999,581
2026-07-30T19:30:00+00:00,308.8099999999999,309.57999999999987,308.6899999999999,309.51999999999987,650
2026-07-30T19:35:00+00:00,309.51999999999987,309.83999999999986,309.07999999999987,309.6999999999999,633
2026-07-30T19:40:00+00:00,309.6999999999999,309.70999999999987,308.5999999999999,308.5999999999999,593
2026-07-30T19:45:00+00:00,308.5999999999999,309.01999999999987,308.51999999999987,308.6699999999999,630
2026-07-30T19:50:00+00:00,308.6699999999999,308.7499999999999,307.6999999999999,307.7499999999999,845
2026-07-30T19:55:00+00:00,307.7499999999999,307.9999999999999,307.15999999999985,307.8699999999999,1477
2026-07-31T13:30:00+00:00,307.8699999999999,314.0399999999999,307.51999999999987,313.90999999999985,1850
2026-07-31T13:35:00+00:00,313.90999999999985,314.3899999999999,309.40999999999985,309.71999999999986,1832
2026-07-31T13:40:00+00:00,309.71999999999986,310.1099999999999,308.0499999999999,308.1299999999999,1421
2026-07-31T13:45:00+00:00,308.1299999999999,308.5999999999999,305.2899999999999,305.6199999999999,2095
2026-07-31T13:50:00+00:00,305.6199999999999,306.27999999999986,304.8799999999999,305.3199999999999,2099
2026-07-31T13:55:00+00:00,305.3199999999999,305.6099999999999,304.77999999999986,305.39999999999986,1462
2026-07-31T14:00:00+00:00,305.39999999999986,305.5699999999999,302.9399999999999,303.14999999999986,1698
2026-07-31T14:05:00+00:00,303.14999999999986,303.6299999999999,302.1299999999999,302.5399999999999,1608
2026-07-31T14:10:00+00:00,302.5399999999999,302.71999999999986,300.96999999999986,301.95999999999987,1824
2026-07-31T14:15:00+00:00,301.95999999999987,303.82999999999987,301.5699999999999,302.4199999999999,2029
2026-07-31T14:20:00+00:00,302.4199999999999,304.21999999999986,302.3099999999999,303.1199999999999,1779
2026-07-31T14:25:00+00:00,303.1199999999999,303.4499999999999,302.6899999999999,303.3499999999999,1055
2026-07-31T14:30:00+00:00,303.3499999999999,304.0999999999999,303.1699999999999,303.89999999999986,1191
2026-07-31T14:35:00+00:00,303.89999999999986,305.0999999999999,303.70999999999987,304.8899999999999,1009
2026-07-31T14:40:00+00:00,304.8899999999999,305.0999999999999,304.0399999999999,304.90999999999985,1026
2026-07-31T14:45:00+00:00,304.90999999999985,308.9399999999999,304.8699999999999,308.8599999999999,1618
2026-07-31T14:50:00+00:00,308.8599999999999,309.1299999999999,306.1999999999999,306.2599999999999,1148
2026-07-31T14:55:00+00:00,306.2599999999999,308.51999999999987,305.1899999999999,307.4399999999999,1239
2026-07-31T15:00:00+00:00,307.4399999999999,307.8899999999999,306.1099999999999,306.77999999999986,920
2026-07-31T15:05:00+00:00,306.77999999999986,307.71999999999986,306.3499999999999,307.02999999999986,913
2026-07-31T15:10:00+00:00,307.02999999999986,307.02999999999986,305.8099999999999,306.6399999999999,1073
2026-07-31T15:15:00+00:00,306.6399999999999,307.9799999999999,305.8099999999999,306.39999999999986,1051
2026-07-31T15:20:00+00:00,306.39999999999986,306.6199999999999,305.32999999999987,305.4399999999999,871
2026-07-31T15:25:00+00:00,305.4399999999999,305.8699999999999,304.4799999999999,304.6999999999999,1176
2026-07-31T15:30:00+00:00,304.6999999999999,305.0999999999999,304.3699999999999,304.7599999999999,1035
2026-07-31T15:35:00+00:00,304.7599999999999,306.9199999999999,304.6199999999999,306.27999999999986,935
2026-07-31T15:40:00+00:00,306.27999999999986,306.5699999999999,304.7599999999999,305.4199999999999,1054
2026-07-31T15:45:00+00:00,305.4199999999999,305.5399999999999,304.89999999999986,305.3599999999999,936
2026-07-31T15:50:00+00:00,305.3599999999999,306.6299999999999,305.33999999999986,306.52999999999986,911
2026-07-31T15:55:00+00:00,306.52999999999986,306.8699999999999,305.90999999999985,306.52999999999986,789
2026-07-31T16:00:00+00:00,306.52999999999986,307.21999999999986,306.33999999999986,306.8899999999999,845
2026-07-31T16:05:00+00:00,306.8899999999999,307.26999999999987,306.5099999999999,306.8599999999999,689
2026-07-31T16:10:00+00:00,306.8599999999999,307.2599999999999,306.7899999999999,306.9999999999999,751
2026-07-31T16:15:00+00:00,306.9999999999999,307.0399999999999,306.15999999999985,306.6299999999999,729
2026-07-31T16:20:00+00:00,306.6299999999999,307.71999999999986,306.21999999999986,307.4799999999999,669
2026-07-31T16:25:00+00:00,307.4799999999999,308.3099999999999,306.8899999999999,308.2499999999999,649
2026-07-31T16:30:00+00:00,308.2499999999999,308.65999999999985,307.9199999999999,308.3699999999999,676
2026-07-31T16:35:00+00:00,308.3699999999999,308.8099999999999,307.9899999999999,308.32999999999987,664
2026-07-31T16:40:00+00:00,308.32999999999987,308.77999999999986,307.6899999999999,307.95999999999987,649
2026-07-31T16:45:00+00:00,307.95999999999987,309.01999999999987,307.6899999999999,308.9299999999999,775
2026-07-31T16:50:00+00:00,308.9299999999999,309.1799999999999,308.70999999999987,308.7599999999999,549
2026-07-31T16:55:00+00:00,308.7599999999999,309.08999999999986,308.70999999999987,308.70999999999987,505
2026-07-31T17:00:00+00:00,308.70999999999987,310.0099999999999,308.5099999999999,309.70999999999987,718
2026-07-31T17:05:00+00:00,309.70999999999987,309.89999999999986,308.7999999999999,308.8599999999999,655
2026-07-31T17:10:00+00:00,308.8599999999999,309.4399999999999,308.7999999999999,309.4399999999999,600
2026-07-31T17:15:00+00:00,309.4399999999999,309.6999999999999,309.21999999999986,309.51999999999987,582
2026-07-31T17:20:00+00:00,309.51999999999987,309.6899999999999,308.7299999999999,309.5099999999999,558
2026-07-31T17:25:00+00:00,309.5099999999999,309.9199999999999,309.2599999999999,309.52999999999986,574
2026-07-31T17:30:00+00:00,309.52999999999986,309.52999999999986,308.90999999999985,309.2999999999999,500
2026-07-31T17:35:00+00:00,309.2999999999999,309.6999999999999,309.0399999999999,309.0599999999999,467
2026-07-31T17:40:00+00:00,309.0599999999999,309.32999999999987,308.8099999999999,309.1899999999999,537
2026-07-31T17:45:00+00:00,309.1899999999999,309.6899999999999,309.07999999999987,309.6199999999999,446
2026-07-31T17:50:00+00:00,309.6199999999999,310.3899999999999,309.3799999999999,310.2499999999999,689
2026-07-31T17:55:00+00:00,310.2499999999999,310.4899999999999,309.9399999999999,310.0599999999999,458
2026-07-31T18:00:00+00:00,310.0599999999999,310.4999999999999,309.9299999999999,310.1399999999999,566
2026-07-31T18:05:00+00:00,310.1399999999999,310.39999999999986,309.8899999999999,310.2599999999999,480
2026-07-31T18:10:00+00:00,310.2599999999999,310.3899999999999,309.95999999999987,310.1699999999999,541
2026-07-31T18:15:00+00:00,310.1699999999999,310.8899999999999,310.0599999999999,310.71999999999986,566
2026-07-31T18:20:00+00:00,310.71999999999986,311.1199999999999,310.5399999999999,310.89999999999986,515
2026-07-31T18:25:00+00:00,310.89999999999986,310.9199999999999,309.6899999999999,309.7399999999999,556
2026-07-31T18:30:00+00:00,309.7399999999999,310.1299999999999,309.71999999999986,309.7599999999999,475
2026-07-31T18:35:00+00:00,309.7599999999999,309.7599999999999,309.0599999999999,309.2899999999999,486
2026-07-31T18:40:00+00:00,309.2899999999999,309.6299999999999,309.2299999999999,309.5999999999999,456
2026-07-31T18:45:00+00:00,309.5999999999999,310.3499999999999,309.5099999999999,310.33999999999986,455
2026-07-31T18:50:00+00:00,310.33999999999986,310.4999999999999,310.1399999999999,310.33999999999986,416
2026-07-31T18:55:00+00:00,310.33999999999986,310.4299999999999,309.5099999999999,309.8699999999999,436
2026-07-31T19:00:00+00:00,309.8699999999999,310.0499999999999,309.0399999999999,309.14999999999986,446
2026-07-31T19:05:00+00:00,309.14999999999986,309.3899999999999,309.0399999999999,309.1799999999999,401
2026-07-31T19:10:00+00:00,309.1799999999999,309.27999999999986,308.8899999999999,309.14999999999986,357
2026-07-31T19:15:00+00:00,309.14999999999986,309.6299999999999,308.6799999999999,309.51999999999987,520
2026-07-31T19:20:00+00:00,309.51999999999987,310.08999999999986,309.1899999999999,309.20999999999987,416
2026-07-31T19:25:00+00:00,309.20999999999987,309.6199999999999,309.01999999999987,309.4299999999999,369
2026-07-31T19:30:00+00:00,309.4299999999999,310.08999999999986,308.8099999999999,309.77999999999986,614
2026-07-31T19:35:00+00:00,309.77999999999986,310.21999999999986,309.70999999999987,310.1899999999999,326
2026-07-31T19:40:00+00:00,310.1899999999999,310.8499999999999,309.90999999999985,310.5699999999999,505
2026-07-31T19:45:00+00:00,310.5699999999999,311.1799999999999,310.5599999999999,311.1099999999999,463
2026-07-31T19:50:00+00:00,311.1099999999999,312.1699999999999,310.7999999999999,311.7299999999999,730
2026-07-31T19:55:00+00:00,311.7299999999999,312.1299999999999,309.1699999999999,310.32999999999987,1376
2026-08-03T13:30:00+00:00,310.32999999999987,313.4499999999999,308.3499999999999,312.9799999999999,2082
2026-08-03T13:35:00+00:00,312.9799999999999,317.0099999999999,312.7599999999999,316.90999999999985,2163
2026-08-03T13:40:00+00:00,316.90999999999985,317.3699999999999,315.65999999999985,316.2299999999999,2212
2026-08-03T13:45:00+00:00,316.2299999999999,316.8699999999999,314.3199999999999,315.6399999999999,2219
2026-08-03T13:50:00+00:00,315.6399999999999,316.6099999999999,314.21999999999986,316.5399999999999,2026
2026-08-03T13:55:00+00:00,316.5399999999999,318.27999999999986,316.4899999999999,317.6899999999999,1642
2026-08-03T14:00:00+00:00,317.6899999999999,318.2999999999999,316.2399999999999,317.1699999999999,1571
2026-08-03T14:05:00+00:00,317.1699999999999,317.7999999999999,316.5099999999999,316.5499999999999,1547
2026-08-03T14:10:00+00:00,316.5499999999999,317.1799999999999,315.83999999999986,316.1699999999999,1317
2026-08-03T14:15:00+00:00,316.1699999999999,317.1699999999999,316.1199999999999,316.9999999999999,995
2026-08-03T14:20:00+00:00,316.9999999999999,317.71999999999986,316.5399999999999,317.2599999999999,1120
2026-08-03T14:25:00+00:00,317.2599999999999,317.7499999999999,317.0499999999999,317.70999999999987,671
2026-08-03T14:30:00+00:00,317.70999999999987,317.76999999999987,316.45999999999987,317.2299999999999,749
2026-08-03T14:35:00+00:00,317.2299999999999,318.08999999999986,317.1399999999999,317.7499999999999,780
2026-08-03T14:40:00+00:00,317.7499999999999,319.01999999999987,317.5399999999999,318.4999999999999,977
2026-08-03T14:45:00+00:00,318.4999999999999,319.6099999999999,318.4999999999999,319.08999999999986,1000
2026-08-03T14:50:00+00:00,319.08999999999986,320.02999999999986,318.9499999999999,319.8099999999999,837
2026-08-03T14:55:00+00:00,319.8099999999999,321.26999999999987,319.6999999999999,321.2299999999999,1057
2026-08-03T15:00:00+00:00,321.2299999999999,321.3599999999999,320.5099999999999,320.8799999999999,941
2026-08-03T15:05:00+00:00,320.8799999999999,321.5499999999999,320.6999999999999,321.14999999999986,813
2026-08-03T15:10:00+00:00,321.14999999999986,321.1799999999999,320.5099999999999,320.9999999999999,743
2026-08-03T15:15:00+00:00,320.9999999999999,322.4399999999999,320.95999999999987,321.95999999999987,999
2026-08-03T15:20:00+00:00,321.95999999999987,323.1699999999999,321.8099999999999,322.6199999999999,927
2026-08-03T15:25:00+00:00,322.6199999999999,323.08999999999986,321.9199999999999,322.0599999999999,1015
2026-08-03T15:30:00+00:00,322.0599999999999,323.08999999999986,322.01999999999987,322.77999999999986,816
2026-08-03T15:35:00+00:00,322.77999999999986,322.9799999999999,322.15999999999985,322.5699999999999,823
2026-08-03T15:40:00+00:00,322.5699999999999,322.77999999999986,321.5599999999999,321.6399999999999,680
2026-08-03T15:45:00+00:00,321.6399999999999,322.1699999999999,321.51999999999987,321.7999999999999,716
2026-08-03T15:50:00+00:00,321.7999999999999,322.6899999999999,321.7899999999999,322.4799999999999,664
2026-08-03T15:55:00+00:00,322.4799999999999,322.6199999999999,322.1099999999999,322.3499999999999,578
2026-08-03T16:00:00+00:00,322.3499999999999,322.6199999999999,321.95999999999987,322.1299999999999,679
2026-08-03T16:05:00+00:00,322.1299999999999,322.5999999999999,322.0499999999999,322.52999999999986,539
2026-08-03T16:10:00+00:00,322.52999999999986,323.0599999999999,322.40999999999985,322.6899999999999,667
2026-08-03T16:15:00+00:00,322.6899999999999,322.9399999999999,322.07999999999987,322.20999999999987,612
2026-08-03T16:20:00+00:00,322.20999999999987,322.2299999999999,320.9299999999999,320.9299999999999,658
2026-08-03T16:25:00+00:00,320.9299999999999,321.40999999999985,320.83999999999986,321.0699999999999,637
2026-08-03T16:30:00+00:00,321.0699999999999,321.07999999999987,320.3899999999999,320.9799999999999,637
2026-08-03T16:35:00+00:00,320.9799999999999,321.3699999999999,320.0499999999999,320.1999999999999,771
2026-08-03T16:40:00+00:00,320.1999999999999,320.2399999999999,319.5599999999999,319.95999999999987,641
2026-08-03T16:45:00+00:00,319.95999999999987,319.9899999999999,319.2599999999999,319.2899999999999,652
2026-08-03T16:50:00+00:00,319.2899999999999,319.3699999999999,318.83999999999986,319.07999999999987,592
2026-08-03T16:55:00+00:00,319.07999999999987,319.3699999999999,318.8899999999999,318.95999999999987,491
2026-08-03T17:00:00+00:00,318.95999999999987,319.2899999999999,318.3599999999999,318.58999999999986,689
2026-08-03T17:05:00+00:00,318.58999999999986,319.5099999999999,318.52999999999986,319.2899999999999,608
2026-08-03T17:10:00+00:00,319.2899999999999,320.4299999999999,319.1699999999999,320.2899999999999,593
2026-08-03T17:15:00+00:00,320.2899999999999,320.6899999999999,320.1699999999999,320.5099999999999,661
2026-08-03T17:20:00+00:00,320.5099999999999,320.83999999999986,320.2599999999999,320.6299999999999,527
2026-08-03T17:25:00+00:00,320.6299999999999,321.1899999999999,320.57999999999987,321.1399999999999,536
2026-08-03T17:30:00+00:00,321.1399999999999,321.2399999999999,320.89999999999986,321.1399999999999,469
2026-08-03T17:35:00+00:00,321.1399999999999,321.4199999999999,321.0099999999999,321.1999999999999,396
2026-08-03T17:40:00+00:00,321.1999999999999,321.65999999999985,321.1799999999999,321.5499999999999,467
2026-08-03T17:45:00+00:00,321.5499999999999,321.9799999999999,321.4899999999999,321.6699999999999,462
2026-08-03T17:50:00+00:00,321.6699999999999,321.77999999999986,321.3099999999999,321.7299999999999,575
2026-08-03T17:55:00+00:00,321.7299999999999,321.90999999999985,321.1199999999999,321.2399999999999,627
2026-08-03T18:00:00+00:00,321.2399999999999,321.39999999999986,320.83999999999986,320.9799999999999,558
2026-08-03T18:05:00+00:00,320.9799999999999,322.02999999999986,320.9799999999999,321.71999999999986,622
2026-08-03T18:10:00+00:00,321.71999999999986,321.8099999999999,321.1299999999999,321.3199999999999,619
2026-08-03T18:15:00+00:00,321.3199999999999,321.70999999999987,321.21999999999986,321.32999999999987,529
2026-08-03T18:20:00+00:00,321.32999999999987,321.4399999999999,320.9399999999999,320.96999999999986,406
2026-08-03T18:25:00+00:00,320.96999999999986,321.07999999999987,320.32999999999987,320.4199999999999,520
2026-08-03T18:30:00+00:00,320.4199999999999,320.58999999999986,320.02999999999986,320.4199999999999,548
2026-08-03T18:35:00+00:00,320.4199999999999,321.3599999999999,320.4199999999999,321.21999999999986,638
2026-08-03T18:40:00+00:00,321.21999999999986,321.64999999999986,321.07999999999987,321.5599999999999,490
2026-08-03T18:45:00+00:00,321.5599999999999,322.4199999999999,321.2899999999999,322.39999999999986,650
2026-08-03T18:50:00+00:00,322.39999999999986,322.76999999999987,322.3199999999999,322.45999999999987,625
2026-08-03T18:55:00+00:00,322.45999999999987,322.8199999999999,322.26999999999987,322.45999999999987,428
2026-08-03T19:00:00+00:00,322.45999999999987,323.58999999999986,322.45999999999987,323.21999999999986,652
2026-08-03T19:05:00+00:00,323.21999999999986,323.3099999999999,322.0499999999999,322.1199999999999,556
2026-08-03T19:10:00+00:00,322.1199999999999,322.3499999999999,321.3799999999999,321.4999999999999,481
2026-08-03T19:15:00+00:00,321.4999999999999,322.1899999999999,321.3799999999999,321.9899999999999,451
2026-08-03T19:20:00+00:00,321.9899999999999,322.20999999999987,321.8799999999999,322.0699999999999,491
2026-08-03T19:25:00+00:00,322.0699999999999,322.1699999999999,321.6899999999999,321.71999999999986,446
2026-08-03T19:30:00+00:00,321.71999999999986,322.0399999999999,321.4799999999999,321.9999999999999,455
2026-08-03T19:35:00+00:00,321.9999999999999,322.1899999999999,321.6999999999999,321.71999999999986,496
2026-08-03T19:40:00+00:00,321.71999999999986,321.8899999999999,321.2599999999999,321.52999999999986,510
2026-08-03T19:45:00+00:00,321.52999999999986,321.5399999999999,320.90999999999985,321.02999999999986,528
2026-08-03T19:50:00+00:00,321.02999999999986,321.0499999999999,320.1999999999999,320.1999999999999,788
2026-08-03T19:55:00+00:00,320.1999999999999,321.2399999999999,320.1999999999999,321.1299999999999,977
2026-08-04T13:30:00+00:00,321.1299999999999,325.6099999999999,321.1299999999999,323.3699999999999,1765
2026-08-04T13:35:00+00:00,323.3699999999999,325.76999999999987,321.2899999999999,321.3099999999999,1761
2026-08-04T13:40:00+00:00,321.3099999999999,322.3899999999999,320.02999999999986,320.51999999999987,1510
2026-08-04T13:45:00+00:00,320.51999999999987,321.9199999999999,320.45999999999987,321.76999999999987,956
2026-08-04T13:50:00+00:00,321.76999999999987,321.95999999999987,320.64999999999986,321.7599999999999,951
2026-08-04T13:55:00+00:00,321.7599999999999,322.2999999999999,320.15999999999985,320.76999999999987,1022
2026-08-04T14:00:00+00:00,320.76999999999987,322.1399999999999,319.7899999999999,322.08999999999986,972
2026-08-04T14:05:00+00:00,322.08999999999986,323.7499999999999,322.0699999999999,323.14999999999986,1010
2026-08-04T14:10:00+00:00,323.14999999999986,324.39999999999986,322.58999999999986,323.8199999999999,819
2026-08-04T14:15:00+00:00,323.8199999999999,324.1699999999999,322.7999999999999,322.82999999999987,802
2026-08-04T14:20:00+00:00,322.82999999999987,322.8499999999999,321.7599999999999,322.3099999999999,863
2026-08-04T14:25:00+00:00,322.3099999999999,323.0099999999999,322.0499999999999,322.6199999999999,607
2026-08-04T14:30:00+00:00,322.6199999999999,322.8799999999999,322.1099999999999,322.40999999999985,806
2026-08-04T14:35:00+00:00,322.40999999999985,322.9399999999999,321.6099999999999,322.5699999999999,811
2026-08-04T14:40:00+00:00,322.5699999999999,323.0399999999999,322.2599999999999,322.71999999999986,599
2026-08-04T14:45:00+00:00,322.71999999999986,322.8899999999999,322.2299999999999,322.46999999999986,485
2026-08-04T14:50:00+00:00,322.46999999999986,322.96999999999986,322.2599999999999,322.6299999999999,557
2026-08-04T14:55:00+00:00,322.6299999999999,323.3799999999999,322.5099999999999,322.9799999999999,544
2026-08-04T15:00:00+00:00,322.9799999999999,323.45999999999987,322.9199999999999,323.15999999999985,529
2026-08-04T15:05:00+00:00,323.15999999999985,323.7499999999999,322.7999999999999,323.58999999999986,681
2026-08-04T15:10:00+00:00,323.58999999999986,323.9199999999999,323.2299999999999,323.3099999999999,610
2026-08-04T15:15:00+00:00,323.3099999999999,324.01999999999987,323.1299999999999,323.8699999999999,539
2026-08-04T15:20:00+00:00,323.8699999999999,323.9999999999999,323.0399999999999,323.1399999999999,588
2026-08-04T15:25:00+00:00,323.1399999999999,323.46999999999986,322.7599999999999,322.9199999999999,633
2026-08-04T15:30:00+00:00,322.9199999999999,323.3099999999999,322.5099999999999,322.52999999999986,599
2026-08-04T15:35:00+00:00,322.52999999999986,323.1299999999999,321.8699999999999,323.01999999999987,876
2026-08-04T15:40:00+00:00,323.01999999999987,323.5099999999999,322.5999999999999,322.95999999999987,640
2026-08-04T15:45:00+00:00,322.95999999999987,323.1299999999999,322.6299999999999,322.6299999999999,507
2026-08-04T15:50:00+00:00,322.6299999999999,323.8699999999999,322.6299999999999,323.52999999999986,643
2026-08-04T15:55:00+00:00,323.52999999999986,323.8899999999999,323.0999999999999,323.1899999999999,713
2026-08-04T16:00:00+00:00,323.1899999999999,324.6399999999999,323.15999999999985,324.6099999999999,812
2026-08-04T16:05:00+00:00,324.6099999999999,324.7499999999999,324.0099999999999,324.4199999999999,746
2026-08-04T16:10:00+00:00,324.4199999999999,324.65999999999985,323.5399999999999,323.5499999999999,806
2026-08-04T16:15:00+00:00,323.5499999999999,324.1899999999999,323.5399999999999,324.0499999999999,695
2026-08-04T16:20:00+00:00,324.0499999999999,324.46999999999986,323.9999999999999,324.20999999999987,571
2026-08-04T16:25:00+00:00,324.20999999999987,324.58999999999986,323.5399999999999,323.5499999999999,544
2026-08-04T16:30:00+00:00,323.5499999999999,324.1099999999999,323.3099999999999,323.6299999999999,643
2026-08-04T16:35:00+00:00,323.6299999999999,323.8099999999999,323.3099999999999,323.5099999999999,507
2026-08-04T16:40:00+00:00,323.5099999999999,324.02999999999986,323.3099999999999,323.71999999999986,517
2026-08-04T16:45:00+00:00,323.71999999999986,324.02999999999986,323.65999999999985,323.95999999999987,430
2026-08-04T16:50:00+00:00,323.95999999999987,324.01999999999987,323.65999999999985,323.89999999999986,505
2026-08-04T16:55:00+00:00,323.89999999999986,324.2299999999999,323.7599999999999,324.1699999999999,495
2026-08-04T17:00:00+00:00,324.1699999999999,324.8199999999999,324.15999999999985,324.6699999999999,576
2026-08-04T17:05:00+00:00,324.6699999999999,324.89999999999986,324.5099999999999,324.8099999999999,538
2026-08-04T17:10:00+00:00,324.8099999999999,325.3599999999999,324.70999999999987,325.3499999999999,633
2026-08-04T17:15:00+00:00,325.3499999999999,325.3499999999999,324.8099999999999,324.9499999999999,548
2026-08-04T17:20:00+00:00,324.9499999999999,326.4199999999999,324.8799999999999,326.2499999999999,832
2026-08-04T17:25:00+00:00,326.2499999999999,326.32999999999987,325.7899999999999,326.01999999999987,572
2026-08-04T17:30:00+00:00,326.01999999999987,326.1899999999999,325.64999999999986,325.8799999999999,545
2026-08-04T17:35:00+00:00,325.8799999999999,325.9799999999999,325.6299999999999,325.9799999999999,450
2026-08-04T17:40:00+00:00,325.9799999999999,326.1799999999999,325.71999999999986,325.7399999999999,521
2026-08-04T17:45:00+00:00,325.7399999999999,326.0099999999999,325.40999999999985,325.4299999999999,475
2026-08-04T17:50:00+00:00,325.4299999999999,325.4299999999999,324.33999999999986,324.77999999999986,713
2026-08-04T17:55:00+00:00,324.77999999999986,324.9299999999999,324.5099999999999,324.52999999999986,608
2026-08-04T18:00:00+00:00,324.52999999999986,324.6199999999999,324.0399999999999,324.21999999999986,714
2026-08-04T18:05:00+00:00,324.21999999999986,324.7399999999999,324.20999999999987,324.6199999999999,600
2026-08-04T18:10:00+00:00,324.6199999999999,325.3699999999999,324.57999999999987,325.3199999999999,503
2026-08-04T18:15:00+00:00,325.3199999999999,325.6999999999999,325.2899999999999,325.33999999999986,503
2026-08-04T18:20:00+00:00,325.33999999999986,325.4799999999999,325.0699999999999,325.21999999999986,550
2026-08-04T18:25:00+00:00,325.21999999999986,325.6099999999999,325.08999999999986,325.45999999999987,532
2026-08-04T18:30:00+00:00,325.45999999999987,326.6299999999999,325.4399999999999,325.8499999999999,645
2026-08-04T18:35:00+00:00,325.8499999999999,326.02999999999986,325.7599999999999,325.9499999999999,458
2026-08-04T18:40:00+00:00,325.9499999999999,326.6699999999999,325.8599999999999,326.5999999999999,539
2026-08-04T18:45:00+00:00,326.5999999999999,327.52999999999986,326.5399999999999,327.15999999999985,711
2026-08-04T18:50:00+00:00,327.15999999999985,327.7899999999999,326.7499999999999,327.39999999999986,736
2026-08-04T18:55:00+00:00,327.39999999999986,327.6299999999999,327.0399999999999,327.0599999999999,584
2026-08-04T19:00:00+00:00,327.0599999999999,328.1899999999999,327.0099999999999,327.9299999999999,613
2026-08-04T19:05:00+00:00,327.9299999999999,328.1999999999999,327.57999999999987,327.82999999999987,544
2026-08-04T19:10:00+00:00,327.82999999999987,328.4399999999999,327.8199999999999,328.2499999999999,571
2026-08-04T19:15:00+00:00,328.2499999999999,328.4299999999999,328.01999999999987,328.3699999999999,565
2026-08-04T19:20:00+00:00,328.3699999999999,328.5499999999999,327.7599999999999,327.82999999999987,663
2026-08-04T19:25:00+00:00,327.82999999999987,327.8499999999999,326.5099999999999,326.7299999999999,728
2026-08-04T19:30:00+00:00,326.7299999999999,327.4799999999999,326.6999999999999,327.3199999999999,696
2026-08-04T19:35:00+00:00,327.3199999999999,327.4999999999999,326.77999999999986,326.8099999999999,518
2026-08-04T19:40:00+00:00,326.8099999999999,327.26999999999987,326.64999999999986,327.0499999999999,510
2026-08-04T19:45:00+00:00,327.0499999999999,327.45999999999987,326.9399999999999,327.1999999999999,734
2026-08-04T19:50:00+00:00,327.1999999999999,327.1999999999999,325.6099999999999,325.8899999999999,1016
2026-08-04T19:55:00+00:00,325.8899999999999,327.0499999999999,325.7899999999999,326.6299999999999,1547
2026-08-05T13:30:00+00:00,326.6299999999999,326.6299999999999,319.4299999999999,321.95999999999987,1536
2026-08-05T13:35:00+00:00,321.95999999999987,323.8899999999999,321.1999999999999,323.64999999999986,1919
2026-08-05T13:40:00+00:00,323.64999999999986,324.65999999999985,323.1099999999999,323.6799999999999,1963
2026-08-05T13:45:00+00:00,323.6799999999999,325.7399999999999,323.6299999999999,323.89999999999986,1979
2026-08-05T13:50:00+00:00,323.89999999999986,324.1899999999999,322.8699999999999,323.7299999999999,1331
2026-08-05T13:55:00+00:00,323.7299999999999,325.1899999999999,323.3899999999999,324.6999999999999,1403
2026-08-05T14:00:00+00:00,324.6999999999999,324.71999999999986,323.6199999999999,324.2999999999999,1521
2026-08-05T14:05:00+00:00,324.2999999999999,326.0699999999999,324.2599999999999,325.3099999999999,1801
2026-08-05T14:10:00+00:00,325.3099999999999,325.65999999999985,323.5399999999999,324.1099999999999,1684
2026-08-05T14:15:00+00:00,324.1099999999999,324.7899999999999,323.70999999999987,323.89999999999986,944
2026-08-05T14:20:00+00:00,323.89999999999986,324.08999999999986,322.8799999999999,323.9499999999999,1034
2026-08-05T14:25:00+00:00,323.9499999999999,324.4299999999999,322.90999999999985,323.0399999999999,1041
2026-08-05T14:30:00+00:00,323.0399999999999,323.6999999999999,322.3899999999999,323.39999999999986,1121
2026-08-05T14:35:00+00:00,323.39999999999986,323.7899999999999,322.71999999999986,323.1799999999999,1012
2026-08-05T14:40:00+00:00,323.1799999999999,323.70999999999987,322.8499999999999,323.2999999999999,1090
2026-08-05T14:45:00+00:00,323.2999999999999,323.52999999999986,322.46999999999986,322.8699999999999,1395
2026-08-05T14:50:00+00:00,322.8699999999999,323.01999999999987,321.39999999999986,321.96999999999986,1606
2026-08-05T14:55:00+00:00,321.96999999999986,322.1899999999999,321.3099999999999,321.9199999999999,1282
2026-08-05T15:00:00+00:00,321.9199999999999,322.90999999999985,321.90999999999985,322.5099999999999,1091
2026-08-05T15:05:00+00:00,322.5099999999999,322.8499999999999,322.27999999999986,322.5499999999999,990
2026-08-05T15:10:00+00:00,322.5499999999999,322.96999999999986,321.3699999999999,321.3799999999999,1188
2026-08-05T15:15:00+00:00,321.3799999999999,321.8899999999999,320.01999999999987,321.8899999999999,1413
2026-08-05T15:20:00+00:00,321.8899999999999,322.0599999999999,321.2499999999999,321.4299999999999,1052
2026-08-05T15:25:00+00:00,321.4299999999999,321.52999999999986,321.02999999999986,321.2299999999999,1037
2026-08-05T15:30:00+00:00,321.2299999999999,322.4799999999999,321.1099999999999,321.76999999999987,1017
2026-08-05T15:35:00+00:00,321.76999999999987,322.5499999999999,321.32999999999987,322.1899999999999,1165
2026-08-05T15:40:00+00:00,322.1899999999999,322.32999999999987,321.6099999999999,322.0499999999999,973
2026-08-05T15:45:00+00:00,322.0499999999999,322.1799999999999,321.5099999999999,321.6799999999999,849
2026-08-05T15:50:00+00:00,321.6799999999999,322.01999999999987,321.40999999999985,321.4799999999999,845
2026-08-05T15:55:00+00:00,321.4799999999999,321.5399999999999,320.6299999999999,320.8099999999999,1064
2026-08-05T16:00:00+00:00,320.8099999999999,321.9499999999999,320.65999999999985,321.7399999999999,1022
2026-08-05T16:05:00+00:00,321.7399999999999,321.9399999999999,320.83999999999986,321.07999999999987,924
2026-08-05T16:10:00+00:00,321.07999999999987,321.58999999999986,321.0499999999999,321.4799999999999,918
2026-08-05T16:15:00+00:00,321.4799999999999,321.8499999999999,321.2499999999999,321.5099999999999,776
2026-08-05T16:20:00+00:00,321.5099999999999,322.3099999999999,321.5099999999999,321.8199999999999,990
2026-08-05T16:25:00+00:00,321.8199999999999,322.76999999999987,321.8099999999999,322.58999999999986,810
2026-08-05T16:30:00+00:00,322.58999999999986,322.6699999999999,321.6299999999999,322.0699999999999,881
2026-08-05T16:35:00+00:00,322.0699999999999,322.51999999999987,321.70999999999987,322.1399999999999,558
2026-08-05T16:40:00+00:00,322.1399999999999,322.6399999999999,322.0099999999999,322.0099999999999,851
2026-08-05T16:45:00+00:00,322.0099999999999,322.96999999999986,322.0099999999999,322.8199999999999,777
2026-08-05T16:50:00+00:00,322.8199999999999,323.3799999999999,322.77999999999986,323.21999999999986,716
2026-08-05T16:55:00+00:00,323.21999999999986,323.3799999999999,322.5499999999999,322.5699999999999,745
2026-08-05T17:00:00+00:00,322.5699999999999,322.9799999999999,322.5099999999999,322.77999999999986,641
2026-08-05T17:05:00+00:00,322.77999999999986,322.8899999999999,322.3099999999999,322.45999999999987,788
2026-08-05T17:10:00+00:00,322.45999999999987,322.7399999999999,322.21999999999986,322.5399999999999,710
2026-08-05T17:15:00+00:00,322.5399999999999,322.6999999999999,322.21999999999986,322.5599999999999,583
2026-08-05T17:20:00+00:00,322.5599999999999,322.64999999999986,322.1099999999999,322.57999999999987,562
2026-08-05T17:25:00+00:00,322.57999999999987,322.96999999999986,321.9299999999999,322.0099999999999,747
2026-08-05T17:30:00+00:00,322.0099999999999,322.2999999999999,321.65999999999985,322.0999999999999,633
2026-08-05T17:35:00+00:00,322.0999999999999,322.4299999999999,321.77999999999986,322.33999999999986,628
2026-08-05T17:40:00+00:00,322.33999999999986,322.5599999999999,321.8199999999999,322.1199999999999,598
2026-08-05T17:45:00+00:00,322.1199999999999,322.15999999999985,321.0599999999999,321.0599999999999,759
2026-08-05T17:50:00+00:00,321.0599999999999,321.51999999999987,320.95999999999987,321.1399999999999,644
2026-08-05T17:55:00+00:00,321.1399999999999,321.4499999999999,321.0499999999999,321.1899999999999,574
2026-08-05T18:00:00+00:00,321.1899999999999,321.6099999999999,321.0099999999999,321.4999999999999,631
2026-08-05T18:05:00+00:00,321.4999999999999,321.5399999999999,321.0999999999999,321.2499999999999,603
2026-08-05T18:10:00+00:00,321.2499999999999,321.83999999999986,321.20999999999987,321.70999999999987,581
2026-08-05T18:15:00+00:00,321.70999999999987,321.8599999999999,321.5099999999999,321.52999999999986,464
2026-08-05T18:20:00+00:00,321.52999999999986,321.6799999999999,320.9199999999999,321.01999999999987,560
2026-08-05T18:25:00+00:00,321.01999999999987,321.1199999999999,320.8099999999999,320.9799999999999,453
2026-08-05T18:30:00+00:00,320.9799999999999,320.9899999999999,319.8899999999999,320.21999999999986,892
2026-08-05T18:35:00+00:00,320.21999999999986,320.27999999999986,319.8899999999999,319.89999999999986,625
2026-08-05T18:40:00+00:00,319.89999999999986,319.9299999999999,319.5499999999999,319.64999999999986,619
2026-08-05T18:45:00+00:00,319.64999999999986,319.8599999999999,319.5999999999999,319.6199999999999,499
2026-08-05T18:50:00+00:00,319.6199999999999,319.9899999999999,319.2999999999999,319.46999999999986,637
2026-08-05T18:55:00+00:00,319.46999999999986,319.70999999999987,319.3499999999999,319.52999999999986,565
2026-08-05T19:00:00+00:00,319.52999999999986,319.7999999999999,319.3099999999999,319.76999999999987,648
2026-08-05T19:05:00+00:00,319.76999999999987,320.4799999999999,319.6899999999999,320.3599999999999,527
2026-08-05T19:10:00+00:00,320.3599999999999,321.0499999999999,320.3599999999999,320.9999999999999,550
2026-08-05T19:15:00+00:00,320.9999999999999,321.26999999999987,320.8099999999999,320.8899999999999,583
2026-08-05T19:20:00+00:00,320.8899999999999,321.45999999999987,320.7999999999999,321.1399999999999,562
2026-08-05T19:25:00+00:00,321.1399999999999,322.0099999999999,321.1399999999999,321.71999999999986,607
2026-08-05T19:30:00+00:00,321.71999999999986,321.8099999999999,321.33999999999986,321.39999999999986,832
2026-08-05T19:35:00+00:00,321.39999999999986,321.4999999999999,320.90999999999985,321.26999999999987,654
2026-08-05T19:40:00+00:00,321.26999999999987,321.5099999999999,321.0699999999999,321.07999999999987,594
2026-08-05T19:45:00+00:00,321.07999999999987,321.3599999999999,320.6099999999999,320.77999999999986,906
2026-08-05T19:50:00+00:00,320.77999999999986,321.3099999999999,320.6099999999999,320.7899999999999,888
2026-08-05T19:55:00+00:00,320.7899999999999,321.77999999999986,320.0099999999999,320.6199999999999,1930
2026-08-06T13:30:00+00:00,320.6199999999999,320.6199999999999,314.7199999999999,317.14999999999986,1533
2026-08-06T13:35:00+00:00,317.14999999999986,318.32999999999987,316.4199999999999,318.1999999999999,1707
2026-08-06T13:40:00+00:00,318.1999999999999,318.5499999999999,316.7499999999999,317.5999999999999,1823
2026-08-06T13:45:00+00:00,317.5999999999999,318.4299999999999,317.1999999999999,317.7499999999999,1360
2026-08-06T13:50:00+00:00,317.7499999999999,318.8499999999999,317.6999999999999,318.4699999999999,1441
2026-08-06T13:55:00+00:00,318.4699999999999,319.9999999999999,318.3899999999999,319.4099999999999,1526
2026-08-06T14:00:00+00:00,319.4099999999999,319.76999999999987,318.4099999999999,319.14999999999986,1456
2026-08-06T14:05:00+00:00,319.14999999999986,319.51999999999987,318.5399999999999,319.2299999999999,1428
2026-08-06T14:10:00+00:00,319.2299999999999,320.4399999999999,319.0999999999999,320.2899999999999,1335
2026-08-06T14:15:00+00:00,320.2899999999999,320.83999999999986,319.6999999999999,320.7899999999999,1416
2026-08-06T14:20:00+00:00,320.7899999999999,321.0399999999999,320.1299999999999,320.20999999999987,1428
2026-08-06T14:25:00+00:00,320.20999999999987,320.57999999999987,319.4399999999999,319.9199999999999,1524
2026-08-06T14:30:00+00:00,319.9199999999999,320.95999999999987,319.6299999999999,320.8799999999999,1187
2026-08-06T14:35:00+00:00,320.8799999999999,321.20999999999987,319.57999999999987,319.6999999999999,1326
2026-08-06T14:40:00+00:00,319.6999999999999,321.1299999999999,319.45999999999987,319.4699999999999,1302
2026-08-06T14:45:00+00:00,319.4699999999999,319.4999999999999,318.2799999999999,318.4199999999999,1446
2026-08-06T14:50:00+00:00,318.4199999999999,319.20999999999987,318.1999999999999,319.20999999999987,1244
2026-08-06T14:55:00+00:00,319.20999999999987,321.3199999999999,319.14999999999986,321.1199999999999,1174
2026-08-06T15:00:00+00:00,321.1199999999999,321.9199999999999,319.8799999999999,320.5599999999999,1136
2026-08-06T15:05:00+00:00,320.5599999999999,322.0699999999999,320.5299999999999,321.83999999999986,1198
2026-08-06T15:10:00+00:00,321.83999999999986,322.0699999999999,321.08999999999986,321.4699999999999,1191
2026-08-06T15:15:00+00:00,321.4699999999999,322.07999999999987,320.3599999999999,320.4199999999999,1117
2026-08-06T15:20:00+00:00,320.4199999999999,320.9399999999999,319.9099999999999,320.2799999999999,1231
2026-08-06T15:25:00+00:00,320.2799999999999,320.9099999999999,320.20999999999987,320.83999999999986,1124
2026-08-06T15:30:00+00:00,320.83999999999986,321.39999999999986,319.7799999999999,319.7799999999999,1140
2026-08-06T15:35:00+00:00,319.7799999999999,320.20999999999987,319.70999999999987,319.9899999999999,906
2026-08-06T15:40:00+00:00,319.9899999999999,320.0499999999999,319.3899999999999,319.5399999999999,1014
2026-08-06T15:45:00+00:00,319.5399999999999,320.5399999999999,319.5099999999999,320.1599999999999,710
2026-08-06T15:50:00+00:00,320.1599999999999,320.70999999999987,318.70999999999987,318.9199999999999,1211
2026-08-06T15:55:00+00:00,318.9199999999999,319.4699999999999,318.6099999999999,318.83999999999986,1179
2026-08-06T16:00:00+00:00,318.83999999999986,318.9499999999999,317.7499999999999,318.1799999999999,1344
2026-08-06T16:05:00+00:00,318.1799999999999,319.0499999999999,317.9899999999999,318.6199999999999,1098
2026-08-06T16:10:00+00:00,318.6199999999999,318.7899999999999,317.8199999999999,317.9099999999999,898
2026-08-06T16:15:00+00:00,317.9099999999999,318.07999999999987,317.4699999999999,317.82999999999987,1097
2026-08-06T16:20:00+00:00,317.82999999999987,318.20999999999987,317.4699999999999,317.82999999999987,1035
2026-08-06T16:25:00+00:00,317.82999999999987,318.0399999999999,317.5299999999999,317.6899999999999,920
2026-08-06T16:30:00+00:00,317.6899999999999,318.2199999999999,317.6899999999999,317.8599999999999,922
2026-08-06T16:35:00+00:00,317.8599999999999,318.32999999999987,317.70999999999987,318.1999999999999,851
2026-08-06T16:40:00+00:00,318.1999999999999,318.3499999999999,317.70999999999987,317.7499999999999,839
2026-08-06T16:45:00+00:00,317.7499999999999,317.95999999999987,317.2899999999999,317.8599999999999,845
2026-08-06T16:50:00+00:00,317.8599999999999,318.4799999999999,317.6999999999999,317.82999999999987,906
2026-08-06T16:55:00+00:00,317.82999999999987,318.1699999999999,317.7799999999999,318.1199999999999,707
2026-08-06T17:00:00+00:00,318.1199999999999,318.5699999999999,317.8499999999999,317.8699999999999,870
2026-08-06T17:05:00+00:00,317.8699999999999,318.4399999999999,317.6999999999999,317.7199999999999,883
2026-08-06T17:10:00+00:00,317.7199999999999,317.9499999999999,317.4899999999999,317.57999999999987,758
2026-08-06T17:15:00+00:00,317.57999999999987,317.70999999999987,317.2799999999999,317.2799999999999,661
2026-08-06T17:20:00+00:00,317.2799999999999,317.4099999999999,316.8899999999999,316.9699999999999,858
2026-08-06T17:25:00+00:00,316.9699999999999,317.3799999999999,316.9699999999999,316.9999999999999,699
2026-08-06T17:30:00+00:00,316.9999999999999,317.3199999999999,316.8899999999999,317.0099999999999,740
2026-08-06T17:35:00+00:00,317.0099999999999,317.14999999999986,316.7999999999999,316.8499999999999,655
2026-08-06T17:40:00+00:00,316.8499999999999,316.8799999999999,316.4499999999999,316.6299999999999,816
2026-08-06T17:45:00+00:00,316.6299999999999,317.1599999999999,316.6299999999999,316.7599999999999,716
2026-08-06T17:50:00+00:00,316.7599999999999,317.3699999999999,316.7299999999999,317.2999999999999,597
2026-08-06T17:55:00+00:00,317.2999999999999,317.6599999999999,317.1399999999999,317.4799999999999,739
2026-08-06T18:00:00+00:00,317.4799999999999,317.5599999999999,316.9699999999999,317.4099999999999,702
2026-08-06T18:05:00+00:00,317.4099999999999,317.6299999999999,317.1799999999999,317.5399999999999,652
2026-08-06T18:10:00+00:00,317.5399999999999,317.70999999999987,317.2299999999999,317.6199999999999,650
2026-08-06T18:15:00+00:00,317.6199999999999,317.95999999999987,317.1999999999999,317.7799999999999,829
2026-08-06T18:20:00+00:00,317.7799999999999,318.33999999999986,317.7299999999999,317.9499999999999,719
2026-08-06T18:25:00+00:00,317.9499999999999,318.07999999999987,317.6899999999999,317.6899999999999,610
2026-08-06T18:30:00+00:00,317.6899999999999,317.95999999999987,317.51999999999987,317.6099999999999,696
2026-08-06T18:35:00+00:00,317.6099999999999,317.8699999999999,317.4399999999999,317.4899999999999,519
2026-08-06T18:40:00+00:00,317.4899999999999,317.8199999999999,317.3699999999999,317.7499999999999,635
2026-08-06T18:45:00+00:00,317.7499999999999,318.01999999999987,317.6999999999999,317.7599999999999,605
2026-08-06T18:50:00+00:00,317.7599999999999,318.0499999999999,317.70999999999987,317.8899999999999,458
2026-08-06T18:55:00+00:00,317.8899999999999,318.0999999999999,317.7499999999999,317.8899999999999,676
2026-08-06T19:00:00+00:00,317.8899999999999,318.57999999999987,317.8699999999999,318.5299999999999,633
2026-08-06T19:05:00+00:00,318.5299999999999,318.9499999999999,318.3699999999999,318.89999999999986,618
2026-08-06T19:10:00+00:00,318.89999999999986,318.9699999999999,318.1899999999999,318.2399999999999,717
2026-08-06T19:15:00+00:00,318.2399999999999,318.4399999999999,318.1899999999999,318.33999999999986,630
2026-08-06T19:20:00+00:00,318.33999999999986,318.64999999999986,318.0999999999999,318.1199999999999,566
2026-08-06T19:25:00+00:00,318.1199999999999,318.1299999999999,317.7599999999999,317.9399999999999,880
2026-08-06T19:30:00+00:00,317.9399999999999,319.08999999999986,317.8199999999999,318.7199999999999,783
2026-08-06T19:35:00+00:00,318.7199999999999,318.8499999999999,317.7999999999999,317.8499999999999,818
2026-08-06T19:40:00+00:00,317.8499999999999,317.9999999999999,317.6399999999999,317.8699999999999,776
2026-08-06T19:45:00+00:00,317.8699999999999,317.9899999999999,317.6399999999999,317.8099999999999,774
2026-08-06T19:50:00+00:00,317.8099999999999,318.6399999999999,317.4899999999999,318.4399999999999,915
2026-08-06T19:55:00+00:00,318.4399999999999,319.2399999999999,318.08999999999986,318.8099999999999,1606
2026-08-07T13:30:00+00:00,318.8099999999999,323.39999999999986,318.8099999999999,320.7599999999999,1279
2026-08-07T13:35:00+00:00,320.7599999999999,323.3799999999999,320.5099999999999,323.14999999999986,1329
2026-08-07T13:40:00+00:00,323.14999999999986,325.64999999999986,323.0499999999999,325.4299999999999,1428
2026-08-07T13:45:00+00:00,325.4299999999999,326.6599999999999,325.08999999999986,326.1199999999999,1471
2026-08-07T13:50:00+00:00,326.1199999999999,328.0399999999999,326.0999999999999,327.4999999999999,1416
2026-08-07T13:55:00+00:00,327.4999999999999,327.6099999999999,325.0999999999999,325.7499999999999,1285
2026-08-07T14:00:00+00:00,325.7499999999999,325.95999999999987,323.0499999999999,323.0499999999999,1295
2026-08-07T14:05:00+00:00,323.0499999999999,324.0599999999999,323.0399999999999,323.4299999999999,1032
2026-08-07T14:10:00+00:00,323.4299999999999,323.9999999999999,322.3199999999999,322.3199999999999,900
2026-08-07T14:15:00+00:00,322.3199999999999,324.07999999999987,321.9899999999999,324.07999999999987,1016
2026-08-07T14:20:00+00:00,324.07999999999987,325.8599999999999,323.6899999999999,325.4699999999999,1222
2026-08-07T14:25:00+00:00,325.4699999999999,327.5699999999999,325.39999999999986,326.33999999999986,1097
2026-08-07T14:30:00+00:00,326.33999999999986,327.39999999999986,325.9299999999999,326.8099999999999,1459
2026-08-07T14:35:00+00:00,326.8099999999999,327.70999999999987,326.5699999999999,327.07999999999987,1297
2026-08-07T14:40:00+00:00,327.07999999999987,328.57999999999987,326.9899999999999,327.6899999999999,1347
2026-08-07T14:45:00+00:00,327.6899999999999,329.8499999999999,327.6399999999999,328.9299999999999,1526
2026-08-07T14:50:00+00:00,328.9299999999999,329.6399999999999,328.7499999999999,328.9299999999999,1371
2026-08-07T14:55:00+00:00,328.9299999999999,329.7399999999999,328.89999999999986,329.1599999999999,1181
2026-08-07T15:00:00+00:00,329.1599999999999,330.2899999999999,328.8499999999999,330.01999999999987,1284
2026-08-07T15:05:00+00:00,330.01999999999987,330.4999999999999,329.1899999999999,329.3799999999999,1099
2026-08-07T15:10:00+00:00,329.3799999999999,329.58999999999986,328.5399999999999,328.8899999999999,967
2026-08-07T15:15:00+00:00,328.8899999999999,329.5299999999999,328.7499999999999,329.5299999999999,885
2026-08-07T15:20:00+00:00,329.5299999999999,331.4499999999999,329.4299999999999,331.3599999999999,1045
2026-08-07T15:25:00+00:00,331.3599999999999,332.4899999999999,331.3599999999999,332.39999999999986,1114
2026-08-07T15:30:00+00:00,332.39999999999986,332.8799999999999,331.58999999999986,331.6099999999999,1059
2026-08-07T15:35:00+00:00,331.6099999999999,331.7599999999999,330.9299999999999,331.1699999999999,1129
2026-08-07T15:40:00+00:00,331.1699999999999,331.2999999999999,330.4199999999999,330.8199999999999,921
2026-08-07T15:45:00+00:00,330.8199999999999,331.2599999999999,330.6899999999999,331.0099999999999,780
2026-08-07T15:50:00+00:00,331.0099999999999,331.6899999999999,330.6099999999999,330.89999999999986,813
2026-08-07T15:55:00+00:00,330.89999999999986,331.01999999999987,330.57999999999987,330.64999999999986,712
2026-08-07T16:00:00+00:00,330.64999999999986,330.9999999999999,330.0299999999999,330.82999999999987,889
2026-08-07T16:05:00+00:00,330.82999999999987,331.2799999999999,330.6299999999999,331.1699999999999,776
2026-08-07T16:10:00+00:00,331.1699999999999,331.4099999999999,330.7899999999999,330.7899999999999,592
2026-08-07T16:15:00+00:00,330.7899999999999,330.8799999999999,329.6899999999999,329.7399999999999,673
2026-08-07T16:20:00+00:00,329.7399999999999,330.0999999999999,328.4899999999999,328.5099999999999,894
2026-08-07T16:25:00+00:00,328.5099999999999,328.5099999999999,327.4999999999999,328.01999999999987,1019
2026-08-07T16:30:00+00:00,328.01999999999987,328.5999999999999,327.3899999999999,328.5499999999999,999
2026-08-07T16:35:00+00:00,328.5499999999999,328.8099999999999,327.9199999999999,328.5299999999999,789
2026-08-07T16:40:00+00:00,328.5299999999999,328.6999999999999,327.4899999999999,327.7299999999999,670
2026-08-07T16:45:00+00:00,327.7299999999999,328.0399999999999,326.9899999999999,327.08999999999986,541
2026-08-07T16:50:00+00:00,327.08999999999986,327.5699999999999,326.9899999999999,327.2199999999999,716
2026-08-07T16:55:00+00:00,327.2199999999999,327.3199999999999,326.8899999999999,327.07999999999987,703
2026-08-07T17:00:00+00:00,327.07999999999987,327.20999999999987,326.3899999999999,326.5399999999999,682
2026-08-07T17:05:00+00:00,326.5399999999999,327.07999999999987,326.4899999999999,326.57999999999987,510
2026-08-07T17:10:00+00:00,326.57999999999987,326.76999999999987,325.9999999999999,326.14999999999986,594
2026-08-07T17:15:00+00:00,326.14999999999986,326.4199999999999,325.6999999999999,326.2499999999999,660
2026-08-07T17:20:00+00:00,326.2499999999999,326.3099999999999,325.9399999999999,325.9999999999999,549
2026-08-07T17:25:00+00:00,325.9999999999999,326.26999999999987,325.6999999999999,326.1699999999999,611
2026-08-07T17:30:00+00:00,326.1699999999999,326.3499999999999,325.8799999999999,325.9499999999999,627
2026-08-07T17:35:00+00:00,325.9499999999999,326.5299999999999,325.9499999999999,326.4199999999999,576
2026-08-07T17:40:00+00:00,326.4199999999999,326.6599999999999,326.2999999999999,326.5499999999999,489
2026-08-07T17:45:00+00:00,326.5499999999999,326.9499999999999,326.2899999999999,326.8499999999999,472
2026-08-07T17:50:00+00:00,326.8499999999999,326.9899999999999,325.9499999999999,326.1999999999999,494
2026-08-07T17:55:00+00:00,326.1999999999999,326.4999999999999,325.9499999999999,326.2999999999999,425
2026-08-07T18:00:00+00:00,326.2999999999999,327.0599999999999,326.2299999999999,326.9899999999999,574
2026-08-07T18:05:00+00:00,326.9899999999999,327.2199999999999,326.5099999999999,327.07999999999987,633
2026-08-07T18:10:00+00:00,327.07999999999987,327.2299999999999,326.4899999999999,326.6599999999999,495
2026-08-07T18:15:00+00:00,326.6599999999999,326.7199999999999,326.08999999999986,326.3099999999999,579
2026-08-07T18:20:00+00:00,326.3099999999999,326.4499999999999,326.1899999999999,326.3199999999999,420
2026-08-07T18:25:00+00:00,326.3199999999999,326.4399999999999,325.89999999999986,326.1699999999999,363
2026-08-07T18:30:00+00:00,326.1699999999999,326.5999999999999,326.0599999999999,326.33999999999986,504
2026-08-07T18:35:00+00:00,326.33999999999986,326.6199999999999,325.95999999999987,326.2299999999999,427
2026-08-07T18:40:00+00:00,326.2299999999999,326.33999999999986,325.9499999999999,326.1099999999999,372
2026-08-07T18:45:00+00:00,326.1099999999999,326.56999999999994,325.9699999999999,326.3999999999999,426
2026-08-07T18:50:00+00:00,326.3999999999999,326.8499999999999,326.2799999999999,326.5299999999999,521
2026-08-07T18:55:00+00:00,326.5299999999999,326.75999999999993,326.1599999999999,326.62999999999994,441
2026-08-07T19:00:00+00:00,326.62999999999994,327.5199999999999,326.5899999999999,327.4299999999999,573
2026-08-07T19:05:00+00:00,327.4299999999999,328.2199999999999,327.3699999999999,328.0899999999999,538
2026-08-07T19:10:00+00:00,328.0899999999999,328.3599999999999,327.5799999999999,327.9599999999999,567
2026-08-07T19:15:00+00:00,327.9599999999999,328.1699999999999,327.4699999999999,327.6199999999999,555
2026-08-07T19:20:00+00:00,327.6199999999999,327.99999999999994,327.3399999999999,327.3599999999999,438
2026-08-07T19:25:00+00:00,327.3599999999999,327.8499999999999,327.3399999999999,327.5199999999999,416
2026-08-07T19:30:00+00:00,327.5199999999999,327.5199999999999,326.2399999999999,326.2899999999999,684
2026-08-07T19:35:00+00:00,326.2899999999999,326.4799999999999,326.06999999999994,326.3599999999999,571
2026-08-07T19:40:00+00:00,326.3599999999999,326.62999999999994,325.9799999999999,326.18999999999994,636
2026-08-07T19:45:00+00:00,326.18999999999994,326.81999999999994,326.1599999999999,326.5299999999999,459
2026-08-07T19:50:00+00:00,326.5299999999999,327.0799999999999,326.1699999999999,326.7899999999999,793
2026-08-07T19:55:00+00:00,326.7899999999999,328.0399999999999,326.7899999999999,327.8499999999999,1103
2026-08-10T13:30:00+00:00,327.8499999999999,328.49999999999994,325.2099999999999,327.31999999999994,1840
2026-08-10T13:35:00+00:00,327.31999999999994,327.9199999999999,326.25999999999993,326.87999999999994,1816
2026-08-10T13:40:00+00:00,326.87999999999994,327.6599999999999,326.06999999999994,327.4899999999999,1103
2026-08-10T13:45:00+00:00,327.4899999999999,329.4299999999999,327.1099999999999,328.3999999999999,1267
2026-08-10T13:50:00+00:00,328.3999999999999,329.0299999999999,326.8499999999999,326.8999999999999,1446
2026-08-10T13:55:00+00:00,326.8999999999999,328.75999999999993,326.7799999999999,328.37999999999994,992
2026-08-10T14:00:00+00:00,328.37999999999994,329.6699999999999,328.37999999999994,329.3399999999999,1218
2026-08-10T14:05:00+00:00,329.3399999999999,329.5199999999999,328.0599999999999,328.6699999999999,835
2026-08-10T14:10:00+00:00,328.6699999999999,329.4099999999999,328.4099999999999,328.74999999999994,829
2026-08-10T14:15:00+00:00,328.74999999999994,329.3099999999999,328.4599999999999,328.7899999999999,1112
2026-08-10T14:20:00+00:00,328.7899999999999,329.4899999999999,328.74999999999994,329.1799999999999,715
2026-08-10T14:25:00+00:00,329.1799999999999,331.0499999999999,329.1799999999999,330.7299999999999,1016
2026-08-10T14:30:00+00:00,330.7299999999999,331.12999999999994,329.4199999999999,329.49999999999994,900
2026-08-10T14:35:00+00:00,329.49999999999994,329.99999999999994,328.2099999999999,329.1199999999999,772
2026-08-10T14:40:00+00:00,329.1199999999999,329.8999999999999,329.00999999999993,329.6799999999999,761
2026-08-10T14:45:00+00:00,329.6799999999999,330.4699999999999,329.6599999999999,330.00999999999993,698
2026-08-10T14:50:00+00:00,330.00999999999993,330.3399999999999,329.0599999999999,329.0599999999999,940
2026-08-10T14:55:00+00:00,329.0599999999999,329.4099999999999,328.5399999999999,328.5499999999999,870
2026-08-10T15:00:00+00:00,328.5499999999999,328.6799999999999,327.8599999999999,328.0799999999999,993
2026-08-10T15:05:00+00:00,328.0799999999999,329.1599999999999,327.9899999999999,328.24999999999994,715
2026-08-10T15:10:00+00:00,328.24999999999994,328.9199999999999,328.2099999999999,328.8299999999999,527
2026-08-10T15:15:00+00:00,328.8299999999999,329.2899999999999,328.5599999999999,329.2299999999999,540
2026-08-10T15:20:00+00:00,329.2299999999999,329.5599999999999,328.8699999999999,328.9699999999999,620
2026-08-10T15:25:00+00:00,328.9699999999999,329.3099999999999,328.4599999999999,329.2299999999999,611
2026-08-10T15:30:00+00:00,329.2299999999999,329.44999999999993,327.8599999999999,327.8699999999999,878
2026-08-10T15:35:00+00:00,327.8699999999999,328.2799999999999,327.4599999999999,327.5299999999999,824
2026-08-10T15:40:00+00:00,327.5299999999999,329.3999999999999,327.3399999999999,329.31999999999994,727
2026-08-10T15:45:00+00:00,329.31999999999994,329.5299999999999,328.74999999999994,329.0199999999999,515
2026-08-10T15:50:00+00:00,329.0199999999999,329.9899999999999,328.9599999999999,329.9099999999999,595
2026-08-10T15:55:00+00:00,329.9099999999999,330.4199999999999,329.8599999999999,330.3099999999999,480
2026-08-10T16:00:00+00:00,330.3099999999999,330.8499999999999,330.1799999999999,330.6799999999999,566
2026-08-10T16:05:00+00:00,330.6799999999999,330.6799999999999,329.87999999999994,329.9899999999999,605
2026-08-10T16:10:00+00:00,329.9899999999999,330.3099999999999,329.7399999999999,329.99999999999994,514
2026-08-10T16:15:00+00:00,329.99999999999994,330.0999999999999,329.4599999999999,329.56999999999994,504
2026-08-10T16:20:00+00:00,329.56999999999994,329.62999999999994,329.06999999999994,329.19999999999993,575
2026-08-10T16:25:00+00:00,329.19999999999993,329.7899999999999,329.1499999999999,329.6199999999999,440
2026-08-10T16:30:00+00:00,329.6199999999999,329.8299999999999,328.7099999999999,328.9899999999999,673
2026-08-10T16:35:00+00:00,328.9899999999999,329.3099999999999,328.7899999999999,329.1699999999999,534
2026-08-10T16:40:00+00:00,329.1699999999999,329.25999999999993,327.7899999999999,327.88999999999993,514
2026-08-10T16:45:00+00:00,327.88999999999993,328.8399999999999,327.6099999999999,328.6099999999999,547
2026-08-10T16:50:00+00:00,328.6099999999999,328.6099999999999,328.1599999999999,328.4099999999999,383
2026-08-10T16:55:00+00:00,328.4099999999999,328.94999999999993,328.4099999999999,328.6699999999999,377
2026-08-10T17:00:00+00:00,328.6699999999999,328.7399999999999,328.43999999999994,328.5299999999999,366
2026-08-10T17:05:00+00:00,328.5299999999999,328.5799999999999,328.1599999999999,328.4599999999999,438
2026-08-10T17:10:00+00:00,328.4599999999999,328.7399999999999,328.0499999999999,328.6199999999999,328
2026-08-10T17:15:00+00:00,328.6199999999999,328.75999999999993,328.4199999999999,328.6799999999999,350
2026-08-10T17:20:00+00:00,328.6799999999999,328.9599999999999,328.4599999999999,328.4699999999999,312
2026-08-10T17:25:00+00:00,328.4699999999999,328.5799999999999,328.1699999999999,328.18999999999994,350
2026-08-10T17:30:00+00:00,328.18999999999994,328.18999999999994,327.6599999999999,327.7799999999999,494
2026-08-10T17:35:00+00:00,327.7799999999999,327.9699999999999,327.5599999999999,327.8499999999999,369
2026-08-10T17:40:00+00:00,327.8499999999999,328.2299999999999,327.6799999999999,327.9099999999999,337
2026-08-10T17:45:00+00:00,327.9099999999999,328.3699999999999,327.74999999999994,328.1499999999999,380
2026-08-10T17:50:00+00:00,328.1499999999999,328.2699999999999,327.87999999999994,327.99999999999994,291
2026-08-10T17:55:00+00:00,327.99999999999994,328.2899999999999,327.74999999999994,328.1699999999999,338
2026-08-10T18:00:00+00:00,328.1699999999999,328.7899999999999,328.1699999999999,328.5799999999999,379
2026-08-10T18:05:00+00:00,328.5799999999999,328.62999999999994,328.3999999999999,328.5999999999999,329
2026-08-10T18:10:00+00:00,328.5999999999999,328.6699999999999,328.0999999999999,328.0999999999999,377
2026-08-10T18:15:00+00:00,328.0999999999999,328.3599999999999,328.0499999999999,328.1699999999999,298
2026-08-10T18:20:00+00:00,328.1699999999999,328.37999999999994,328.1599999999999,328.1799999999999,299
2026-08-10T18:25:00+00:00,328.1799999999999,328.18999999999994,327.6799999999999,327.68999999999994,278
2026-08-10T18:30:00+00:00,327.68999999999994,327.9299999999999,327.4899999999999,327.9099999999999,382
2026-08-10T18:35:00+00:00,327.9099999999999,328.0899999999999,327.5599999999999,327.68999999999994,376
2026-08-10T18:40:00+00:00,327.68999999999994,328.0999999999999,327.62999999999994,327.69999999999993,340
2026-08-10T18:45:00+00:00,327.69999999999993,328.0799999999999,327.69999999999993,327.99999999999994,303
2026-08-10T18:50:00+00:00,327.99999999999994,328.18999999999994,327.8399999999999,327.9899999999999,287
2026-08-10T18:55:00+00:00,327.9899999999999,328.1599999999999,327.8499999999999,328.06999999999994,228
2026-08-10T19:00:00+00:00,328.06999999999994,329.0399999999999,327.9799999999999,328.7699999999999,533
2026-08-10T19:05:00+00:00,328.7699999999999,328.8999999999999,328.5599999999999,328.6799999999999,361
2026-08-10T19:10:00+00:00,328.6799999999999,328.8299999999999,328.4799999999999,328.63999999999993,314
2026-08-10T19:15:00+00:00,328.63999999999993,328.63999999999993,327.9699999999999,328.1099999999999,334
2026-08-10T19:20:00+00:00,328.1099999999999,328.2399999999999,327.93999999999994,328.2099999999999,275
2026-08-10T19:25:00+00:00,328.2099999999999,328.99999999999994,328.18999999999994,328.9599999999999,338
2026-08-10T19:30:00+00:00,328.9599999999999,329.4099999999999,328.7199999999999,328.8299999999999,550
2026-08-10T19:35:00+00:00,328.8299999999999,329.1199999999999,328.44999999999993,328.7299999999999,489
2026-08-10T19:40:00+00:00,328.7299999999999,329.0499999999999,328.6699999999999,328.94999999999993,414
2026-08-10T19:45:00+00:00,328.94999999999993,329.0899999999999,328.8099999999999,328.81999999999994,463
2026-08-10T19:50:00+00:00,328.81999999999994,329.2299999999999,328.6599999999999,329.1699999999999,757
2026-08-10T19:55:00+00:00,329.1699999999999,330.3399999999999,329.1699999999999,330.0199999999999,1365
2026-08-11T13:30:00+00:00,330.0199999999999,332.7699999999999,330.0199999999999,331.4899999999999,1091
2026-08-11T13:35:00+00:00,331.4899999999999,332.1699999999999,328.6699999999999,329.5399999999999,1199
2026-08-11T13:40:00+00:00,329.5399999999999,331.38999999999993,329.43999999999994,330.37999999999994,1092
2026-08-11T13:45:00+00:00,330.37999999999994,331.7799999999999,329.7099999999999,331.44999999999993,1141
2026-08-11T13:50:00+00:00,331.44999999999993,331.9299999999999,330.4599999999999,330.4599999999999,1053
2026-08-11T13:55:00+00:00,330.4599999999999,333.18999999999994,330.1599999999999,332.75999999999993,1146
2026-08-11T14:00:00+00:00,332.75999999999993,334.1099999999999,332.2699999999999,333.93999999999994,1085
2026-08-11T14:05:00+00:00,333.93999999999994,334.3999999999999,333.6099999999999,334.1799999999999,1076
2026-08-11T14:10:00+00:00,334.1799999999999,334.49999999999994,333.9699999999999,334.0299999999999,828
2026-08-11T14:15:00+00:00,334.0299999999999,335.3299999999999,333.7899999999999,333.7999999999999,1077
2026-08-11T14:20:00+00:00,333.7999999999999,334.7899999999999,333.4799999999999,334.1799999999999,951
2026-08-11T14:25:00+00:00,334.1799999999999,334.7199999999999,333.3599999999999,333.8499999999999,936
2026-08-11T14:30:00+00:00,333.8499999999999,333.9099999999999,331.8699999999999,332.7699999999999,964
2026-08-11T14:35:00+00:00,332.7699999999999,333.1699999999999,332.3599999999999,332.9299999999999,698
2026-08-11T14:40:00+00:00,332.9299999999999,334.5499999999999,332.9199999999999,334.1099999999999,828
2026-08-11T14:45:00+00:00,334.1099999999999,334.3099999999999,333.68999999999994,333.75999999999993,592
2026-08-11T14:50:00+00:00,333.75999999999993,334.5799999999999,333.3299999999999,334.3999999999999,693
2026-08-11T14:55:00+00:00,334.3999999999999,334.3999999999999,333.3299999999999,333.3499999999999,600
2026-08-11T15:00:00+00:00,333.3499999999999,333.63999999999993,332.4899999999999,333.3999999999999,698
2026-08-11T15:05:00+00:00,333.3999999999999,333.5999999999999,332.4899999999999,332.93999999999994,655
2026-08-11T15:10:00+00:00,332.93999999999994,333.5499999999999,332.56999999999994,332.62999999999994,649
2026-08-11T15:15:00+00:00,332.62999999999994,332.8599999999999,331.8999999999999,332.2899999999999,710
2026-08-11T15:20:00+00:00,332.2899999999999,332.68999999999994,332.00999999999993,332.1699999999999,654
2026-08-11T15:25:00+00:00,332.1699999999999,332.5499999999999,332.1199999999999,332.3699999999999,468
2026-08-11T15:30:00+00:00,332.3699999999999,332.4599999999999,331.4899999999999,331.5499999999999,510
2026-08-11T15:35:00+00:00,331.5499999999999,332.3099999999999,331.4599999999999,331.88999999999993,604
2026-08-11T15:40:00+00:00,331.88999999999993,332.7699999999999,331.81999999999994,332.6199999999999,538
2026-08-11T15:45:00+00:00,332.6199999999999,332.74999999999994,331.62999999999994,331.62999999999994,539
2026-08-11T15:50:00+00:00,331.62999999999994,331.9599999999999,331.4599999999999,331.56999999999994,442
2026-08-11T15:55:00+00:00,331.56999999999994,332.3099999999999,331.3599999999999,332.0999999999999,533
2026-08-11T16:00:00+00:00,332.0999999999999,332.3999999999999,331.7399999999999,332.0399999999999,513
2026-08-11T16:05:00+00:00,332.0399999999999,332.50999999999993,331.9599999999999,332.3599999999999,428
2026-08-11T16:10:00+00:00,332.3599999999999,332.56999999999994,331.9599999999999,331.9599999999999,385
2026-08-11T16:15:00+00:00,331.9599999999999,332.24999999999994,331.0499999999999,331.1599999999999,477
2026-08-11T16:20:00+00:00,331.1599999999999,331.50999999999993,330.8299999999999,330.9699999999999,612
2026-08-11T16:25:00+00:00,330.9699999999999,331.0399999999999,330.4099999999999,330.6499999999999,489
2026-08-11T16:30:00+00:00,330.6499999999999,331.0999999999999,330.4099999999999,330.5599999999999,480
2026-08-11T16:35:00+00:00,330.5599999999999,331.2199999999999,330.5599999999999,331.0499999999999,491
2026-08-11T16:40:00+00:00,331.0499999999999,331.18999999999994,330.69999999999993,330.7399999999999,337
2026-08-11T16:45:00+00:00,330.7399999999999,330.9799999999999,330.4599999999999,330.93999999999994,330
2026-08-11T16:50:00+00:00,330.93999999999994,331.1499999999999,330.9199999999999,331.0199999999999,277
2026-08-11T16:55:00+00:00,331.0199999999999,331.1799999999999,330.8399999999999,331.1199999999999,325
2026-08-11T17:00:00+00:00,331.1199999999999,331.2799999999999,330.4899999999999,330.4899999999999,459
2026-08-11T17:05:00+00:00,330.4899999999999,330.87999999999994,330.4099999999999,330.68999999999994,416
2026-08-11T17:10:00+00:00,330.68999999999994,330.81999999999994,330.37999999999994,330.4599999999999,368
2026-08-11T17:15:00+00:00,330.4599999999999,330.9299999999999,330.38999999999993,330.6199999999999,479
2026-08-11T17:20:00+00:00,330.6199999999999,331.0899999999999,330.5899999999999,331.0399999999999,356
2026-08-11T17:25:00+00:00,331.0399999999999,331.3099999999999,330.8099999999999,330.9699999999999,311
2026-08-11T17:30:00+00:00,330.9699999999999,331.18999999999994,330.9599999999999,330.9799999999999,298
2026-08-11T17:35:00+00:00,330.9799999999999,331.1599999999999,330.6599999999999,330.6799999999999,336
2026-08-11T17:40:00+00:00,330.6799999999999,331.13999999999993,330.6599999999999,331.00999999999993,253
2026-08-11T17:45:00+00:00,331.00999999999993,331.06999999999994,330.7699999999999,330.81999999999994,325
2026-08-11T17:50:00+00:00,330.81999999999994,331.31999999999994,330.8099999999999,331.1799999999999,299
2026-08-11T17:55:00+00:00,331.1799999999999,331.1799999999999,330.7899999999999,331.0799999999999,367
2026-08-11T18:00:00+00:00,331.0799999999999,331.1199999999999,330.7999999999999,330.9599999999999,310
2026-08-11T18:05:00+00:00,330.9599999999999,331.0599999999999,330.7199999999999,330.9299999999999,316
2026-08-11T18:10:00+00:00,330.9299999999999,331.5399999999999,330.8499999999999,331.50999999999993,343
2026-08-11T18:15:00+00:00,331.50999999999993,331.6599999999999,331.2999999999999,331.4699999999999,389
2026-08-11T18:20:00+00:00,331.4699999999999,331.49999999999994,330.94999999999993,331.1599999999999,384
2026-08-11T18:25:00+00:00,331.1599999999999,331.1699999999999,329.4899999999999,329.6699999999999,591
2026-08-11T18:30:00+00:00,329.6699999999999,330.4699999999999,329.4899999999999,330.3399999999999,498
2026-08-11T18:35:00+00:00,330.3399999999999,330.7299999999999,330.1499999999999,330.2399999999999,429
2026-08-11T18:40:00+00:00,330.2399999999999,330.8399999999999,329.9299999999999,330.5799999999999,436
2026-08-11T18:45:00+00:00,330.5799999999999,331.2299999999999,330.5799999999999,331.2099999999999,371
2026-08-11T18:50:00+00:00,331.2099999999999,331.2399999999999,330.94999999999993,330.9699999999999,328
2026-08-11T18:55:00+00:00,330.9699999999999,331.2799999999999,330.8699999999999,331.0899999999999,299
2026-08-11T19:00:00+00:00,331.0899999999999,331.5599999999999,331.0399999999999,331.43999999999994,361
2026-08-11T19:05:00+00:00,331.43999999999994,331.56999999999994,330.6799999999999,330.7999999999999,418
2026-08-11T19:10:00+00:00,330.7999999999999,331.4799999999999,330.7099999999999,331.3999999999999,353
2026-08-11T19:15:00+00:00,331.3999999999999,331.6199999999999,331.19999999999993,331.4899999999999,344
2026-08-11T19:20:00+00:00,331.4899999999999,331.68999999999994,331.4199999999999,331.43999999999994,351
2026-08-11T19:25:00+00:00,331.43999999999994,331.7199999999999,331.0399999999999,331.1099999999999,385
2026-08-11T19:30:00+00:00,331.1099999999999,331.87999999999994,331.06999999999994,331.8299999999999,527
2026-08-11T19:35:00+00:00,331.8299999999999,332.1799999999999,331.5599999999999,332.0899999999999,391
2026-08-11T19:40:00+00:00,332.0899999999999,332.0899999999999,331.3299999999999,331.4199999999999,430
2026-08-11T19:45:00+00:00,331.4199999999999,331.4299999999999,330.68999999999994,331.1099999999999,419
2026-08-11T19:50:00+00:00,331.1099999999999,331.62999999999994,330.8299999999999,331.3999999999999,599
2026-08-11T19:55:00+00:00,331.3999999999999,332.0299999999999,331.0299999999999,331.93999999999994,1290
2026-08-12T13:30:00+00:00,331.93999999999994,334.4799999999999,329.31999999999994,329.3299999999999,1823
2026-08-12T13:35:00+00:00,329.3299999999999,330.31999999999994,329.06999999999994,329.69999999999993,2000
2026-08-12T13:40:00+00:00,329.69999999999993,329.8399999999999,328.1599999999999,328.4799999999999,2051
2026-08-12T13:45:00+00:00,328.4799999999999,329.25999999999993,328.0999999999999,328.4299999999999,2003
2026-08-12T13:50:00+00:00,328.4299999999999,328.6099999999999,326.8099999999999,326.8299999999999,1879
2026-08-12T13:55:00+00:00,326.8299999999999,327.2799999999999,326.0599999999999,327.1699999999999,1611
2026-08-12T14:00:00+00:00,327.1699999999999,327.1799999999999,325.9699999999999,326.25999999999993,1534
2026-08-12T14:05:00+00:00,326.25999999999993,327.0899999999999,326.1599999999999,327.0799999999999,1277
2026-08-12T14:10:00+00:00,327.0799999999999,327.4699999999999,326.4599999999999,326.63999999999993,1359
2026-08-12T14:15:00+00:00,326.63999999999993,326.94999999999993,326.1199999999999,326.13999999999993,1159
2026-08-12T14:20:00+00:00,326.13999999999993,327.13999999999993,325.81999999999994,326.4799999999999,1448
2026-08-12T14:25:00+00:00,326.4799999999999,326.5899999999999,324.5999999999999,324.6699999999999,1105
2026-08-12T14:30:00+00:00,324.6699999999999,324.7799999999999,323.5599999999999,323.9899999999999,1232
2026-08-12T14:35:00+00:00,323.9899999999999,324.2399999999999,323.2899999999999,324.06999999999994,950
2026-08-12T14:40:00+00:00,324.06999999999994,324.38999999999993,323.74999999999994,324.2399999999999,716
2026-08-12T14:45:00+00:00,324.2399999999999,324.3099999999999,323.3999999999999,323.74999999999994,802
2026-08-12T14:50:00+00:00,323.74999999999994,323.74999999999994,322.9199999999999,323.0399999999999,868
2026-08-12T14:55:00+00:00,323.0399999999999,323.80999999999995,322.8499999999999,323.7199999999999,745.7607962213225
2026-08-12T15:00:00+00:00,323.7199999999999,324.18999999999994,323.4699999999999,323.75999999999993,648
2026-08-12T15:05:00+00:00,323.75999999999993,324.7199999999999,323.5799999999999,324.49999999999994,713
2026-08-12T15:10:00+00:00,324.49999999999994,324.49999999999994,323.8599999999999,324.1499999999999,643
2026-08-12T15:15:00+00:00,324.1499999999999,324.3499999999999,323.93999999999994,324.0799999999999,536
2026-08-12T15:20:00+00:00,324.0799999999999,324.19999999999993,323.25999999999993,323.3299999999999,674
2026-08-12T15:25:00+00:00,323.3299999999999,323.5999999999999,323.13999999999993,323.50999999999993,588
2026-08-12T15:30:00+00:00,323.50999999999993,323.50999999999993,322.7999999999999,323.0499999999999,743
2026-08-12T15:35:00+00:00,323.0499999999999,323.6799999999999,322.88999999999993,323.5299999999999,524
2026-08-12T15:40:00+00:00,323.5299999999999,323.8699999999999,323.1699999999999,323.6699999999999,505
2026-08-12T15:45:00+00:00,323.6699999999999,324.25999999999993,323.5499999999999,324.0999999999999,474
2026-08-12T15:50:00+00:00,324.0999999999999,324.7399999999999,324.0799999999999,324.4899999999999,549
2026-08-12T15:55:00+00:00,324.4899999999999,325.2399999999999,324.4899999999999,325.12999999999994,561
2026-08-12T16:00:00+00:00,325.12999999999994,325.9199999999999,325.06999999999994,325.7699999999999,690
2026-08-12T16:05:00+00:00,325.7699999999999,325.9099999999999,325.50999999999993,325.6499999999999,560
2026-08-12T16:10:00+00:00,325.6499999999999,326.00999999999993,325.2699999999999,325.7199999999999,552
2026-08-12T16:15:00+00:00,325.7199999999999,325.7399999999999,324.9799999999999,325.6699999999999,625
2026-08-12T16:20:00+00:00,325.6699999999999,326.0199999999999,325.6099999999999,325.62999999999994,450
2026-08-12T16:25:00+00:00,325.62999999999994,326.2099999999999,325.6099999999999,326.00999999999993,455
2026-08-12T16:30:00+00:00,326.00999999999993,326.2299999999999,325.8599999999999,325.9899999999999,426
2026-08-12T16:35:00+00:00,325.9899999999999,326.2399999999999,325.8099999999999,325.8599999999999,431
2026-08-12T16:40:00+00:00,325.8599999999999,326.0299999999999,325.6199999999999,325.7399999999999,517
2026-08-12T16:45:00+00:00,325.7399999999999,326.2799999999999,325.7399999999999,325.9699999999999,559
2026-08-12T16:50:00+00:00,325.9699999999999,326.25999999999993,325.9599999999999,326.1199999999999,441
2026-08-12T16:55:00+00:00,326.1199999999999,326.2299999999999,326.0199999999999,326.0799999999999,358
2026-08-12T17:00:00+00:00,326.0799999999999,326.1699999999999,325.6599999999999,325.94999999999993,494
2026-08-12T17:05:00+00:00,325.94999999999993,326.3599999999999,325.9099999999999,326.06999999999994,386
2026-08-12T17:10:00+00:00,326.06999999999994,326.1499999999999,325.75999999999993,325.9099999999999,397
2026-08-12T17:15:00+00:00,325.9099999999999,325.94999999999993,325.2399999999999,325.50999999999993,524
2026-08-12T17:20:00+00:00,325.50999999999993,325.6799999999999,325.2799999999999,325.3999999999999,449
2026-08-12T17:25:00+00:00,325.3999999999999,325.4799999999999,325.1599999999999,325.4299999999999,459
2026-08-12T17:30:00+00:00,325.4299999999999,325.4699999999999,324.99999999999994,325.0399999999999,478
2026-08-12T17:35:00+00:00,325.0399999999999,325.2199999999999,324.7199999999999,324.8999999999999,535
2026-08-12T17:40:00+00:00,324.8999999999999,325.2199999999999,324.8499999999999,325.13999999999993,362
2026-08-12T17:45:00+00:00,325.13999999999993,325.19999999999993,324.81999999999994,324.93999999999994,431
2026-08-12T17:50:00+00:00,324.93999999999994,325.31999999999994,324.8699999999999,325.12999999999994,424
2026-08-12T17:55:00+00:00,325.12999999999994,325.6099999999999,324.9899999999999,325.43999999999994,346
2026-08-12T18:00:00+00:00,325.43999999999994,325.6199999999999,324.8699999999999,325.5999999999999,466
2026-08-12T18:05:00+00:00,325.5999999999999,325.7699999999999,325.3599999999999,325.7199999999999,373
2026-08-12T18:10:00+00:00,325.7199999999999,325.94999999999993,325.4199999999999,325.5499999999999,347
2026-08-12T18:15:00+00:00,325.5499999999999,325.7799999999999,325.25999999999993,325.3599999999999,353
2026-08-12T18:20:00+00:00,325.3599999999999,325.6499999999999,325.2099999999999,325.4699999999999,304
2026-08-12T18:25:00+00:00,325.4699999999999,325.68999999999994,325.31999999999994,325.63999999999993,339
2026-08-12T18:30:00+00:00,325.63999999999993,326.43999999999994,325.5299999999999,325.99999999999994,385
2026-08-12T18:35:00+00:00,325.99999999999994,326.0499999999999,325.6099999999999,325.6799999999999,423
2026-08-12T18:40:00+00:00,325.6799999999999,325.9899999999999,325.6099999999999,325.62999999999994,334
2026-08-12T18:45:00+00:00,325.62999999999994,325.8099999999999,325.4099999999999,325.7899999999999,339
2026-08-12T18:50:00+00:00,325.7899999999999,326.5999999999999,325.7899999999999,326.4699999999999,362
2026-08-12T18:55:00+00:00,326.4699999999999,326.5599999999999,326.1799999999999,326.2299999999999,301
2026-08-12T19:00:00+00:00,326.2299999999999,326.25999999999993,325.8599999999999,325.99999999999994,390
2026-08-12T19:05:00+00:00,325.99999999999994,326.4199999999999,325.9699999999999,326.2999999999999,288
2026-08-12T19:10:00+00:00,326.2999999999999,326.5299999999999,326.24999999999994,326.25999999999993,339
2026-08-12T19:15:00+00:00,326.25999999999993,326.5599999999999,326.1599999999999,326.3299999999999,330
2026-08-12T19:20:00+00:00,326.3299999999999,326.7699999999999,326.1799999999999,326.6199999999999,368
2026-08-12T19:25:00+00:00,326.6199999999999,327.0899999999999,326.5999999999999,326.81999999999994,379
2026-08-12T19:30:00+00:00,326.81999999999994,326.9799999999999,326.5599999999999,326.7799999999999,420
2026-08-12T19:35:00+00:00,326.7799999999999,326.7799999999999,326.3699999999999,326.38999999999993,419
2026-08-12T19:40:00+00:00,326.38999999999993,326.7399999999999,326.3399999999999,326.4799999999999,550
2026-08-12T19:45:00+00:00,326.4799999999999,326.74999999999994,326.31999999999994,326.5799999999999,571
2026-08-12T19:50:00+00:00,326.5799999999999,326.68999999999994,325.9699999999999,326.5399999999999,812
2026-08-12T19:55:00+00:00,326.5399999999999,327.0999999999999,326.2299999999999,326.75999999999993,1175
2026-08-13T13:30:00+00:00,326.75999999999993,327.88999999999993,324.3599999999999,327.75999999999993,1743
2026-08-13T13:35:00+00:00,327.75999999999993,329.5499999999999,327.6199999999999,329.49999999999994,2411
2026-08-13T13:40:00+00:00,329.49999999999994,330.7799999999999,328.2299999999999,328.5599999999999,2466
2026-08-13T13:45:00+00:00,328.5599999999999,329.94999999999993,328.2099999999999,329.7799999999999,2273
2026-08-13T13:50:00+00:00,329.7799999999999,331.6599999999999,329.7199999999999,331.6099999999999,1928
2026-08-13T13:55:00+00:00,331.6099999999999,332.5299999999999,330.75999999999993,331.9699999999999,2168
2026-08-13T14:00:00+00:00,331.9699999999999,332.63999999999993,331.0599999999999,331.5999999999999,1918
2026-08-13T14:05:00+00:00,331.5999999999999,332.2399999999999,331.5999999999999,332.1599999999999,1494
2026-08-13T14:10:00+00:00,332.1599999999999,332.8599999999999,331.5999999999999,331.7799999999999,1627
2026-08-13T14:15:00+00:00,331.7799999999999,332.2299999999999,331.4599999999999,331.5499999999999,1415
2026-08-13T14:20:00+00:00,331.5499999999999,332.68999999999994,331.5399999999999,332.1799999999999,1288
2026-08-13T14:25:00+00:00,332.1799999999999,332.3099999999999,331.4799999999999,332.00999999999993,633
2026-08-13T14:30:00+00:00,332.00999999999993,332.5799999999999,331.6099999999999,332.1799999999999,769
2026-08-13T14:35:00+00:00,332.1799999999999,332.9899999999999,332.0199999999999,332.5799999999999,791
2026-08-13T14:40:00+00:00,332.5799999999999,333.2999999999999,332.56999999999994,332.8499999999999,806
2026-08-13T14:45:00+00:00,332.8499999999999,333.2399999999999,332.2899999999999,332.44999999999993,784
2026-08-13T14:50:00+00:00,332.44999999999993,333.4699999999999,332.38999999999993,333.4699999999999,810
2026-08-13T14:55:00+00:00,333.4699999999999,334.4799999999999,333.0599999999999,333.7099999999999,881
2026-08-13T15:00:00+00:00,333.7099999999999,334.4799999999999,332.6099999999999,332.81999999999994,969
2026-08-13T15:05:00+00:00,332.81999999999994,333.3399999999999,332.50999999999993,332.6699999999999,754
2026-08-13T15:10:00+00:00,332.6699999999999,332.9799999999999,332.50999999999993,332.9199999999999,538
2026-08-13T15:15:00+00:00,332.9199999999999,334.13999999999993,332.9199999999999,333.9299999999999,759
2026-08-13T15:20:00+00:00,333.9299999999999,334.5599999999999,332.9199999999999,332.9699999999999,733
2026-08-13T15:25:00+00:00,332.9699999999999,333.19999999999993,331.50999999999993,331.9299999999999,1084
2026-08-13T15:30:00+00:00,331.9299999999999,332.8699999999999,331.9099999999999,332.3599999999999,984
2026-08-13T15:35:00+00:00,332.3599999999999,332.7999999999999,331.9099999999999,332.43999999999994,819
2026-08-13T15:40:00+00:00,332.43999999999994,333.18999999999994,332.2399999999999,332.50999999999993,704
2026-08-13T15:45:00+00:00,332.50999999999993,332.8499999999999,332.2699999999999,332.6099999999999,682
2026-08-13T15:50:00+00:00,332.6099999999999,332.6099999999999,332.1799999999999,332.25999999999993,531
2026-08-13T15:55:00+00:00,332.25999999999993,332.7799999999999,332.1699999999999,332.2699999999999,541
2026-08-13T16:00:00+00:00,332.2699999999999,333.18999999999994,332.2299999999999,332.9199999999999,541
2026-08-13T16:05:00+00:00,332.9199999999999,333.5899999999999,332.8599999999999,333.0199999999999,593
2026-08-13T16:10:00+00:00,333.0199999999999,333.4599999999999,332.6799999999999,332.7099999999999,568
2026-08-13T16:15:00+00:00,332.7099999999999,332.9299999999999,332.49999999999994,332.88999999999993,542
2026-08-13T16:20:00+00:00,332.88999999999993,333.7299999999999,332.6599999999999,333.5599999999999,507
2026-08-13T16:25:00+00:00,333.5599999999999,333.81999999999994,333.49999999999994,333.6599999999999,406
2026-08-13T16:30:00+00:00,333.6599999999999,334.3599999999999,333.6199999999999,333.8299999999999,719
2026-08-13T16:35:00+00:00,333.8299999999999,334.37999999999994,333.68999999999994,334.1699999999999,607
2026-08-13T16:40:00+00:00,334.1699999999999,334.2899999999999,333.93999999999994,334.18999999999994,446
2026-08-13T16:45:00+00:00,334.18999999999994,335.0499999999999,334.1799999999999,334.8999999999999,643
2026-08-13T16:50:00+00:00,334.8999999999999,335.4799999999999,334.7199999999999,334.9699999999999,685
2026-08-13T16:55:00+00:00,334.9699999999999,336.1699999999999,334.9199999999999,335.6499999999999,670
2026-08-13T17:00:00+00:00,335.6499999999999,336.12999999999994,334.9299999999999,334.9299999999999,848
2026-08-13T17:05:00+00:00,334.9299999999999,334.99999999999994,334.3599999999999,334.8399999999999,538
2026-08-13T17:10:00+00:00,334.8399999999999,335.3099999999999,334.74999999999994,335.06999999999994,435
2026-08-13T17:15:00+00:00,335.06999999999994,335.7299999999999,335.0599999999999,335.5999999999999,457
2026-08-13T17:20:00+00:00,335.5999999999999,335.99999999999994,335.4899999999999,335.5499999999999,421
2026-08-13T17:25:00+00:00,335.5499999999999,335.7199999999999,335.3599999999999,335.4799999999999,415
2026-08-13T17:30:00+00:00,335.4799999999999,335.7799999999999,335.24999999999994,335.2899999999999,480
2026-08-13T17:35:00+00:00,335.2899999999999,335.38999999999993,334.8999999999999,335.13999999999993,469
2026-08-13T17:40:00+00:00,335.13999999999993,335.5899999999999,335.1199999999999,335.37999999999994,535
2026-08-13T17:45:00+00:00,335.37999999999994,336.1699999999999,335.2899999999999,335.2999999999999,565
2026-08-13T17:50:00+00:00,335.2999999999999,335.7999999999999,335.25999999999993,335.50999999999993,495
2026-08-13T17:55:00+00:00,335.50999999999993,335.7399999999999,335.2299999999999,335.3699999999999,496
2026-08-13T18:00:00+00:00,335.3699999999999,335.6499999999999,335.0599999999999,335.5899999999999,429
2026-08-13T18:05:00+00:00,335.5899999999999,336.2399999999999,335.5899999999999,336.0499999999999,482
2026-08-13T18:10:00+00:00,336.0499999999999,337.0499999999999,335.99999999999994,336.99999999999994,658
2026-08-13T18:15:00+00:00,336.99999999999994,337.12999999999994,336.6199999999999,337.00999999999993,564
2026-08-13T18:20:00+00:00,337.00999999999993,337.74999999999994,336.9199999999999,337.3599999999999,605
2026-08-13T18:25:00+00:00,337.3599999999999,337.74999999999994,337.3099999999999,337.4899999999999,424
2026-08-13T18:30:00+00:00,337.4899999999999,337.93999999999994,337.1799999999999,337.3499999999999,499
2026-08-13T18:35:00+00:00,337.3499999999999,337.7999999999999,337.2199999999999,337.4199999999999,474
2026-08-13T18:40:00+00:00,337.4199999999999,337.7399999999999,337.3599999999999,337.44999999999993,529
2026-08-13T18:45:00+00:00,337.44999999999993,338.9099999999999,337.44999999999993,338.6799999999999,789
2026-08-13T18:50:00+00:00,338.6799999999999,339.4199999999999,338.2699999999999,338.56999999999994,834
2026-08-13T18:55:00+00:00,338.56999999999994,338.7699999999999,338.37999999999994,338.6599999999999,579
2026-08-13T19:00:00+00:00,338.6599999999999,339.2899999999999,338.4199999999999,339.2899999999999,496
2026-08-13T19:05:00+00:00,339.2899999999999,340.50999999999993,339.2299999999999,340.31999999999994,823
2026-08-13T19:10:00+00:00,340.31999999999994,340.75999999999993,338.3599999999999,338.75999999999993,1004
2026-08-13T19:15:00+00:00,338.75999999999993,338.87999999999994,338.1599999999999,338.38999999999993,641
2026-08-13T19:20:00+00:00,338.38999999999993,338.4599999999999,337.5799999999999,337.94999999999993,613
2026-08-13T19:25:00+00:00,337.94999999999993,338.0299999999999,337.6599999999999,337.8499999999999,464
2026-08-13T19:30:00+00:00,337.8499999999999,338.2399999999999,337.56999999999994,338.0599999999999,674
2026-08-13T19:35:00+00:00,338.0599999999999,338.5299999999999,337.9199999999999,338.1499999999999,569
2026-08-13T19:40:00+00:00,338.1499999999999,338.8599999999999,338.13999999999993,338.5399999999999,588
2026-08-13T19:45:00+00:00,338.5399999999999,338.7799999999999,338.25999999999993,338.49999999999994,550
2026-08-13T19:50:00+00:00,338.49999999999994,338.9299999999999,337.9599999999999,338.1499999999999,791
2026-08-13T19:55:00+00:00,338.1499999999999,339.44999999999993,338.0499999999999,339.3699999999999,1431
2026-08-14T13:30:00+00:00,339.3699999999999,344.6699999999999,339.3699999999999,344.2199999999999,1986
2026-08-14T13:35:00+00:00,344.2199999999999,346.2299999999999,343.6499999999999,346.0399999999999,1994
2026-08-14T13:40:00+00:00,346.0399999999999,346.8999999999999,344.2099999999999,346.6599999999999,2422
2026-08-14T13:45:00+00:00,346.6599999999999,348.0799999999999,345.3599999999999,347.4599999999999,2533
2026-08-14T13:50:00+00:00,347.4599999999999,349.1499999999999,347.37999999999994,348.4699999999999,2596
2026-08-14T13:55:00+00:00,348.4699999999999,349.49999999999994,347.5499999999999,349.0599999999999,2102
2026-08-14T14:00:00+00:00,349.0599999999999,349.44999999999993,348.2299999999999,349.0999999999999,1939
2026-08-14T14:05:00+00:00,349.0999999999999,350.37999999999994,349.0299999999999,349.0299999999999,1932
2026-08-14T14:10:00+00:00,349.0299999999999,349.1199999999999,346.0499999999999,346.1799999999999,2210
2026-08-14T14:15:00+00:00,346.1799999999999,347.5999999999999,345.3999999999999,345.3999999999999,1978
2026-08-14T14:20:00+00:00,345.3999999999999,346.19999999999993,344.75999999999993,345.0199999999999,2157
2026-08-14T14:25:00+00:00,345.0199999999999,345.87999999999994,344.8099999999999,345.2899999999999,972
2026-08-14T14:30:00+00:00,345.2899999999999,345.49999999999994,343.4299999999999,344.0399999999999,1216
2026-08-14T14:35:00+00:00,344.0399999999999,344.6599999999999,343.8699999999999,344.1799999999999,957
2026-08-14T14:40:00+00:00,344.1799999999999,344.1799999999999,341.94999999999993,341.94999999999993,1295
2026-08-14T14:45:00+00:00,341.94999999999993,342.6199999999999,341.1699999999999,341.75999999999993,1152
2026-08-14T14:50:00+00:00,341.75999999999993,341.94999999999993,340.7199999999999,340.7199999999999,950
2026-08-14T14:55:00+00:00,340.7199999999999,341.2299999999999,340.13999999999993,340.25999999999993,1174.2932498882433
2026-08-14T15:00:00+00:00,340.25999999999993,340.6499999999999,338.7899999999999,339.49999999999994,1251
2026-08-14T15:05:00+00:00,339.49999999999994,339.6499999999999,338.4099999999999,338.4299999999999,989
2026-08-14T15:10:00+00:00,338.4299999999999,338.8599999999999,337.56999999999994,337.5799999999999,933
2026-08-14T15:15:00+00:00,337.5799999999999,337.75999999999993,336.6799999999999,336.7999999999999,1138
2026-08-14T15:20:00+00:00,336.7999999999999,336.9299999999999,335.4199999999999,335.4199999999999,1320
2026-08-14T15:25:00+00:00,335.4199999999999,336.63999999999993,334.4899999999999,336.5199999999999,1308
2026-08-14T15:30:00+00:00,336.5199999999999,336.5399999999999,335.4599999999999,335.69999999999993,961
2026-08-14T15:35:00+00:00,335.69999999999993,336.7799999999999,335.6699999999999,336.1499999999999,1053
2026-08-14T15:40:00+00:00,336.1499999999999,337.0499999999999,336.0299999999999,336.7699999999999,765
2026-08-14T15:45:00+00:00,336.7699999999999,337.13999999999993,336.4699999999999,336.7699999999999,791
2026-08-14T15:50:00+00:00,336.7699999999999,337.7999999999999,336.3699999999999,337.56999999999994,859
2026-08-14T15:55:00+00:00,337.56999999999994,338.1699999999999,337.18999999999994,337.7999999999999,934
2026-08-14T16:00:00+00:00,337.7999999999999,338.43999999999994,337.7799999999999,338.06999999999994,709
2026-08-14T16:05:00+00:00,338.06999999999994,338.56999999999994,337.8299999999999,338.43999999999994,662
2026-08-14T16:10:00+00:00,338.43999999999994,339.7799999999999,338.3699999999999,339.74999999999994,828
2026-08-14T16:15:00+00:00,339.74999999999994,339.7699999999999,338.6099999999999,338.8999999999999,980
2026-08-14T16:20:00+00:00,338.8999999999999,339.5499999999999,338.6699999999999,339.0799999999999,701
2026-08-14T16:25:00+00:00,339.0799999999999,339.8299999999999,338.7999999999999,339.8299999999999,629
2026-08-14T16:30:00+00:00,339.8299999999999,339.93999999999994,338.6599999999999,339.0399999999999,702
2026-08-14T16:35:00+00:00,339.0399999999999,339.43999999999994,338.63999999999993,338.9099999999999,655
2026-08-14T16:40:00+00:00,338.9099999999999,339.0999999999999,338.4099999999999,338.81999999999994,608
2026-08-14T16:45:00+00:00,338.81999999999994,339.25999999999993,338.3299999999999,339.06999999999994,752
2026-08-14T16:50:00+00:00,339.06999999999994,339.1099999999999,338.1699999999999,338.2999999999999,702
2026-08-14T16:55:00+00:00,338.2999999999999,338.3999999999999,337.3999999999999,337.3999999999999,632
2026-08-14T17:00:00+00:00,337.3999999999999,338.2699999999999,336.9699999999999,338.0499999999999,801
2026-08-14T17:05:00+00:00,338.0499999999999,338.2099999999999,337.50999999999993,337.75999999999993,690
2026-08-14T17:10:00+00:00,337.75999999999993,338.13999999999993,337.6599999999999,338.0299999999999,490
2026-08-14T17:15:00+00:00,338.0299999999999,338.8699999999999,337.7299999999999,338.68999999999994,543
2026-08-14T17:20:00+00:00,338.68999999999994,339.0999999999999,338.49999999999994,338.56999999999994,531
2026-08-14T17:25:00+00:00,338.56999999999994,338.56999999999994,337.9699999999999,338.44999999999993,606
2026-08-14T17:30:00+00:00,338.44999999999993,339.5399999999999,338.4199999999999,339.43999999999994,600
2026-08-14T17:35:00+00:00,339.43999999999994,340.2799999999999,339.3999999999999,340.0899999999999,657
2026-08-14T17:40:00+00:00,340.0899999999999,340.3299999999999,339.87999999999994,340.2699999999999,639
2026-08-14T17:45:00+00:00,340.2699999999999,340.38999999999993,339.8099999999999,339.87999999999994,528
2026-08-14T17:50:00+00:00,339.87999999999994,340.3499999999999,339.7799999999999,340.18999999999994,441
2026-08-14T17:55:00+00:00,340.18999999999994,340.6699999999999,339.99999999999994,340.6199999999999,470
2026-08-14T18:00:00+00:00,340.6199999999999,340.9799999999999,340.4599999999999,340.9099999999999,577
2026-08-14T18:05:00+00:00,340.9099999999999,340.93999999999994,340.4799999999999,340.8599999999999,538
2026-08-14T18:10:00+00:00,340.8599999999999,340.93999999999994,340.6699999999999,340.8099999999999,505
2026-08-14T18:15:00+00:00,340.8099999999999,341.3699999999999,340.75999999999993,341.0799999999999,510
2026-08-14T18:20:00+00:00,341.0799999999999,341.7199999999999,341.0299999999999,341.3099999999999,613
2026-08-14T18:25:00+00:00,341.3099999999999,341.7399999999999,340.69999999999993,340.93999999999994,534
2026-08-14T18:30:00+00:00,340.93999999999994,341.2199999999999,340.5999999999999,340.81999999999994,594
2026-08-14T18:35:00+00:00,340.81999999999994,340.8699999999999,340.1599999999999,340.2799999999999,608
2026-08-14T18:40:00+00:00,340.2799999999999,340.8699999999999,340.2399999999999,340.7799999999999,366
2026-08-14T18:45:00+00:00,340.7799999999999,340.9299999999999,340.4899999999999,340.7299999999999,432
2026-08-14T18:50:00+00:00,340.7299999999999,340.93999999999994,340.2299999999999,340.4699999999999,463
2026-08-14T18:55:00+00:00,340.4699999999999,340.6599999999999,340.2299999999999,340.2299999999999,325
2026-08-14T19:00:00+00:00,340.2299999999999,340.2299999999999,339.7099999999999,339.7899999999999,586
2026-08-14T19:05:00+00:00,339.7899999999999,341.0599999999999,339.7899999999999,340.87999999999994,464
2026-08-14T19:10:00+00:00,340.87999999999994,340.9699999999999,340.3599999999999,340.4899999999999,313
2026-08-14T19:15:00+00:00,340.4899999999999,340.7699999999999,340.19999999999993,340.2999999999999,387
2026-08-14T19:20:00+00:00,340.2999999999999,340.75999999999993,340.1599999999999,340.68999999999994,422
2026-08-14T19:25:00+00:00,340.68999999999994,341.62999999999994,340.68999999999994,341.0199999999999,443
2026-08-14T19:30:00+00:00,341.0199999999999,341.4099999999999,340.9299999999999,341.2299999999999,406
2026-08-14T19:35:00+00:00,341.2299999999999,341.25999999999993,340.4599999999999,340.4799999999999,448
2026-08-14T19:40:00+00:00,340.4799999999999,340.75999999999993,340.25999999999993,340.75999999999993,306
2026-08-14T19:45:00+00:00,340.75999999999993,340.8499999999999,340.2799999999999,340.6699999999999,380
2026-08-14T19:50:00+00:00,340.6699999999999,341.56999999999994,340.62999999999994,341.1799999999999,557
2026-08-14T19:55:00+00:00,341.1799999999999,342.5299999999999,340.94999999999993,341.4899999999999,942
2026-08-17T13:30:00+00:00,342.21,342.21,337.45,337.64,1208
2026-08-17T13:35:00+00:00,337.64,339.6,337.34,338.08,1451
2026-08-17T13:40:00+00:00,338.08,340.8,337.96,340.39,1452
2026-08-17T13:45:00+00:00,340.39,342.67,340.18,342.5,1608
2026-08-17T13:50:00+00:00,342.5,342.91,339.82,340.37,1464
2026-08-17T13:55:00+00:00,340.37,340.46,338.8,339.13,949
2026-08-17T14:00:00+00:00,339.13,340.26,338.39,339.88,1071
2026-08-17T14:05:00+00:00,339.88,340.14,338.88,339.62,872
2026-08-17T14:10:00+00:00,339.62,339.97,338.38,338.68,778
2026-08-17T14:15:00+00:00,338.68,340.15,338.46,339.96,905
2026-08-17T14:20:00+00:00,339.96,340.1,338.76,339.08,889
2026-08-17T14:25:00+00:00,339.08,339.51,338.76,339.38,818
2026-08-17T14:30:00+00:00,339.38,339.62,338.99,339.18,524
2026-08-17T14:35:00+00:00,339.18,340.14,338.63,339.95,654
2026-08-17T14:40:00+00:00,339.95,340.52,339.86,340.1,679
2026-08-17T14:45:00+00:00,340.1,341.02,340.08,340.82,642
2026-08-17T14:50:00+00:00,340.82,341.08,340.69,340.96,624
2026-08-17T14:55:00+00:00,340.96,341.85,340.95,341.61,635
2026-08-17T15:00:00+00:00,341.61,342.21,341.2,342.01,631
2026-08-17T15:05:00+00:00,342.01,342.19,340.79,340.9,690
2026-08-17T15:10:00+00:00,340.9,341.05,340.6,340.64,543
2026-08-17T15:15:00+00:00,340.64,340.98,339.73,340.1,482
2026-08-17T15:20:00+00:00,340.1,340.45,339.81,339.89,601
2026-08-17T15:25:00+00:00,339.89,340.77,339.88,340.75,460
2026-08-17T15:30:00+00:00,340.75,340.88,339.59,339.61,481
2026-08-17T15:35:00+00:00,339.61,339.76,339.28,339.41,442
2026-08-17T15:40:00+00:00,339.41,340.36,339.39,340.31,556
2026-08-17T15:45:00+00:00,340.31,340.89,340.16,340.8,513
2026-08-17T15:50:00+00:00,340.8,341.84,340.7,341.63,468
2026-08-17T15:55:00+00:00,341.63,341.66,340.88,341.29,514
2026-08-17T16:00:00+00:00,341.29,341.56,340.49,340.66,482
2026-08-17T16:05:00+00:00,340.66,340.91,340.47,340.66,544
2026-08-17T16:10:00+00:00,340.66,340.89,340.45,340.84,349
2026-08-17T16:15:00+00:00,340.84,340.84,340.14,340.31,394
2026-08-17T16:20:00+00:00,340.31,340.53,339.33,339.41,460
2026-08-17T16:25:00+00:00,339.41,339.75,339.32,339.71,404
2026-08-17T16:30:00+00:00,339.71,340.1,339.45,339.84,404
2026-08-17T16:35:00+00:00,339.84,340.5,339.83,340.33,379
2026-08-17T16:40:00+00:00,340.33,340.41,339.89,339.96,398
2026-08-17T16:45:00+00:00,339.96,340.36,339.92,340.03,422
2026-08-17T16:50:00+00:00,340.03,340.03,339.28,339.69,341
2026-08-17T16:55:00+00:00,339.69,339.94,339.55,339.61,326
2026-08-17T17:00:00+00:00,339.61,339.71,339.28,339.33,387
2026-08-17T17:05:00+00:00,339.33,339.71,339.18,339.45,407
2026-08-17T17:10:00+00:00,339.45,339.59,339.28,339.34,394
2026-08-17T17:15:00+00:00,339.34,339.64,339.02,339.45,379
2026-08-17T17:20:00+00:00,339.45,339.62,339.13,339.24,470
2026-08-17T17:25:00+00:00,339.24,339.32,338.8,338.88,559
2026-08-17T17:30:00+00:00,338.88,339.81,338.71,339.48,567
2026-08-17T17:35:00+00:00,339.48,340.17,339.46,339.87,507
2026-08-17T17:40:00+00:00,339.87,340.59,339.81,340.51,475
2026-08-17T17:45:00+00:00,340.51,340.53,339.67,339.72,410
2026-08-17T17:50:00+00:00,339.72,339.74,339.14,339.29,470
2026-08-17T17:55:00+00:00,339.29,339.54,339.13,339.44,343
2026-08-17T18:00:00+00:00,339.44,339.74,339.18,339.51,381
2026-08-17T18:05:00+00:00,339.51,339.58,339.32,339.41,405
2026-08-17T18:10:00+00:00,339.41,339.66,339.34,339.52,290
2026-08-17T18:15:00+00:00,339.52,339.59,338.96,339.07,389
2026-08-17T18:20:00+00:00,339.07,339.36,338.91,338.93,373
2026-08-17T18:25:00+00:00,338.93,339.33,338.89,339.29,346
2026-08-17T18:30:00+00:00,339.29,339.55,339.26,339.55,344
2026-08-17T18:35:00+00:00,339.55,339.74,339.39,339.57,294
2026-08-17T18:40:00+00:00,339.57,339.95,339.45,339.73,303
2026-08-17T18:45:00+00:00,339.73,340.25,339.71,339.98,318
2026-08-17T18:50:00+00:00,339.98,340.21,339.94,340.13,294
2026-08-17T18:55:00+00:00,340.13,340.67,340.04,340.18,382
2026-08-17T19:00:00+00:00,340.18,340.68,340.13,340.61,309
2026-08-17T19:05:00+00:00,340.61,341.05,340.51,340.53,384
2026-08-17T19:10:00+00:00,340.53,340.54,340.28,340.38,315
2026-08-17T19:15:00+00:00,340.38,340.83,340.33,340.67,254
2026-08-17T19:20:00+00:00,340.67,341.22,340.6,340.98,339
2026-08-17T19:25:00+00:00,340.98,345.26,340.03,340.53,1415
2026-08-17T19:30:00+00:00,340.53,340.8,339.9,340.18,856
2026-08-17T19:35:00+00:00,340.18,340.29,339.28,339.43,637
2026-08-17T19:40:00+00:00,339.43,339.56,339.02,339.03,490
2026-08-17T19:45:00+00:00,339.03,339.31,338.49,338.53,521
2026-08-17T19:50:00+00:00,338.53,338.6,337.38,337.66,827
2026-08-17T19:55:00+00:00,337.66,339.52,337.66,339.34,1084
2026-08-18T13:30:00+00:00,339.34,339.34,331.01,334.23,1791
2026-08-18T13:35:00+00:00,334.23,339.57,334.19,339.15,2267
2026-08-18T13:40:00+00:00,339.15,340.31,336.37,336.44,2030
2026-08-18T13:45:00+00:00,336.44,338.86,336,337.02,2238
2026-08-18T13:50:00+00:00,337.02,338.48,336.28,337.51,1878
2026-08-18T13:55:00+00:00,337.51,339.02,337.21,339,1759
2026-08-18T14:00:00+00:00,339,339.28,337.14,337.35,1740
2026-08-18T14:05:00+00:00,337.35,337.72,336.24,336.28,1600
2026-08-18T14:10:00+00:00,336.28,336.61,335.69,335.74,1570
2026-08-18T14:15:00+00:00,335.74,336.73,335.59,336.16,1621
2026-08-18T14:20:00+00:00,336.16,337.34,335.83,336.93,1460
2026-08-18T14:25:00+00:00,336.93,337.84,335.99,336.62,1564
2026-08-18T14:30:00+00:00,336.62,337.9,336.28,336.73,1183
2026-08-18T14:35:00+00:00,336.73,337.82,336.56,337.69,1081
2026-08-18T14:40:00+00:00,337.69,337.9,336.69,337.19,1147
2026-08-18T14:45:00+00:00,337.19,337.19,336.28,336.41,1035
2026-08-18T14:50:00+00:00,336.41,336.59,335.55,335.82,1013
2026-08-18T14:55:00+00:00,335.82,335.99,335.04,335.65,900
2026-08-18T15:00:00+00:00,335.65,335.66,334.79,335.45,922
2026-08-18T15:05:00+00:00,335.45,336.12,335.27,335.5,683
2026-08-18T15:10:00+00:00,335.5,336.43,335.38,336.23,781
2026-08-18T15:15:00+00:00,336.23,337.13,336.13,336.13,901
2026-08-18T15:20:00+00:00,336.13,336.98,336.03,336.72,833
2026-08-18T15:25:00+00:00,336.72,337.69,336.62,337.28,732
2026-08-18T15:30:00+00:00,337.28,337.63,336.88,337.48,728
2026-08-18T15:35:00+00:00,337.48,337.48,336.62,336.82,680
2026-08-18T15:40:00+00:00,336.82,338.33,336.79,338.24,593
2026-08-18T15:45:00+00:00,338.24,339.21,338.22,338.55,756
2026-08-18T15:50:00+00:00,338.55,339.32,338.28,339.28,664
2026-08-18T15:55:00+00:00,339.28,339.74,338.98,339.62,822
2026-08-18T16:00:00+00:00,339.62,340.13,339.43,339.46,829
2026-08-18T16:05:00+00:00,339.46,339.96,338.38,339.01,1045
2026-08-18T16:10:00+00:00,339.01,339.38,338.63,338.63,584
2026-08-18T16:15:00+00:00,338.63,338.73,337.53,337.75,739
2026-08-18T16:20:00+00:00,337.75,338.25,337.65,338.04,776
2026-08-18T16:25:00+00:00,338.04,338.09,337.03,337.04,763
2026-08-18T16:30:00+00:00,337.04,337.37,336.99,337.23,592
2026-08-18T16:35:00+00:00,337.23,337.53,336.95,337.42,565
2026-08-18T16:40:00+00:00,337.42,337.71,336.99,337.68,784
2026-08-18T16:45:00+00:00,337.68,339.14,337.55,338.92,702
2026-08-18T16:50:00+00:00,338.92,339.53,338.66,339.41,667
2026-08-18T16:55:00+00:00,339.41,339.63,339.18,339.43,561
2026-08-18T17:00:00+00:00,339.43,339.65,339.12,339.44,614
2026-08-18T17:05:00+00:00,339.44,339.48,338.66,339.17,575
2026-08-18T17:10:00+00:00,339.17,339.26,338.14,338.16,509
2026-08-18T17:15:00+00:00,338.16,338.18,337.08,337.19,552
2026-08-18T17:20:00+00:00,337.19,337.5,336.13,336.18,629
2026-08-18T17:25:00+00:00,336.18,336.96,335.78,336.81,889
2026-08-18T17:30:00+00:00,336.81,337.05,336.21,336.59,702
2026-08-18T17:35:00+00:00,336.59,337.49,336.54,336.91,504
2026-08-18T17:40:00+00:00,336.91,337.18,336.76,337.09,380
2026-08-18T17:45:00+00:00,337.09,337.36,336.79,336.93,409
2026-08-18T17:50:00+00:00,336.93,337.12,336.38,337,555
2026-08-18T17:55:00+00:00,337,337.08,336.32,336.34,385
2026-08-18T18:00:00+00:00,336.34,336.5,335.93,335.95,646
2026-08-18T18:05:00+00:00,335.95,336.3,335.89,335.91,529
2026-08-18T18:10:00+00:00,335.91,336.68,335.89,336.48,559
2026-08-18T18:15:00+00:00,336.48,336.73,335.89,336.72,512
2026-08-18T18:20:00+00:00,336.72,336.94,336.32,336.52,510
2026-08-18T18:25:00+00:00,336.52,336.69,336.08,336.3,456
2026-08-18T18:30:00+00:00,336.3,336.53,336.06,336.17,463
2026-08-18T18:35:00+00:00,336.17,336.37,335.59,335.61,509
2026-08-18T18:40:00+00:00,335.61,335.65,335.17,335.21,629
2026-08-18T18:45:00+00:00,335.21,335.61,335.17,335.39,544
2026-08-18T18:50:00+00:00,335.39,335.45,335.01,335.26,540
2026-08-18T18:55:00+00:00,335.26,335.81,335.13,335.62,443
2026-08-18T19:00:00+00:00,335.62,336.2,335.6,335.62,518
2026-08-18T19:05:00+00:00,335.62,335.94,335.38,335.83,385
2026-08-18T19:10:00+00:00,335.83,336.25,335.78,335.98,435
2026-08-18T19:15:00+00:00,335.98,336.24,335.88,336.06,469
2026-08-18T19:20:00+00:00,336.06,336.46,335.88,336.44,378
2026-08-18T19:25:00+00:00,336.44,336.59,336.28,336.52,459
2026-08-18T19:30:00+00:00,336.52,337,336.39,336.71,544
2026-08-18T19:35:00+00:00,336.71,337.12,336.01,336.42,508
2026-08-18T19:40:00+00:00,336.42,336.91,336.4,336.68,403
2026-08-18T19:45:00+00:00,336.68,336.89,336.12,336.33,452
2026-08-18T19:50:00+00:00,336.33,336.38,335.18,335.67,870
2026-08-18T19:55:00+00:00,335.67,337.27,335.52,336.48,1297
2026-08-19T13:30:00+00:00,336.48,341,336.48,340.11,1872
2026-08-19T13:35:00+00:00,340.11,340.99,337.41,338.19,2081
2026-08-19T13:40:00+00:00,338.19,340.65,337.51,339.73,2065
2026-08-19T13:45:00+00:00,339.73,340.29,335.49,336.53,2225
2026-08-19T13:50:00+00:00,336.53,338.43,335.88,337.43,2311
2026-08-19T13:55:00+00:00,337.43,338.64,336.46,337.76,2112
2026-08-19T14:00:00+00:00,337.76,339.43,337.64,339.11,2179
2026-08-19T14:05:00+00:00,339.11,339.86,338.96,339.4,2051
2026-08-19T14:10:00+00:00,339.4,339.4,337.38,338.05,1820
2026-08-19T14:15:00+00:00,338.05,340.16,337.88,340,2046
2026-08-19T14:20:00+00:00,340,340.58,338.12,339.69,1966
2026-08-19T14:25:00+00:00,339.69,342.35,339.32,342.17,1469
2026-08-19T14:30:00+00:00,342.17,343.27,341.14,341.65,1396
2026-08-19T14:35:00+00:00,341.65,345.04,341.64,344.79,1353
2026-08-19T14:40:00+00:00,344.79,346.77,344.73,346.55,1496
2026-08-19T14:45:00+00:00,346.55,347.55,345.51,346.33,1362
2026-08-19T14:50:00+00:00,346.33,347.04,345.92,346.26,1031
2026-08-19T14:55:00+00:00,346.26,347.26,345.92,346.61999999999995,1077.7591929710381
2026-08-19T15:00:00+00:00,347.26,348.4,346.55,346.62,1140
2026-08-19T15:05:00+00:00,346.62,347.39,345.98,346.46,1092
2026-08-19T15:10:00+00:00,346.46,347.02,346.25,346.37,740
2026-08-19T15:15:00+00:00,346.37,346.9,345.99,346.79,744
2026-08-19T15:20:00+00:00,346.79,347.56,346.68,346.93,764
2026-08-19T15:25:00+00:00,346.93,347.54,346.69,347.28,719
2026-08-19T15:30:00+00:00,347.28,348.02,347.18,347.62,829
2026-08-19T15:35:00+00:00,347.62,347.7,346.7,346.7,786
2026-08-19T15:40:00+00:00,346.7,346.82,346.28,346.73,838
2026-08-19T15:45:00+00:00,346.73,346.86,345.68,345.84,713
2026-08-19T15:50:00+00:00,345.84,346.82,345.68,346.12,697
2026-08-19T15:55:00+00:00,346.12,347.03,346.07,346.8,580
2026-08-19T16:00:00+00:00,346.8,347.12,346.63,347.02,541
2026-08-19T16:05:00+00:00,347.02,348.29,347,348.23,661
2026-08-19T16:10:00+00:00,348.23,349.02,347.91,347.93,698
2026-08-19T16:15:00+00:00,347.93,348.67,347.57,348.64,607
2026-08-19T16:20:00+00:00,348.64,349.06,348.19,348.35,718
2026-08-19T16:25:00+00:00,348.35,348.35,347.88,348.04,624
2026-08-19T16:30:00+00:00,348.04,348.04,346.9,347.05,754
2026-08-19T16:35:00+00:00,347.05,347.51,346.54,346.57,566
2026-08-19T16:40:00+00:00,346.57,346.84,346.34,346.4,552
2026-08-19T16:45:00+00:00,346.4,346.73,346.32,346.41,535
2026-08-19T16:50:00+00:00,346.41,347.01,346.36,346.94,542
2026-08-19T16:55:00+00:00,346.94,347.33,346.88,347.14,613
2026-08-19T17:00:00+00:00,347.14,347.38,346.49,346.63,587
2026-08-19T17:05:00+00:00,346.63,346.88,346.33,346.53,546
2026-08-19T17:10:00+00:00,346.53,346.8,346.39,346.44,500
2026-08-19T17:15:00+00:00,346.44,346.91,346.44,346.45,562
2026-08-19T17:20:00+00:00,346.45,346.66,346.09,346.1,643
2026-08-19T17:25:00+00:00,346.1,346.84,346.08,346.76,517
2026-08-19T17:30:00+00:00,346.76,346.85,345.93,346.1,599
2026-08-19T17:35:00+00:00,346.1,346.55,346.06,346.44,405
2026-08-19T17:40:00+00:00,346.44,346.92,346.43,346.68,448
2026-08-19T17:45:00+00:00,346.68,347.09,346.64,347.03,425
2026-08-19T17:50:00+00:00,347.03,347.89,347.03,347.76,502
2026-08-19T17:55:00+00:00,347.76,347.78,347.3,347.59,530
2026-08-19T18:00:00+00:00,347.59,348.71,347.4,348.4,888
2026-08-19T18:05:00+00:00,348.4,348.56,347.23,347.43,967
2026-08-19T18:10:00+00:00,347.43,348.22,347.23,347.83,775
2026-08-19T18:15:00+00:00,347.83,347.86,347.17,347.47,619
2026-08-19T18:20:00+00:00,347.47,348.04,347.38,347.74,677
2026-08-19T18:25:00+00:00,347.74,348.19,347.65,348.12,529
2026-08-19T18:30:00+00:00,348.12,348.64,347.89,348.27,702
2026-08-19T18:35:00+00:00,348.27,348.38,347.93,348.33,642
2026-08-19T18:40:00+00:00,348.33,348.76,348.33,348.53,556
2026-08-19T18:45:00+00:00,348.53,348.57,348.14,348.32,554
2026-08-19T18:50:00+00:00,348.32,348.44,347.81,347.99,570
2026-08-19T18:55:00+00:00,347.99,348.36,347.79,348.1,577
2026-08-19T19:00:00+00:00,348.1,348.35,347.99,348.21,580
2026-08-19T19:05:00+00:00,348.21,348.5,347.99,348.36,401
2026-08-19T19:10:00+00:00,348.36,348.53,348.07,348.24,430
2026-08-19T19:15:00+00:00,348.24,348.68,348.18,348.58,520
2026-08-19T19:20:00+00:00,348.58,348.81,348.38,348.53,414
2026-08-19T19:25:00+00:00,348.53,349.35,348.16,348.16,613
2026-08-19T19:30:00+00:00,348.16,349.17,347.88,349.15,811
2026-08-19T19:35:00+00:00,349.15,349.39,348.6,348.79,684
2026-08-19T19:40:00+00:00,348.79,348.96,347.9,348.01,639
2026-08-19T19:45:00+00:00,348.01,348.47,347.29,347.7,858
2026-08-19T19:50:00+00:00,347.7,349.76,347.63,349.11,768
2026-08-19T19:55:00+00:00,349.11,351.49,348.67,350.79,1795
2026-08-20T13:30:00+00:00,350.79,350.79,343.51,343.85,1313
2026-08-20T13:35:00+00:00,343.85,344.03,342.61,342.9,1322
2026-08-20T13:40:00+00:00,342.9,343.7,342.11,343.38,991
2026-08-20T13:45:00+00:00,343.38,345.02,342.89,344.09,1180
2026-08-20T13:50:00+00:00,344.09,345.35,343.95,344.86,1196
2026-08-20T13:55:00+00:00,344.86,345.21,344,345,987
2026-08-20T14:00:00+00:00,345,345.21,343.75,344.12,992
2026-08-20T14:05:00+00:00,344.12,344.12,342.69,343.45,894
2026-08-20T14:10:00+00:00,343.45,343.66,342.2,342.28,852
2026-08-20T14:15:00+00:00,342.28,342.6,341.48,341.48,921
2026-08-20T14:20:00+00:00,341.48,342.5,341.13,341.91,1108
2026-08-20T14:25:00+00:00,341.91,341.93,339.6,340.15,1095
2026-08-20T14:30:00+00:00,340.15,340.54,339,339.02,1075
2026-08-20T14:35:00+00:00,339.02,340.21,338.82,340.14,978
2026-08-20T14:40:00+00:00,340.14,340.24,339.66,339.84,759
2026-08-20T14:45:00+00:00,339.84,340.21,339.68,339.9,793
2026-08-20T14:50:00+00:00,339.9,340.52,339.76,339.88,735
2026-08-20T14:55:00+00:00,339.88,340.23,339.43,339.91,716
2026-08-20T15:00:00+00:00,339.91,341.48,339.88,341.19,968
2026-08-20T15:05:00+00:00,341.19,341.64,339.85,341.53,1055
2026-08-20T15:10:00+00:00,341.53,342.75,340.52,342.22,976
2026-08-20T15:15:00+00:00,342.22,343.11,342.18,342.89,760
2026-08-20T15:20:00+00:00,342.89,343.25,341.91,342.71,746
2026-08-20T15:25:00+00:00,342.71,343.77,342.14,343.72,826
2026-08-20T15:30:00+00:00,343.72,344.3,343.65,343.66,758
2026-08-20T15:35:00+00:00,343.66,344.23,343.58,343.85,666
2026-08-20T15:40:00+00:00,343.85,343.85,343.18,343.48,559
2026-08-20T15:45:00+00:00,343.48,344.76,343.48,344.28,725
2026-08-20T15:50:00+00:00,344.28,345.75,344,345.53,763
2026-08-20T15:55:00+00:00,345.53,345.89,344.98,345.63,635
2026-08-20T16:00:00+00:00,345.63,346.13,345.56,345.8,631
2026-08-20T16:05:00+00:00,345.8,345.92,345.1,345.34,665
2026-08-20T16:10:00+00:00,345.34,345.98,345.18,345.32,523
2026-08-20T16:15:00+00:00,345.32,345.59,344.75,344.95,506
2026-08-20T16:20:00+00:00,344.95,345.47,344.58,344.66,511
2026-08-20T16:25:00+00:00,344.66,344.95,344.45,344.63,538
2026-08-20T16:30:00+00:00,344.63,344.65,344.08,344.47,503
2026-08-20T16:35:00+00:00,344.47,344.75,344.28,344.62,325
2026-08-20T16:40:00+00:00,344.62,344.99,344.38,344.87,403
2026-08-20T16:45:00+00:00,344.87,345.24,343.94,344.12,464
2026-08-20T16:50:00+00:00,344.12,344.45,343.44,343.58,450
2026-08-20T16:55:00+00:00,343.58,344.45,343.48,344.43,408
2026-08-20T17:00:00+00:00,344.43,344.72,343.98,344.13,407
2026-08-20T17:05:00+00:00,344.13,344.2,343.21,343.22,427
2026-08-20T17:10:00+00:00,343.22,343.58,343.18,343.31,373
2026-08-20T17:15:00+00:00,343.31,343.41,342.53,342.55,585
2026-08-20T17:20:00+00:00,342.55,342.87,342.38,342.66,438
2026-08-20T17:25:00+00:00,342.66,342.8,342.18,342.23,503
2026-08-20T17:30:00+00:00,342.23,342.53,341.99,342.11,446
2026-08-20T17:35:00+00:00,342.11,342.27,341.73,341.8,479
2026-08-20T17:40:00+00:00,341.8,341.87,341.61,341.73,349
2026-08-20T17:45:00+00:00,341.73,342.47,341.69,342.34,455
2026-08-20T17:50:00+00:00,342.34,342.65,342.22,342.23,426
2026-08-20T17:55:00+00:00,342.23,342.7,341.97,342.45,469
2026-08-20T18:00:00+00:00,342.45,342.54,342.06,342.16,401
2026-08-20T18:05:00+00:00,342.16,342.43,341.7,341.81,443
2026-08-20T18:10:00+00:00,341.81,341.82,341.37,341.67,421
2026-08-20T18:15:00+00:00,341.67,342.34,341.48,342.3,324
2026-08-20T18:20:00+00:00,342.3,342.93,342.28,342.78,433
2026-08-20T18:25:00+00:00,342.78,343.35,342.41,343.23,491
2026-08-20T18:30:00+00:00,343.23,343.43,342.96,343,403
2026-08-20T18:35:00+00:00,343,343.4,342.93,342.93,453
2026-08-20T18:40:00+00:00,342.93,343.48,342.85,343.26,396
2026-08-20T18:45:00+00:00,343.26,343.61,343.04,343.54,423
2026-08-20T18:50:00+00:00,343.54,343.75,343.13,343.19,485
2026-08-20T18:55:00+00:00,343.19,343.48,343.07,343.07,321
2026-08-20T19:00:00+00:00,343.07,343.59,342.81,343.21,433
2026-08-20T19:05:00+00:00,343.21,343.27,342.79,343.06,430
2026-08-20T19:10:00+00:00,343.06,343.18,342.73,342.79,328
2026-08-20T19:15:00+00:00,342.79,343.15,342.39,342.47,335
2026-08-20T19:20:00+00:00,342.47,343.37,342.39,343.18,371
2026-08-20T19:25:00+00:00,343.18,343.38,342.72,343.21,369
2026-08-20T19:30:00+00:00,343.21,343.77,342.98,343.16,467
2026-08-20T19:35:00+00:00,343.16,343.81,343.01,343.48,449
2026-08-20T19:40:00+00:00,343.48,343.97,343.27,343.45,396
2026-08-20T19:45:00+00:00,343.45,343.61,342.92,343.44,525
2026-08-20T19:50:00+00:00,343.44,344.13,342.83,343.22,741
2026-08-20T19:55:00+00:00,343.22,345.33,342.92,345.09,1387
2026-08-21T13:30:00+00:00,345.09,351.22,345.09,347.5,2093
2026-08-21T13:35:00+00:00,347.5,349.06,347.48,348.99,1689
2026-08-21T13:40:00+00:00,348.99,350.29,348.22,348.75,1716
2026-08-21T13:45:00+00:00,348.75,350.25,347.86,350.23,1729
2026-08-21T13:50:00+00:00,350.23,351.53,348.85,349.99,1830
2026-08-21T13:55:00+00:00,349.99,354.66,349.66,354.13,2001
2026-08-21T14:00:00+00:00,354.13,356.48,352.6,356.46,2386
2026-08-21T14:05:00+00:00,356.46,359.55,356.37,358.58,2389
2026-08-21T14:10:00+00:00,358.58,359.63,357.19,357.53,2323
2026-08-21T14:15:00+00:00,357.53,358.91,357.39,357.91,2101
2026-08-21T14:20:00+00:00,357.91,358.21,355.41,357.63,2193
2026-08-21T14:25:00+00:00,357.63,361.48,357.45,359.54,2008
2026-08-21T14:30:00+00:00,359.54,361.13,357.54,357.56,1493
2026-08-21T14:35:00+00:00,357.56,357.8,355.16,355.2,1318
2026-08-21T14:40:00+00:00,355.2,356.34,355.18,356.13,965
2026-08-21T14:45:00+00:00,356.13,357.85,356.13,357.22,1078
2026-08-21T14:50:00+00:00,357.22,358.5,357.08,358.09,902
2026-08-21T14:55:00+00:00,358.09,361.26,358.07,360.22999999999996,1345
2026-08-21T15:00:00+00:00,360.87,363.17,360.31,362.95,1354
2026-08-21T15:05:00+00:00,362.95,363.93,362.18,362.19,1481
2026-08-21T15:10:00+00:00,362.19,362.66,361.42,361.67,1115
2026-08-21T15:15:00+00:00,361.67,361.9,360.29,360.44,1051
2026-08-21T15:20:00+00:00,360.44,360.75,358.38,358.38,911
2026-08-21T15:25:00+00:00,358.38,359.13,358.21,358.81,936
2026-08-21T15:30:00+00:00,358.81,359.79,358.43,359.66,750
2026-08-21T15:35:00+00:00,359.66,361.53,359.66,361.47,887
2026-08-21T15:40:00+00:00,361.47,363.7,361.12,363.3,1082
2026-08-21T15:45:00+00:00,363.3,363.78,361.46,362.03,1159
2026-08-21T15:50:00+00:00,362.03,364.31,362,362.64,1062
2026-08-21T15:55:00+00:00,362.64,362.98,361.34,362.37,831
2026-08-21T16:00:00+00:00,362.37,362.59,361.13,361.22,715
2026-08-21T16:05:00+00:00,361.22,361.85,360.66,360.74,643
2026-08-21T16:10:00+00:00,360.74,362.21,360.73,362.01,670
2026-08-21T16:15:00+00:00,362.01,363.26,361.91,362.67,746
2026-08-21T16:20:00+00:00,362.67,363.6,361.93,363.28,991
2026-08-21T16:25:00+00:00,363.28,363.78,362.68,363.2,654
2026-08-21T16:30:00+00:00,363.2,363.62,362.83,363.33,696
2026-08-21T16:35:00+00:00,363.33,363.49,363.1,363.43,582
2026-08-21T16:40:00+00:00,363.43,363.54,363.1,363.25,547
2026-08-21T16:45:00+00:00,363.25,364.11,363.16,363.94,666
2026-08-21T16:50:00+00:00,363.94,364.2,363.38,363.95,731
2026-08-21T16:55:00+00:00,363.95,364.76,363.68,364.11,821
2026-08-21T17:00:00+00:00,364.11,364.85,363.68,363.68,801
2026-08-21T17:05:00+00:00,363.68,364.75,363.21,363.22,861
2026-08-21T17:10:00+00:00,363.22,363.75,362.79,363.39,766
2026-08-21T17:15:00+00:00,363.39,363.79,363.11,363.38,688
2026-08-21T17:20:00+00:00,363.38,364.16,363.24,363.5,743
2026-08-21T17:25:00+00:00,363.5,363.71,362.79,363.42,640
2026-08-21T17:30:00+00:00,363.42,363.66,363.18,363.51,586
2026-08-21T17:35:00+00:00,363.51,364.37,363.38,363.73,668
2026-08-21T17:40:00+00:00,363.73,363.79,363.01,363.16,527
2026-08-21T17:45:00+00:00,363.16,363.48,362.8,362.93,491
2026-08-21T17:50:00+00:00,362.93,363.31,362.58,362.74,573
2026-08-21T17:55:00+00:00,362.74,363.21,362.39,362.5,656
2026-08-21T18:00:00+00:00,362.5,363.23,362.39,363.08,539
2026-08-21T18:05:00+00:00,363.08,363.66,363,363.17,574
2026-08-21T18:10:00+00:00,363.17,363.57,362.88,363.22,508
2026-08-21T18:15:00+00:00,363.22,363.61,363.02,363.49,493
2026-08-21T18:20:00+00:00,363.49,364.58,363.41,363.65,591
2026-08-21T18:25:00+00:00,363.65,364.4,363.46,364.16,594
2026-08-21T18:30:00+00:00,364.16,364.43,363.88,364.12,605
2026-08-21T18:35:00+00:00,364.12,364.47,363.79,364.36,579
2026-08-21T18:40:00+00:00,364.36,364.72,363.62,363.86,626
2026-08-21T18:45:00+00:00,363.86,364.53,363.65,364.53,561
2026-08-21T18:50:00+00:00,364.53,365.23,364.48,364.95,691
2026-08-21T18:55:00+00:00,364.95,365.17,363.98,364.29,651
2026-08-21T19:00:00+00:00,364.29,365.15,364.15,364.19,562
2026-08-21T19:05:00+00:00,364.19,365.83,364.17,365.76,688
2026-08-21T19:10:00+00:00,365.76,365.85,363.88,363.9,679
2026-08-21T19:15:00+00:00,363.9,363.96,362.78,363.38,657
2026-08-21T19:20:00+00:00,363.38,364.42,363.08,364.3,591
2026-08-21T19:25:00+00:00,364.3,365.28,363.88,363.89,583
2026-08-21T19:30:00+00:00,363.89,365.32,363.79,364.94,630
2026-08-21T19:35:00+00:00,364.94,366.34,364.72,366.09,545
2026-08-21T19:40:00+00:00,366.09,366.09,364.24,364.77,668
2026-08-21T19:45:00+00:00,364.77,365.34,364.48,364.87,599
2026-08-21T19:50:00+00:00,364.87,364.88,362.88,362.9,852
2026-08-21T19:55:00+00:00,362.9,363.3,361.4,362.96,1346
2026-08-24T13:30:00+00:00,362.96,362.96,354.66,355.04,1505
2026-08-24T13:35:00+00:00,355.04,355.23,352.74,353.46,1521
2026-08-24T13:40:00+00:00,353.46,354.15,352.4,352.4,1391
2026-08-24T13:45:00+00:00,352.4,354.13,351.43,352.93,1408
2026-08-24T13:50:00+00:00,352.93,353.38,352.29,352.93,1213
2026-08-24T13:55:00+00:00,352.93,354.21,352.78,353.78,1108
2026-08-24T14:00:00+00:00,353.78,353.85,352.49,353.23,889
2026-08-24T14:05:00+00:00,353.23,354.28,353.02,353.61,894
2026-08-24T14:10:00+00:00,353.61,354.29,353.28,353.61,868
2026-08-24T14:15:00+00:00,353.61,354.49,353.38,354.06,885
2026-08-24T14:20:00+00:00,354.06,354.84,353.9,354.19,990
2026-08-24T14:25:00+00:00,354.19,354.55,353.42,354.23,837
2026-08-24T14:30:00+00:00,354.23,356.65,354.01,356.59,1105
2026-08-24T14:35:00+00:00,356.59,357.93,356.46,357.66,1172
2026-08-24T14:40:00+00:00,357.66,358.19,357.25,358.08,897
2026-08-24T14:45:00+00:00,358.08,358.25,356.7,357.62,962
2026-08-24T14:50:00+00:00,357.62,358.08,356.94,357.8,711
2026-08-24T14:55:00+00:00,357.8,358.54,357.68,358.03,771
2026-08-24T15:00:00+00:00,358.03,358.49,357.28,357.75,702
2026-08-24T15:05:00+00:00,357.75,358.02,356.98,357.21,685
2026-08-24T15:10:00+00:00,357.21,358.34,356.8,357.9,683
2026-08-24T15:15:00+00:00,357.9,358.13,357.59,357.82,426
2026-08-24T15:20:00+00:00,357.82,358.06,356.8,357.43,588
2026-08-24T15:25:00+00:00,357.43,357.77,356.77,357.29,847
2026-08-24T15:30:00+00:00,357.29,357.42,356.33,356.74,857
2026-08-24T15:35:00+00:00,356.74,356.79,355.69,356.46,721
2026-08-24T15:40:00+00:00,356.46,357.35,356.4,357.27,671
2026-08-24T15:45:00+00:00,357.27,358.07,356.5,356.5,599
2026-08-24T15:50:00+00:00,356.5,356.96,356.14,356.44,568
2026-08-24T15:55:00+00:00,356.44,356.44,355.25,355.88,646
2026-08-24T16:00:00+00:00,355.88,356.08,355.39,355.77,706
2026-08-24T16:05:00+00:00,355.77,356.06,355.49,355.85,477
2026-08-24T16:10:00+00:00,355.85,356.1,355.68,355.82,451
2026-08-24T16:15:00+00:00,355.82,356.63,355.8,356.47,607
2026-08-24T16:20:00+00:00,356.47,356.97,356.28,356.49,492
2026-08-24T16:25:00+00:00,356.49,357.15,356.43,356.8,461
2026-08-24T16:30:00+00:00,356.8,356.96,356.3,356.6,446
2026-08-24T16:35:00+00:00,356.6,356.6,354.97,355.19,571
2026-08-24T16:40:00+00:00,355.19,355.19,354.51,354.62,546
2026-08-24T16:45:00+00:00,354.62,355.08,354.51,354.87,465
2026-08-24T16:50:00+00:00,354.87,354.88,354.41,354.6,392
2026-08-24T16:55:00+00:00,354.6,354.99,354.18,354.97,513
2026-08-24T17:00:00+00:00,354.97,355.27,354.61,355.08,463
2026-08-24T17:05:00+00:00,355.08,355.91,354.97,355.74,525
2026-08-24T17:10:00+00:00,355.74,356.18,355.58,355.81,569
2026-08-24T17:15:00+00:00,355.81,356.19,355.22,355.83,584
2026-08-24T17:20:00+00:00,355.83,356.38,355.71,355.88,525
2026-08-24T17:25:00+00:00,355.88,356.79,355.46,356.4,706
2026-08-24T17:30:00+00:00,356.4,356.65,354.95,355.08,646
2026-08-24T17:35:00+00:00,355.08,355.56,354.93,355.28,420
2026-08-24T17:40:00+00:00,355.28,355.38,354.5,354.61,510
2026-08-24T17:45:00+00:00,354.61,354.7,353.76,353.77,602
2026-08-24T17:50:00+00:00,353.77,354.13,353.4,353.62,589
2026-08-24T17:55:00+00:00,353.62,353.92,353.51,353.72,468
2026-08-24T18:00:00+00:00,353.72,354.1,353.6,353.8,482
2026-08-24T18:05:00+00:00,353.8,354.55,353.8,354.42,468
2026-08-24T18:10:00+00:00,354.42,354.46,353.97,354.19,398
2026-08-24T18:15:00+00:00,354.19,354.45,353.2,353.21,538
2026-08-24T18:20:00+00:00,353.21,353.7,352.93,352.99,586
2026-08-24T18:25:00+00:00,352.99,353.06,352.6,352.99,609
2026-08-24T18:30:00+00:00,352.99,353.39,352.79,352.93,561
2026-08-24T18:35:00+00:00,352.93,352.97,352.44,352.69,506
2026-08-24T18:40:00+00:00,352.69,352.77,352.32,352.44,434
2026-08-24T18:45:00+00:00,352.44,352.59,351.15,351.17,673
2026-08-24T18:50:00+00:00,351.17,351.27,349.95,349.99,821
2026-08-24T18:55:00+00:00,349.99,350,348.48,348.58,911
2026-08-24T19:00:00+00:00,348.58,348.98,348.15,348.35,839
2026-08-24T19:05:00+00:00,348.35,349.33,348.33,349.17,693
2026-08-24T19:10:00+00:00,349.17,350.6,348.99,349.51,679
2026-08-24T19:15:00+00:00,349.51,350.4,349.13,350.15,526
2026-08-24T19:20:00+00:00,350.15,350.55,349.78,350.38,486
2026-08-24T19:25:00+00:00,350.38,351.12,350.29,351.07,541
2026-08-24T19:30:00+00:00,351.07,351.48,350.27,350.4,591
2026-08-24T19:35:00+00:00,350.4,350.5,349.43,349.48,514
2026-08-24T19:40:00+00:00,349.48,349.75,348.57,348.68,714
2026-08-24T19:45:00+00:00,348.68,349.1,348.26,349.07,604
2026-08-24T19:50:00+00:00,349.07,350.23,349.01,350.16,707
2026-08-24T19:55:00+00:00,350.16,350.33,348.6,349.12,1178
2026-08-25T13:30:00+00:00,349.12,351.8,349.08,349.1,1151
2026-08-25T13:35:00+00:00,349.1,350.85,349.09,350.58,1008
2026-08-25T13:40:00+00:00,350.58,352.11,350.42,351.62,1236
2026-08-25T13:45:00+00:00,351.62,352.99,351.38,351.9,1209
2026-08-25T13:50:00+00:00,351.9,352.72,351.18,351.98,1155
2026-08-25T13:55:00+00:00,351.98,352.78,350.74,351.02,991
2026-08-25T14:00:00+00:00,351.02,351.93,350.73,351.9,1024
2026-08-25T14:05:00+00:00,351.9,353.3,351.07,352.26,1189
2026-08-25T14:10:00+00:00,352.26,353.1,350.14,350.16,1131
2026-08-25T14:15:00+00:00,350.16,351.96,349.95,350.2,913
2026-08-25T14:20:00+00:00,350.2,352.65,350.01,352.45,934
2026-08-25T14:25:00+00:00,352.45,353.06,350.93,351.01,927
2026-08-25T14:30:00+00:00,351.01,352.5,349.9,351.32,1019
2026-08-25T14:35:00+00:00,351.32,352.75,351.32,352.58,755
2026-08-25T14:40:00+00:00,352.58,352.65,351.28,351.85,716
2026-08-25T14:45:00+00:00,351.85,351.88,350.08,350.25,801
2026-08-25T14:50:00+00:00,350.25,350.89,349.89,350.4,701
2026-08-25T14:55:00+00:00,350.4,351.07,349.89,350.85,552
2026-08-25T15:00:00+00:00,350.85,350.91,349.89,350.02,678
2026-08-25T15:05:00+00:00,350.02,350.72,349.69,350.71,638
2026-08-25T15:10:00+00:00,350.71,351.77,350.69,351.69,626
2026-08-25T15:15:00+00:00,351.69,352.34,351.68,351.99,659
2026-08-25T15:20:00+00:00,351.99,352.98,351.97,352.45,689
2026-08-25T15:25:00+00:00,352.45,354.36,352.33,354.24,892
2026-08-25T15:30:00+00:00,354.24,354.73,353.12,353.78,1007
2026-08-25T15:35:00+00:00,353.78,354.19,352.54,352.9,730
2026-08-25T15:40:00+00:00,352.9,352.92,351.68,352.21,797
2026-08-25T15:45:00+00:00,352.21,352.21,351.28,351.41,726
2026-08-25T15:50:00+00:00,351.41,353.39,351.08,353.28,623
2026-08-25T15:55:00+00:00,353.28,353.79,353.22,353.34,553
2026-08-25T16:00:00+00:00,353.34,354.18,353.33,353.83,550
2026-08-25T16:05:00+00:00,353.83,353.97,353.41,353.83,471
2026-08-25T16:10:00+00:00,353.83,354.32,353.18,353.75,563
2026-08-25T16:15:00+00:00,353.75,354.31,353.73,353.9,574
2026-08-25T16:20:00+00:00,353.9,353.98,353.55,353.96,443
2026-08-25T16:25:00+00:00,353.96,354.32,353.82,354.27,357
2026-08-25T16:30:00+00:00,354.27,354.67,354.26,354.48,399
2026-08-25T16:35:00+00:00,354.48,355.2,354.2,355.16,553
2026-08-25T16:40:00+00:00,355.16,355.16,354.38,354.4,471
2026-08-25T16:45:00+00:00,354.4,356.15,354.38,356.07,647
2026-08-25T16:50:00+00:00,356.07,356.54,355.6,356.19,467
2026-08-25T16:55:00+00:00,356.19,356.73,355.98,355.99,284
2026-08-25T17:00:00+00:00,355.99,356.2,353.97,354.12,666
2026-08-25T17:05:00+00:00,354.12,354.44,352.64,352.79,772
2026-08-25T17:10:00+00:00,352.79,352.8,351.79,352.38,875
2026-08-25T17:15:00+00:00,352.38,352.42,351.75,352.22,628
2026-08-25T17:20:00+00:00,352.22,353.3,352.21,352.91,646
2026-08-25T17:25:00+00:00,352.91,353.36,352.59,353.34,434
2026-08-25T17:30:00+00:00,353.34,353.66,352.85,353.61,472
2026-08-25T17:35:00+00:00,353.61,353.61,352.73,353.08,456
2026-08-25T17:40:00+00:00,353.08,353.19,352.83,352.85,339
2026-08-25T17:45:00+00:00,352.85,353.47,352.79,353.39,306
2026-08-25T17:50:00+00:00,353.39,353.52,353.11,353.32,361
2026-08-25T17:55:00+00:00,353.32,353.33,352.88,353.13,332
2026-08-25T18:00:00+00:00,353.13,353.43,352.91,353.1,301
2026-08-25T18:05:00+00:00,353.1,353.18,352.63,352.79,357
2026-08-25T18:10:00+00:00,352.79,352.93,352.64,352.78,267
2026-08-25T18:15:00+00:00,352.78,353.02,352.13,352.17,373
2026-08-25T18:20:00+00:00,352.17,352.34,351.93,351.96,368
2026-08-25T18:25:00+00:00,351.96,351.96,351.4,351.7,435
2026-08-25T18:30:00+00:00,351.7,352.05,351.5,351.95,384
2026-08-25T18:35:00+00:00,351.95,352.05,351.57,351.91,322
2026-08-25T18:40:00+00:00,351.91,352.06,351.6,351.83,301
2026-08-25T18:45:00+00:00,351.83,352.57,351.78,352.54,383
2026-08-25T18:50:00+00:00,352.54,353.16,352.37,353.02,457
2026-08-25T18:55:00+00:00,353.02,353.55,352.88,352.92,521
2026-08-25T19:00:00+00:00,352.92,353.45,352.49,352.83,429
2026-08-25T19:05:00+00:00,352.83,352.97,351.88,352.09,366
2026-08-25T19:10:00+00:00,352.09,352.23,351.7,351.86,315
2026-08-25T19:15:00+00:00,351.86,351.98,351.68,351.76,287
2026-08-25T19:20:00+00:00,351.76,351.76,351.28,351.55,347
2026-08-25T19:25:00+00:00,351.55,351.58,351.26,351.26,310
2026-08-25T19:30:00+00:00,351.26,351.79,351.23,351.73,314
2026-08-25T19:35:00+00:00,351.73,351.76,351.35,351.53,295
2026-08-25T19:40:00+00:00,351.53,352.14,350.79,351,474
2026-08-25T19:45:00+00:00,351,351.44,350.58,351.19,476
2026-08-25T19:50:00+00:00,351.19,351.19,349.98,350.1,626
2026-08-25T19:55:00+00:00,350.1,350.47,349.78,350.3,956
2026-08-26T13:30:00+00:00,350.3,350.3,342.39,343.56,1221
2026-08-26T13:35:00+00:00,343.56,346.35,342.48,346.35,1155
2026-08-26T13:40:00+00:00,346.35,349.02,346.11,348.34,1387
2026-08-26T13:45:00+00:00,348.34,351.74,348.13,348.58,1457
2026-08-26T13:50:00+00:00,348.58,348.8,346.4,348.03,1226
2026-08-26T13:55:00+00:00,348.03,349.16,347.48,348.75,659
2026-08-26T14:00:00+00:00,348.75,348.83,347.53,348.13,696
2026-08-26T14:05:00+00:00,348.13,348.67,347.84,347.97,638
2026-08-26T14:10:00+00:00,347.97,348.92,347.91,348.76,648
2026-08-26T14:15:00+00:00,348.76,349.45,348.27,348.95,623
2026-08-26T14:20:00+00:00,348.95,349.02,346.56,346.56,748
2026-08-26T14:25:00+00:00,346.56,346.76,345.4,346.09,955
2026-08-26T14:30:00+00:00,346.09,346.85,345.88,345.97,719
2026-08-26T14:35:00+00:00,345.97,347.01,345.68,346.32,621
2026-08-26T14:40:00+00:00,346.32,346.54,345.56,345.59,582
2026-08-26T14:45:00+00:00,345.59,345.69,344.63,344.72,649
2026-08-26T14:50:00+00:00,344.72,344.82,343.69,343.72,803
2026-08-26T14:55:00+00:00,343.72,343.9,342.64,342.68999999999994,794
2026-08-26T15:00:00+00:00,343.34,344.21,343.26,344.15,742
2026-08-26T15:05:00+00:00,344.15,345.12,344.03,344.68,692
2026-08-26T15:10:00+00:00,344.68,345,344.24,344.26,699
2026-08-26T15:15:00+00:00,344.26,344.4,343.77,343.9,554
2026-08-26T15:20:00+00:00,343.9,344.2,343.5,344.09,540
2026-08-26T15:25:00+00:00,344.09,344.18,342.93,343.66,725
2026-08-26T15:30:00+00:00,343.66,343.85,343.08,343.3,620
2026-08-26T15:35:00+00:00,343.3,343.7,343.15,343.46,565
2026-08-26T15:40:00+00:00,343.46,344.09,343.42,343.96,525
2026-08-26T15:45:00+00:00,343.96,344.28,343.69,344.1,533
2026-08-26T15:50:00+00:00,344.1,344.29,343.45,344.07,639
2026-08-26T15:55:00+00:00,344.07,344.69,343.93,344.21,523
2026-08-26T16:00:00+00:00,344.21,344.24,343.28,344.14,639
2026-08-26T16:05:00+00:00,344.14,344.55,343.51,343.83,515
2026-08-26T16:10:00+00:00,343.83,344.24,343.53,343.99,407
2026-08-26T16:15:00+00:00,343.99,344.25,343.65,344.23,413
2026-08-26T16:20:00+00:00,344.23,344.24,343.48,343.62,368
2026-08-26T16:25:00+00:00,343.62,344.02,343.38,343.96,417
2026-08-26T16:30:00+00:00,343.96,344.76,343.88,344.57,474
2026-08-26T16:35:00+00:00,344.57,344.85,344.08,344.15,522
2026-08-26T16:40:00+00:00,344.15,344.47,343.87,344.47,410
2026-08-26T16:45:00+00:00,344.47,344.91,344.32,344.59,482
2026-08-26T16:50:00+00:00,344.59,344.8,344.28,344.54,418
2026-08-26T16:55:00+00:00,344.54,345.14,344.38,344.94,395
2026-08-26T17:00:00+00:00,344.94,345.37,344.92,345.17,420
2026-08-26T17:05:00+00:00,345.17,345.77,344.92,345.29,503
2026-08-26T17:10:00+00:00,345.29,345.35,344.62,344.9,495
2026-08-26T17:15:00+00:00,344.9,345.65,344.89,345.55,364
2026-08-26T17:20:00+00:00,345.55,346.7,345.53,346.4,610
2026-08-26T17:25:00+00:00,346.4,346.74,345.88,346.59,570
2026-08-26T17:30:00+00:00,346.59,346.81,346.32,346.5,460
2026-08-26T17:35:00+00:00,346.5,346.58,346.18,346.37,369
2026-08-26T17:40:00+00:00,346.37,346.72,346.36,346.55,432
2026-08-26T17:45:00+00:00,346.55,346.65,346.03,346.05,424
2026-08-26T17:50:00+00:00,346.05,346.65,346.03,346.48,431
2026-08-26T17:55:00+00:00,346.48,346.71,346.33,346.49,314
2026-08-26T18:00:00+00:00,346.49,346.55,345.63,345.67,322
2026-08-26T18:05:00+00:00,345.67,345.87,345.3,345.36,421
2026-08-26T18:10:00+00:00,345.36,345.62,344.38,344.39,532
2026-08-26T18:15:00+00:00,344.39,345.12,344.32,344.79,443
2026-08-26T18:20:00+00:00,344.79,345.15,344.53,344.57,376
2026-08-26T18:25:00+00:00,344.57,344.86,344.53,344.6,348
2026-08-26T18:30:00+00:00,344.6,345.73,344.58,345.56,393
2026-08-26T18:35:00+00:00,345.56,345.65,345.22,345.43,345
2026-08-26T18:40:00+00:00,345.43,345.77,345.28,345.51,325
2026-08-26T18:45:00+00:00,345.51,346.04,345.47,346,360
2026-08-26T18:50:00+00:00,346,346.22,345.76,346.18,357
2026-08-26T18:55:00+00:00,346.18,346.27,345.88,345.9,320
2026-08-26T19:00:00+00:00,345.9,347.28,345.88,347.21,514
2026-08-26T19:05:00+00:00,347.21,347.3,346.65,346.66,412
2026-08-26T19:10:00+00:00,346.66,346.8,345.43,345.68,368
2026-08-26T19:15:00+00:00,345.68,345.92,345.13,345.38,467
2026-08-26T19:20:00+00:00,345.38,345.41,344.83,344.88,447
2026-08-26T19:25:00+00:00,344.88,345.7,344.88,345.45,402
2026-08-26T19:30:00+00:00,345.45,346.42,345.45,346.42,448
2026-08-26T19:35:00+00:00,346.42,346.48,345.52,345.58,400
2026-08-26T19:40:00+00:00,345.58,345.74,345.13,345.7,283
2026-08-26T19:45:00+00:00,345.7,346.46,345.64,346.46,381
2026-08-26T19:50:00+00:00,346.46,346.73,345.61,345.86,472
2026-08-26T19:55:00+00:00,345.86,346.23,345.1,345.84,739
2026-08-27T13:30:00+00:00,345.84,347.87,344.88,347.2,1094
2026-08-27T13:35:00+00:00,347.2,348.37,345.9,348.05,1569
2026-08-27T13:40:00+00:00,348.05,350.52,347.98,350.46,1663
2026-08-27T13:45:00+00:00,350.46,352.27,347.38,347.81,1902
2026-08-27T13:50:00+00:00,347.81,350.77,347.75,350.44,1680
2026-08-27T13:55:00+00:00,350.44,350.78,349,349.92,1524
2026-08-27T14:00:00+00:00,349.92,350.44,349.03,349.68,1394
2026-08-27T14:05:00+00:00,349.68,351.19,349.43,350.13,1228
2026-08-27T14:10:00+00:00,350.13,352.01,349.98,351.51,971
2026-08-27T14:15:00+00:00,351.51,352.45,350.63,350.65,1172
2026-08-27T14:20:00+00:00,350.65,351.94,350.28,351.94,975
2026-08-27T14:25:00+00:00,351.94,353.23,351.78,352.3,1195
2026-08-27T14:30:00+00:00,352.3,352.66,351.75,352.4,896
2026-08-27T14:35:00+00:00,352.4,354.77,352.4,353.16,1163
2026-08-27T14:40:00+00:00,353.16,353.43,351.73,351.89,1034
2026-08-27T14:45:00+00:00,351.89,351.9,350.38,351.42,937
2026-08-27T14:50:00+00:00,351.42,352.4,351.35,351.74,855
2026-08-27T14:55:00+00:00,351.74,353.61,351.24,353.54,828
2026-08-27T15:00:00+00:00,353.54,353.62,352.33,352.34,1045
2026-08-27T15:05:00+00:00,352.34,352.92,351.88,352.67,785
2026-08-27T15:10:00+00:00,352.67,353.17,352.38,352.97,659
2026-08-27T15:15:00+00:00,352.97,353.25,352.6,352.9,648
2026-08-27T15:20:00+00:00,352.9,353.11,352.46,352.47,538
2026-08-27T15:25:00+00:00,352.47,352.56,351.88,352.13,645
2026-08-27T15:30:00+00:00,352.13,352.95,351.95,352.33,638
2026-08-27T15:35:00+00:00,352.33,352.37,351.39,351.59,763
2026-08-27T15:40:00+00:00,351.59,351.83,350.99,351.08,728
2026-08-27T15:45:00+00:00,351.08,351.21,350.53,350.89,609
2026-08-27T15:50:00+00:00,350.89,352.25,350.87,352.09,580
2026-08-27T15:55:00+00:00,352.09,352.49,351.34,352.31,557
2026-08-27T16:00:00+00:00,352.31,352.64,351.89,351.99,531
2026-08-27T16:05:00+00:00,351.99,352.72,351.91,352.26,491
2026-08-27T16:10:00+00:00,352.26,352.53,351.97,352.05,429
2026-08-27T16:15:00+00:00,352.05,352.39,351.98,352.23,320
2026-08-27T16:20:00+00:00,352.23,352.5,351.88,352.22,476
2026-08-27T16:25:00+00:00,352.22,352.79,352.22,352.77,322
2026-08-27T16:30:00+00:00,352.77,353.07,352.52,352.79,424
2026-08-27T16:35:00+00:00,352.79,353.07,352.56,352.81,415
2026-08-27T16:40:00+00:00,352.81,353.28,352.73,353.23,406
2026-08-27T16:45:00+00:00,353.23,353.26,352.43,352.83,357
2026-08-27T16:50:00+00:00,352.83,354.49,352.79,354.49,470
2026-08-27T16:55:00+00:00,354.49,354.57,352.74,353.72,607
2026-08-27T17:00:00+00:00,353.72,355.07,353.5,354.29,794
2026-08-27T17:05:00+00:00,354.29,354.43,353.88,354.24,627
2026-08-27T17:10:00+00:00,354.24,355.24,354.14,354.94,452
2026-08-27T17:15:00+00:00,354.94,355.49,354.64,354.9,698
2026-08-27T17:20:00+00:00,354.9,354.91,353.57,353.65,482
2026-08-27T17:25:00+00:00,353.65,354.09,353.56,354.01,525
2026-08-27T17:30:00+00:00,354.01,354.47,353.81,353.98,535
2026-08-27T17:35:00+00:00,353.98,354.33,353.9,354.1,315
2026-08-27T17:40:00+00:00,354.1,354.54,354.04,354.2,333
2026-08-27T17:45:00+00:00,354.2,354.47,353.98,353.98,405
2026-08-27T17:50:00+00:00,353.98,354.39,353.48,354.04,476
2026-08-27T17:55:00+00:00,354.04,354.15,353.81,354,369
2026-08-27T18:00:00+00:00,354,354.05,353.38,353.61,464
2026-08-27T18:05:00+00:00,353.61,354.08,353.57,353.7,481
2026-08-27T18:10:00+00:00,353.7,353.75,353.03,353.5,461
2026-08-27T18:15:00+00:00,353.5,354.01,353.28,353.78,427
2026-08-27T18:20:00+00:00,353.78,353.96,353.38,353.67,404
2026-08-27T18:25:00+00:00,353.67,353.98,353.21,353.97,623
2026-08-27T18:30:00+00:00,353.97,355.17,353.83,354.71,732
2026-08-27T18:35:00+00:00,354.71,355.36,354.58,355.11,559
2026-08-27T18:40:00+00:00,355.11,355.41,354.73,355.3,513
2026-08-27T18:45:00+00:00,355.3,355.58,355.03,355.03,500
2026-08-27T18:50:00+00:00,355.03,355.41,354.33,354.34,489
2026-08-27T18:55:00+00:00,354.34,355.54,354.24,354.89,542
2026-08-27T19:00:00+00:00,354.89,355.15,354.32,354.97,468
2026-08-27T19:05:00+00:00,354.97,355.2,354.58,354.75,453
2026-08-27T19:10:00+00:00,354.75,355.13,354.48,354.53,377
2026-08-27T19:15:00+00:00,354.53,354.79,354.28,354.65,392
2026-08-27T19:20:00+00:00,354.65,354.78,353.99,353.99,405
2026-08-27T19:25:00+00:00,353.99,354.33,353.58,354,453
2026-08-27T19:30:00+00:00,354,355.11,353.8,354.33,614
2026-08-27T19:35:00+00:00,354.33,354.69,353.69,354.69,520
2026-08-27T19:40:00+00:00,354.69,354.69,353.92,354.52,423
2026-08-27T19:45:00+00:00,354.52,354.75,354.33,354.63,502
2026-08-27T19:50:00+00:00,354.63,355.36,354.38,354.87,773
2026-08-27T19:55:00+00:00,354.87,355.34,353.88,354.35,1160
2026-08-28T13:30:00+00:00,354.35,358.35,354.35,357.14,1406
2026-08-28T13:35:00+00:00,357.14,358.58,355.58,355.95,1435
2026-08-28T13:40:00+00:00,355.95,357.6,355.78,356,841
2026-08-28T13:45:00+00:00,356,356.96,355.13,355.67,866
2026-08-28T13:50:00+00:00,355.67,355.81,354.49,355.22,955
2026-08-28T13:55:00+00:00,355.22,355.79,354.48,354.5,737
2026-08-28T14:00:00+00:00,354.5,355.49,353.13,353.61,1019
2026-08-28T14:05:00+00:00,353.61,353.61,352.28,352.79,1110
2026-08-28T14:10:00+00:00,352.79,353.24,351.02,351.78,1183
2026-08-28T14:15:00+00:00,351.78,352.69,351.38,352.4,1141
2026-08-28T14:20:00+00:00,352.4,352.99,351.75,352.18,1097
2026-08-28T14:25:00+00:00,352.18,352.46,351.39,352.31,955
2026-08-28T14:30:00+00:00,352.31,352.93,351.99,352.6,1060
2026-08-28T14:35:00+00:00,352.6,353.28,352.39,352.65,876
2026-08-28T14:40:00+00:00,352.65,353.03,352.08,352.29,798
2026-08-28T14:45:00+00:00,352.29,352.98,351.88,352.97,718
2026-08-28T14:50:00+00:00,352.97,353.83,352.89,353.82,890
2026-08-28T14:55:00+00:00,353.82,354.24,352.84999999999997,353.21999999999997,886
2026-08-28T15:00:00+00:00,354.05,354.53,353.73,354.06,779
2026-08-28T15:05:00+00:00,354.06,354.14,353.03,353.41,732
2026-08-28T15:10:00+00:00,353.41,354.05,353.31,353.6,596
2026-08-28T15:15:00+00:00,353.6,353.86,353.12,353.17,670
2026-08-28T15:20:00+00:00,353.17,353.43,352.09,352.47,813
2026-08-28T15:25:00+00:00,352.47,353,352.06,352.08,697
2026-08-28T15:30:00+00:00,352.08,352.61,351.53,351.89,699
2026-08-28T15:35:00+00:00,351.89,352.09,350.57,350.58,783
2026-08-28T15:40:00+00:00,350.58,350.66,349.55,349.69,990
2026-08-28T15:45:00+00:00,349.69,349.74,348.78,348.88,846
2026-08-28T15:50:00+00:00,348.88,349.05,347.9,348.91,1015
2026-08-28T15:55:00+00:00,348.91,348.97,348.07,348.31,909
2026-08-28T16:00:00+00:00,348.31,348.46,347.29,347.64,917
2026-08-28T16:05:00+00:00,347.64,348.86,347.4,348.76,811
2026-08-28T16:10:00+00:00,348.76,348.83,348.14,348.15,757
2026-08-28T16:15:00+00:00,348.15,348.26,347.27,347.5,748
2026-08-28T16:20:00+00:00,347.5,347.99,346.95,347.28,871
2026-08-28T16:25:00+00:00,347.28,347.44,346.93,347.21,828
2026-08-28T16:30:00+00:00,347.21,347.67,346.82,346.82,712
2026-08-28T16:35:00+00:00,346.82,348.13,346.82,347.98,737
2026-08-28T16:40:00+00:00,347.98,348.03,346.9,347.06,667
2026-08-28T16:45:00+00:00,347.06,347.91,346.98,347.57,580
2026-08-28T16:50:00+00:00,347.57,347.96,347.2,347.29,510
2026-08-28T16:55:00+00:00,347.29,347.4,346.82,346.84,460
2026-08-28T17:00:00+00:00,346.84,346.84,345.84,346.39,807
2026-08-28T17:05:00+00:00,346.39,346.39,345.89,346.2,675
2026-08-28T17:10:00+00:00,346.2,346.68,345.98,346.67,531
2026-08-28T17:15:00+00:00,346.67,346.85,346.37,346.68,511
2026-08-28T17:20:00+00:00,346.68,346.8,345.95,346.1,587
2026-08-28T17:25:00+00:00,346.1,346.48,345.99,346.07,493
2026-08-28T17:30:00+00:00,346.07,346.6,346.07,346.41,517
2026-08-28T17:35:00+00:00,346.41,346.76,346.18,346.18,521
2026-08-28T17:40:00+00:00,346.18,346.51,346.18,346.49,424
2026-08-28T17:45:00+00:00,346.49,346.79,346.24,346.72,508
2026-08-28T17:50:00+00:00,346.72,346.79,346.39,346.6,446
2026-08-28T17:55:00+00:00,346.6,347,346.38,346.93,452
2026-08-28T18:00:00+00:00,346.93,347,346.32,346.32,514
2026-08-28T18:05:00+00:00,346.32,346.7,346.23,346.49,471
2026-08-28T18:10:00+00:00,346.49,346.77,346.18,346.19,386
2026-08-28T18:15:00+00:00,346.19,346.46,346.06,346.27,485
2026-08-28T18:20:00+00:00,346.27,346.55,345.9,346.19,481
2026-08-28T18:25:00+00:00,346.19,346.81,345.99,346.37,492
2026-08-28T18:30:00+00:00,346.37,346.6,346.03,346.1,353
2026-08-28T18:35:00+00:00,346.1,346.18,345.51,345.58,501
2026-08-28T18:40:00+00:00,345.58,345.87,345.43,345.68,491
2026-08-28T18:45:00+00:00,345.68,345.9,345.19,345.28,545
2026-08-28T18:50:00+00:00,345.28,345.67,345.11,345.17,549
2026-08-28T18:55:00+00:00,345.17,345.46,344.99,345.38,507
2026-08-28T19:00:00+00:00,345.38,345.91,345.34,345.62,452
2026-08-28T19:05:00+00:00,345.62,346.62,345.62,346.49,441
2026-08-28T19:10:00+00:00,346.49,346.49,345.97,346.34,462
2026-08-28T19:15:00+00:00,346.34,346.65,346.1,346.53,421
2026-08-28T19:20:00+00:00,346.53,347.44,346.51,346.93,507
2026-08-28T19:25:00+00:00,346.93,347.6,346.93,347.56,481
2026-08-28T19:30:00+00:00,347.56,347.69,346.56,346.57,581
2026-08-28T19:35:00+00:00,346.57,347.24,346.27,347.21,493
2026-08-28T19:40:00+00:00,347.21,347.56,346.99,347.48,456
2026-08-28T19:45:00+00:00,347.48,347.59,347.04,347.36,439
2026-08-28T19:50:00+00:00,347.36,348.48,347.23,348.25,670
2026-08-28T19:55:00+00:00,348.25,349.63,347.82,348.44,1092
2026-08-31T13:30:00+00:00,348.44,354.73,346.75,352.25,1645
2026-08-31T13:35:00+00:00,352.25,353.95,351.22,353.58,1510
2026-08-31T13:40:00+00:00,353.58,355.7,353.37,355.58,1470
2026-08-31T13:45:00+00:00,355.58,359.59,355.55,359.22,1963
2026-08-31T13:50:00+00:00,359.22,360.82,358.34,360.16,2044
2026-08-31T13:55:00+00:00,360.16,360.93,358.62,359.87,1411
2026-08-31T14:00:00+00:00,359.87,360.97,359.78,360.38,1279
2026-08-31T14:05:00+00:00,360.38,361.18,359.88,360.52,1431
2026-08-31T14:10:00+00:00,360.52,361.77,359.94,360.67,1390
2026-08-31T14:15:00+00:00,360.67,362.85,360.24,361.54,1282
2026-08-31T14:20:00+00:00,361.54,362.61,361.08,361.65,1252
2026-08-31T14:25:00+00:00,361.65,364.66,361.56,363.4,1204
2026-08-31T14:30:00+00:00,363.4,364.63,362.59,363.66,1376
2026-08-31T14:35:00+00:00,363.66,365.63,363.02,363.06,1353
2026-08-31T14:40:00+00:00,363.06,365.49,362.63,364.93,1182
2026-08-31T14:45:00+00:00,364.93,365.33,363.5,363.69,962
2026-08-31T14:50:00+00:00,363.69,363.9,361.9,362.18,946
2026-08-31T14:55:00+00:00,362.18,363.75,361.73,363.59,1099
2026-08-31T15:00:00+00:00,363.59,364.8,363.4,364.31,1139
2026-08-31T15:05:00+00:00,364.31,365.05,364.15,364.42,953
2026-08-31T15:10:00+00:00,364.42,365.52,364.33,364.59,1017
2026-08-31T15:15:00+00:00,364.59,365.13,363.89,364.49,791
2026-08-31T15:20:00+00:00,364.49,364.83,363.4,363.64,849
2026-08-31T15:25:00+00:00,363.64,364.29,363.03,363.98,913
2026-08-31T15:30:00+00:00,363.98,363.99,362.83,363,930
2026-08-31T15:35:00+00:00,363,364.21,362.89,364.04,819
2026-08-31T15:40:00+00:00,364.04,365.07,363.54,364.79,955
2026-08-31T15:45:00+00:00,364.79,365.69,364.59,365.19,859
2026-08-31T15:50:00+00:00,365.19,367,365.18,366.93,1079
2026-08-31T15:55:00+00:00,366.93,366.95,365.16,365.27,940
2026-08-31T16:00:00+00:00,365.27,365.35,363.58,363.68,886
2026-08-31T16:05:00+00:00,363.68,365.03,363.2,364.83,885
2026-08-31T16:10:00+00:00,364.83,366.6,364.55,366.39,882
2026-08-31T16:15:00+00:00,366.39,366.54,365.96,366,753
2026-08-31T16:20:00+00:00,366,366.32,365.43,365.6,652
2026-08-31T16:25:00+00:00,365.6,365.78,364.39,364.97,720
2026-08-31T16:30:00+00:00,364.97,365.08,364.53,364.61,638
2026-08-31T16:35:00+00:00,364.61,365.2,364.11,364.52,533
2026-08-31T16:40:00+00:00,364.52,365.04,364.01,364.74,688
2026-08-31T16:45:00+00:00,364.74,365.35,364.38,365.3,526
2026-08-31T16:50:00+00:00,365.3,365.83,365.08,365.65,731
2026-08-31T16:55:00+00:00,365.65,366.28,365.5,365.94,654
2026-08-31T17:00:00+00:00,365.94,366.03,365.17,365.2,555
2026-08-31T17:05:00+00:00,365.2,365.86,365.04,365.59,561
2026-08-31T17:10:00+00:00,365.59,366.61,365.52,366.59,675
2026-08-31T17:15:00+00:00,366.59,367.25,365.9,366.33,828
2026-08-31T17:20:00+00:00,366.33,366.46,365.41,365.45,629
2026-08-31T17:25:00+00:00,365.45,365.57,364.8,365.04,624
2026-08-31T17:30:00+00:00,365.04,366.37,365.03,366.18,633
2026-08-31T17:35:00+00:00,366.18,367.14,366.16,366.85,747
2026-08-31T17:40:00+00:00,366.85,367.21,366.66,367.2,554
2026-08-31T17:45:00+00:00,367.2,367.65,367.16,367.48,686
2026-08-31T17:50:00+00:00,367.48,368.32,367.38,368.22,729
2026-08-31T17:55:00+00:00,368.22,368.38,367.54,368.13,700
2026-08-31T18:00:00+00:00,368.13,368.27,367.48,367.5,541
2026-08-31T18:05:00+00:00,367.5,368.11,366.92,367.07,721
2026-08-31T18:10:00+00:00,367.07,367.59,366.73,367.45,587
2026-08-31T18:15:00+00:00,367.45,368.11,367.38,367.41,538
2026-08-31T18:20:00+00:00,367.41,367.61,366.94,367.25,544
2026-08-31T18:25:00+00:00,367.25,367.64,366.96,367.29,518
2026-08-31T18:30:00+00:00,367.29,367.29,366.12,366.13,665
2026-08-31T18:35:00+00:00,366.13,366.22,365.4,365.44,686
2026-08-31T18:40:00+00:00,365.44,365.98,365.24,365.73,688
2026-08-31T18:45:00+00:00,365.73,365.87,365.49,365.87,497
2026-08-31T18:50:00+00:00,365.87,366.12,365.61,365.75,552
2026-08-31T18:55:00+00:00,365.75,366.09,365.6,365.66,456
2026-08-31T19:00:00+00:00,365.66,365.91,365.14,365.62,529
2026-08-31T19:05:00+00:00,365.62,366.64,365.4,366.25,480
2026-08-31T19:10:00+00:00,366.25,366.3,365.57,365.91,517
2026-08-31T19:15:00+00:00,365.91,365.91,365.11,365.5,523
2026-08-31T19:20:00+00:00,365.5,366.52,365.46,366.38,420
2026-08-31T19:25:00+00:00,366.38,366.9,366.29,366.5,570
2026-08-31T19:30:00+00:00,366.5,367.25,366.3,367.2,512
2026-08-31T19:35:00+00:00,367.2,367.63,366.01,366.21,600
2026-08-31T19:40:00+00:00,366.21,367.45,366.11,366.67,490
2026-08-31T19:45:00+00:00,366.67,366.73,365.81,366.4,716
2026-08-31T19:50:00+00:00,366.4,368.79,366.28,368.58,941
2026-08-31T19:55:00+00:00,368.58,368.66,366.96,367.7,1520
2026-09-01T13:30:00+00:00,367.7,367.7,355.5,355.94,1767
2026-09-01T13:35:00+00:00,355.94,357.08,353.7,354.05,1754
2026-09-01T13:40:00+00:00,354.05,354.91,353.24,354.78,1388
2026-09-01T13:45:00+00:00,354.78,358.27,354.77,358.02,1576
2026-09-01T13:50:00+00:00,358.02,359.36,357.69,358.19,1294
2026-09-01T13:55:00+00:00,358.19,359.24,357.49,358.38,1087
2026-09-01T14:00:00+00:00,358.38,359.16,357.89,358.25,988
2026-09-01T14:05:00+00:00,358.25,359.44,358.23,359.03,778
2026-09-01T14:10:00+00:00,359.03,359.27,358.03,358.88,850
2026-09-01T14:15:00+00:00,358.88,359.57,358.38,358.48,819
2026-09-01T14:20:00+00:00,358.48,358.62,357.68,358.13,802
2026-09-01T14:25:00+00:00,358.13,358.58,357.96,358.25,510
2026-09-01T14:30:00+00:00,358.25,359.57,358.13,358.82,738
2026-09-01T14:35:00+00:00,358.82,359.16,358.18,358.46,685
2026-09-01T14:40:00+00:00,358.46,359.21,358.38,358.99,655
2026-09-01T14:45:00+00:00,358.99,359.28,358.38,358.41,607
2026-09-01T14:50:00+00:00,358.41,358.41,357.38,357.78,686
2026-09-01T14:55:00+00:00,357.78,357.82,357.01,357.48,630
2026-09-01T15:00:00+00:00,357.48,358.35,357.34,357.87,539
2026-09-01T15:05:00+00:00,357.87,358.5,357.22,358.18,610
2026-09-01T15:10:00+00:00,358.18,359.23,357.79,358.9,733
2026-09-01T15:15:00+00:00,358.9,358.95,358.12,358.41,684
2026-09-01T15:20:00+00:00,358.41,358.93,357.63,358.92,519
2026-09-01T15:25:00+00:00,358.92,359.42,358.65,359.32,556
2026-09-01T15:30:00+00:00,359.32,360.02,359.17,359.78,623
2026-09-01T15:35:00+00:00,359.78,360.21,358.93,359.41,607
2026-09-01T15:40:00+00:00,359.41,359.64,358.18,358.4,472
2026-09-01T15:45:00+00:00,358.4,358.42,357.93,358.29,485
2026-09-01T15:50:00+00:00,358.29,358.75,358.13,358.62,462
2026-09-01T15:55:00+00:00,358.62,358.91,358.39,358.6,368
2026-09-01T16:00:00+00:00,358.6,358.74,358.21,358.5,413
2026-09-01T16:05:00+00:00,358.5,358.91,358.32,358.36,435
2026-09-01T16:10:00+00:00,358.36,358.56,358.03,358.1,431
2026-09-01T16:15:00+00:00,358.1,358.18,357.71,357.79,395
2026-09-01T16:20:00+00:00,357.79,357.79,356.44,356.62,666
2026-09-01T16:25:00+00:00,356.62,356.94,356.33,356.58,523
2026-09-01T16:30:00+00:00,356.58,357.62,356.19,357.11,567
2026-09-01T16:35:00+00:00,357.11,357.73,357.01,357.58,449
2026-09-01T16:40:00+00:00,357.58,357.8,356.63,356.67,463
2026-09-01T16:45:00+00:00,356.67,356.97,356.46,356.67,409
2026-09-01T16:50:00+00:00,356.67,357.16,356.23,357.04,480
2026-09-01T16:55:00+00:00,357.04,357.3,356.55,356.65,398
2026-09-01T17:00:00+00:00,356.65,356.65,356.01,356.04,520
2026-09-01T17:05:00+00:00,356.04,356.59,356.02,356.49,470
2026-09-01T17:10:00+00:00,356.49,357.13,356.38,356.89,481
2026-09-01T17:15:00+00:00,356.89,357.08,356.37,356.87,362
2026-09-01T17:20:00+00:00,356.87,356.95,356.63,356.74,335
2026-09-01T17:25:00+00:00,356.74,356.99,356.18,356.82,470
2026-09-01T17:30:00+00:00,356.82,357.41,356.74,356.93,484
2026-09-01T17:35:00+00:00,356.93,357.26,356.68,356.68,379
2026-09-01T17:40:00+00:00,356.68,357,356.58,356.87,295
2026-09-01T17:45:00+00:00,356.87,356.94,356.23,356.28,455
2026-09-01T17:50:00+00:00,356.28,356.46,356.04,356.1,371
2026-09-01T17:55:00+00:00,356.1,356.46,356.03,356.3,424
2026-09-01T18:00:00+00:00,356.3,356.55,355.71,355.8,407
2026-09-01T18:05:00+00:00,355.8,356.11,355.58,355.73,377
2026-09-01T18:10:00+00:00,355.73,355.79,355.02,355.02,450
2026-09-01T18:15:00+00:00,355.02,355.16,354.6,354.86,591
2026-09-01T18:20:00+00:00,354.86,354.92,354.48,354.62,448
2026-09-01T18:25:00+00:00,354.62,354.91,354.41,354.63,476
2026-09-01T18:30:00+00:00,354.63,354.74,354.36,354.43,505
2026-09-01T18:35:00+00:00,354.43,354.64,354.04,354.18,404
2026-09-01T18:40:00+00:00,354.18,354.18,353.17,353.19,551
2026-09-01T18:45:00+00:00,353.19,353.75,352.84,353.69,661
2026-09-01T18:50:00+00:00,353.69,354.04,353.56,353.75,505
2026-09-01T18:55:00+00:00,353.75,354.3,353.62,354.21,509
2026-09-01T19:00:00+00:00,354.21,354.72,353.78,354.51,474
2026-09-01T19:05:00+00:00,354.51,355.51,354.38,355.48,426
2026-09-01T19:10:00+00:00,355.48,356.2,355.43,355.87,421
2026-09-01T19:15:00+00:00,355.87,356.16,355.76,356.15,320
2026-09-01T19:20:00+00:00,356.15,356.38,355.76,356.04,415
2026-09-01T19:25:00+00:00,356.04,356.66,355.93,356.42,327
2026-09-01T19:30:00+00:00,356.42,356.5,355.34,355.74,401
2026-09-01T19:35:00+00:00,355.74,355.74,355.2,355.22,363
2026-09-01T19:40:00+00:00,355.22,356.17,355.2,356.17,490
2026-09-01T19:45:00+00:00,356.17,356.5,355.49,355.92,520
2026-09-01T19:50:00+00:00,355.92,356.31,355.38,355.73,693
2026-09-01T19:55:00+00:00,355.73,356.16,355.54,356.09,909
2026-09-02T13:30:00+00:00,356.09,360.05,355,356.5,1252
2026-09-02T13:35:00+00:00,356.5,356.5,351.38,352.05,1522
2026-09-02T13:40:00+00:00,352.05,352.98,350.28,350.45,1478
2026-09-02T13:45:00+00:00,350.45,351.89,349.78,351.44,1361
2026-09-02T13:50:00+00:00,351.44,352.82,351.44,352.25,1077
2026-09-02T13:55:00+00:00,352.25,352.57,351.28,351.62,828
2026-09-02T14:00:00+00:00,351.62,351.62,350.24,350.88,1088
2026-09-02T14:05:00+00:00,350.88,351.71,350.56,351.55,991
2026-09-02T14:10:00+00:00,351.55,352.76,351.4,352.65,912
2026-09-02T14:15:00+00:00,352.65,354.6,352.5,354.43,1304
2026-09-02T14:20:00+00:00,354.43,354.9,353.42,354.64,1146
2026-09-02T14:25:00+00:00,354.64,355.68,354.28,354.81,1139
2026-09-02T14:30:00+00:00,354.81,355.31,354.12,355.05,839
2026-09-02T14:35:00+00:00,355.05,355.52,354.77,355.4,746
2026-09-02T14:40:00+00:00,355.4,356.49,355.28,356.11,828
2026-09-02T14:45:00+00:00,356.11,356.48,353.78,353.81,961
2026-09-02T14:50:00+00:00,353.81,354.54,352.23,352.32,794
2026-09-02T14:55:00+00:00,352.32,352.88,351.22,351.37,710
2026-09-02T15:00:00+00:00,351.19,353.24,350.77,353.15,1047
2026-09-02T15:05:00+00:00,353.15,353.69,352.47,353.61,749
2026-09-02T15:10:00+00:00,353.61,354.76,353.44,353.98,766
2026-09-02T15:15:00+00:00,353.98,355.02,353.94,354.5,726
2026-09-02T15:20:00+00:00,354.5,355.13,354.4,355.03,452
2026-09-02T15:25:00+00:00,355.03,355.38,353.66,353.83,646
2026-09-02T15:30:00+00:00,353.83,354.5,352.93,354.16,734
2026-09-02T15:35:00+00:00,354.16,354.25,353.49,353.8,487
2026-09-02T15:40:00+00:00,353.8,354.11,353.53,353.81,408
2026-09-02T15:45:00+00:00,353.81,353.83,352.57,352.63,608
2026-09-02T15:50:00+00:00,352.63,353.05,352.32,352.78,530
2026-09-02T15:55:00+00:00,352.78,352.96,352.13,352.56,598
2026-09-02T16:00:00+00:00,352.56,353.03,352.3,352.71,540
2026-09-02T16:05:00+00:00,352.71,353.4,352.3,353.3,556
2026-09-02T16:10:00+00:00,353.3,354.36,353.17,354.31,567
2026-09-02T16:15:00+00:00,354.31,354.46,353.5,354.22,481
2026-09-02T16:20:00+00:00,354.22,354.41,353.68,353.86,417
2026-09-02T16:25:00+00:00,353.86,354.15,353.52,353.58,356
2026-09-02T16:30:00+00:00,353.58,353.68,352.22,352.58,598
2026-09-02T16:35:00+00:00,352.58,352.99,352.28,352.39,503
2026-09-02T16:40:00+00:00,352.39,352.66,352.06,352.51,483
2026-09-02T16:45:00+00:00,352.51,353.53,352.45,353.4,511
2026-09-02T16:50:00+00:00,353.4,354.39,353.25,354.16,500
2026-09-02T16:55:00+00:00,354.16,354.78,353.6,353.63,586
2026-09-02T17:00:00+00:00,353.63,354.41,353.51,353.93,578
2026-09-02T17:05:00+00:00,353.93,353.93,352.72,352.93,447
2026-09-02T17:10:00+00:00,352.93,353.09,352.78,353.02,405
2026-09-02T17:15:00+00:00,353.02,353.14,352.46,352.46,377
2026-09-02T17:20:00+00:00,352.46,353.16,352.45,352.93,454
2026-09-02T17:25:00+00:00,352.93,353.67,352.86,353.54,361
2026-09-02T17:30:00+00:00,353.54,353.73,353.23,353.38,404
2026-09-02T17:35:00+00:00,353.38,353.58,352.45,352.75,366
2026-09-02T17:40:00+00:00,352.75,353.16,352.63,353.02,328
2026-09-02T17:45:00+00:00,353.02,353.27,352.52,352.52,414
2026-09-02T17:50:00+00:00,352.52,352.74,352.06,352.08,505
2026-09-02T17:55:00+00:00,352.08,352.38,351.83,352.07,447
2026-09-02T18:00:00+00:00,352.07,352.34,351.58,352.33,523
2026-09-02T18:05:00+00:00,352.33,352.65,352.12,352.4,373
2026-09-02T18:10:00+00:00,352.4,352.41,351.76,352.15,437
2026-09-02T18:15:00+00:00,352.15,353.12,352.01,352.74,450
2026-09-02T18:20:00+00:00,352.74,353.01,352.05,352.13,422
2026-09-02T18:25:00+00:00,352.13,352.15,351.75,352.04,492
2026-09-02T18:30:00+00:00,352.04,352.53,351.95,352.05,508
2026-09-02T18:35:00+00:00,352.05,352.09,351.68,351.75,296
2026-09-02T18:40:00+00:00,351.75,352.4,351.74,352.3,371
2026-09-02T18:45:00+00:00,352.3,352.8,352.24,352.54,409
2026-09-02T18:50:00+00:00,352.54,352.64,351.87,352.08,394
2026-09-02T18:55:00+00:00,352.08,352.4,351.67,351.69,334
2026-09-02T19:00:00+00:00,351.69,352.74,351.67,352.54,421
2026-09-02T19:05:00+00:00,352.54,352.83,352.42,352.7,336
2026-09-02T19:10:00+00:00,352.7,353.06,352.52,353.02,296
2026-09-02T19:15:00+00:00,353.02,353.02,352.49,352.73,325
2026-09-02T19:20:00+00:00,352.73,352.93,352.53,352.58,275
2026-09-02T19:25:00+00:00,352.58,352.96,352.53,352.76,352
2026-09-02T19:30:00+00:00,352.76,353.1,352.7,352.88,357
2026-09-02T19:35:00+00:00,352.88,353.69,352.87,353.51,430
2026-09-02T19:40:00+00:00,353.51,354.62,353.5,354.12,477
2026-09-02T19:45:00+00:00,354.12,355.67,354.09,355.65,678
2026-09-02T19:50:00+00:00,355.65,356.28,354.95,356.06,845
2026-09-02T19:55:00+00:00,356.06,357.11,355.72,356.89,1267
2026-09-03T13:30:00+00:00,356.89,373.19,356.89,370.62,2216
2026-09-03T13:35:00+00:00,370.62,373.67,370.24,371.67,2510
2026-09-03T13:40:00+00:00,371.67,375.05,371.18,374.08,1942
2026-09-03T13:45:00+00:00,374.08,377.6,373.49,377.22,1952
2026-09-03T13:50:00+00:00,377.22,378,374.38,374.8,1967
2026-09-03T13:55:00+00:00,374.8,375.32,371.32,371.9,1478
2026-09-03T14:00:00+00:00,371.9,373.49,370,372.23,1487
2026-09-03T14:05:00+00:00,372.23,375.67,372.04,375.56,1222
2026-09-03T14:10:00+00:00,375.56,377.09,374.28,376.68,1513
2026-09-03T14:15:00+00:00,376.68,377.65,376.13,376.57,1437
2026-09-03T14:20:00+00:00,376.57,379.26,376.25,378.15,1656
2026-09-03T14:25:00+00:00,378.15,380.24,378.15,378.55,1674
2026-09-03T14:30:00+00:00,378.55,379.49,376.88,376.94,1917
2026-09-03T14:35:00+00:00,376.94,379.31,376.89,377.97,1508
2026-09-03T14:40:00+00:00,377.97,379.15,377.16,378.29,1499
2026-09-03T14:45:00+00:00,378.29,380.01,377.94,379.78,1467
2026-09-03T14:50:00+00:00,379.78,380.56,378.61,380.4,1434
2026-09-03T14:55:00+00:00,380.4,380.71,378.79,379.33,1338
2026-09-03T15:00:00+00:00,379.33,380.29,378.88,380.29,1275
2026-09-03T15:05:00+00:00,380.29,381.46,379.88,380.63,1217
2026-09-03T15:10:00+00:00,380.63,381.46,380.11,380.13,1235
2026-09-03T15:15:00+00:00,380.13,380.31,378.08,379.12,1336
2026-09-03T15:20:00+00:00,379.12,380.45,378.58,379.91,976
2026-09-03T15:25:00+00:00,379.91,381.45,379.38,381.27,895
2026-09-03T15:30:00+00:00,381.27,381.53,380.46,381.02,961
2026-09-03T15:35:00+00:00,381.02,381.4,380.61,380.86,865
2026-09-03T15:40:00+00:00,380.86,381.28,380.19,380.86,908
2026-09-03T15:45:00+00:00,380.86,383.19,380.86,383.08,1096
2026-09-03T15:50:00+00:00,383.08,383.2,381.78,382.19,929
2026-09-03T15:55:00+00:00,382.19,382.74,381.88,382.56,732
2026-09-03T16:00:00+00:00,382.56,383.9,382.38,382.68,794
2026-09-03T16:05:00+00:00,382.68,383.33,382.53,383.1,718
2026-09-03T16:10:00+00:00,383.1,383.78,382.93,383.03,831
2026-09-03T16:15:00+00:00,383.03,383.09,382.38,382.77,678
2026-09-03T16:20:00+00:00,382.77,383.19,382.19,382.19,666
2026-09-03T16:25:00+00:00,382.19,382.5,381.88,381.88,718
2026-09-03T16:30:00+00:00,381.88,382.16,381.47,382.04,652
2026-09-03T16:35:00+00:00,382.04,382.08,380.69,380.78,731
2026-09-03T16:40:00+00:00,380.78,382.19,380.69,381.59,730
2026-09-03T16:45:00+00:00,381.59,382.52,381.38,382.44,682
2026-09-03T16:50:00+00:00,382.44,382.44,380.8,380.97,712
2026-09-03T16:55:00+00:00,380.97,381.91,380.88,381.57,593
2026-09-03T17:00:00+00:00,381.57,382.11,381.39,382.02,564
2026-09-03T17:05:00+00:00,382.02,382.77,382.02,382.33,618
2026-09-03T17:10:00+00:00,382.33,382.75,382.18,382.19,562
2026-09-03T17:15:00+00:00,382.19,382.42,381.72,382.09,472
2026-09-03T17:20:00+00:00,382.09,382.09,381.54,381.69,465
2026-09-03T17:25:00+00:00,381.69,382.28,381.68,382.01,584
2026-09-03T17:30:00+00:00,382.01,382.22,381.6,382.22,502
2026-09-03T17:35:00+00:00,382.22,382.56,381.95,382.45,561
2026-09-03T17:40:00+00:00,382.45,382.6,382.08,382.31,543
2026-09-03T17:45:00+00:00,382.31,382.5,382,382.26,554
2026-09-03T17:50:00+00:00,382.26,382.46,382.08,382.38,426
2026-09-03T17:55:00+00:00,382.38,382.76,382.32,382.32,428
2026-09-03T18:00:00+00:00,382.32,382.87,382.13,382.69,516
2026-09-03T18:05:00+00:00,382.69,383.1,382.22,382.49,709
2026-09-03T18:10:00+00:00,382.49,382.71,381.88,382.21,503
2026-09-03T18:15:00+00:00,382.21,382.32,381.92,382.25,552
2026-09-03T18:20:00+00:00,382.25,382.28,381.44,381.9,567
2026-09-03T18:25:00+00:00,381.9,382.29,381.83,382.05,455
2026-09-03T18:30:00+00:00,382.05,382.12,380.98,381.17,587
2026-09-03T18:35:00+00:00,381.17,381.65,381.09,381.43,514
2026-09-03T18:40:00+00:00,381.43,381.54,380.9,380.92,474
2026-09-03T18:45:00+00:00,380.92,381.83,380.92,381.6,521
2026-09-03T18:50:00+00:00,381.6,381.68,380.81,380.88,600
2026-09-03T18:55:00+00:00,380.88,381.34,380.64,380.79,508
2026-09-03T19:00:00+00:00,380.79,380.86,380.1,380.71,486
2026-09-03T19:05:00+00:00,380.71,381.15,380.23,380.53,496
2026-09-03T19:10:00+00:00,380.53,380.97,380.41,380.93,453
2026-09-03T19:15:00+00:00,380.93,381.15,380.27,381.15,474
2026-09-03T19:20:00+00:00,381.15,381.26,380.24,380.32,511
2026-09-03T19:25:00+00:00,380.32,380.88,379.98,380.72,561
2026-09-03T19:30:00+00:00,380.72,380.96,380.21,380.22,505
2026-09-03T19:35:00+00:00,380.22,380.82,379.92,380.41,567
2026-09-03T19:40:00+00:00,380.41,380.65,378.94,378.94,714
2026-09-03T19:45:00+00:00,378.94,379.05,377.99,378.46,945
2026-09-03T19:50:00+00:00,378.46,378.81,377.38,377.48,1086
2026-09-03T19:55:00+00:00,377.48,377.54,374.98,376.75,1712
2026-09-04T13:30:00+00:00,376.75,376.75,358.39,359.07,2373
2026-09-04T13:35:00+00:00,359.07,362.43,358.69,360.08,2063
2026-09-04T13:40:00+00:00,360.08,360.22,356.53,356.99,1977
2026-09-04T13:45:00+00:00,356.99,358,356.39,356.89,1593
2026-09-04T13:50:00+00:00,356.89,358.16,356.15,358.1,1493
2026-09-04T13:55:00+00:00,358.1,360.17,357.7,359.35,1306
2026-09-04T14:00:00+00:00,359.35,359.45,356.83,356.85,1159
2026-09-04T14:05:00+00:00,356.85,357.19,355.56,355.78,1143
2026-09-04T14:10:00+00:00,355.78,355.78,354.95,355.39,1103
2026-09-04T14:15:00+00:00,355.39,355.39,353.33,353.33,1338
2026-09-04T14:20:00+00:00,353.33,354.13,352.85,353.18,1315
2026-09-04T14:25:00+00:00,353.18,353.46,352.48,353.07,1164
2026-09-04T14:30:00+00:00,353.07,354.53,352.6,353.81,1338
2026-09-04T14:35:00+00:00,353.81,354.05,353.1,353.57,1066
2026-09-04T14:40:00+00:00,353.57,353.57,352.3,352.58,997
2026-09-04T14:45:00+00:00,352.58,353.77,352.33,353.55,967
2026-09-04T14:50:00+00:00,353.55,354.21,353.18,353.3,997
2026-09-04T14:55:00+00:00,353.3,354.21,353,354.13,901
2026-09-04T15:00:00+00:00,354.13,355.66,353.85,354.89,1210
2026-09-04T15:05:00+00:00,354.89,354.97,353.16,353.24,998
2026-09-04T15:10:00+00:00,353.24,353.69,352.96,353.07,911
2026-09-04T15:15:00+00:00,353.07,353.1,351.83,352.92,1072
2026-09-04T15:20:00+00:00,352.92,353.2,352.3,352.81,919
2026-09-04T15:25:00+00:00,352.81,353.06,352.3,352.92,759
2026-09-04T15:30:00+00:00,352.92,353.62,352.58,353.29,867
2026-09-04T15:35:00+00:00,353.29,353.85,352.61,352.69,784
2026-09-04T15:40:00+00:00,352.69,353.16,352.14,352.28,877
2026-09-04T15:45:00+00:00,352.28,352.3,351.67,351.87,777
2026-09-04T15:50:00+00:00,351.87,352.26,351.38,351.5,831
2026-09-04T15:55:00+00:00,351.5,351.61,351.19,351.6,688
2026-09-04T16:00:00+00:00,351.6,351.82,351.36,351.74,624
2026-09-04T16:05:00+00:00,351.74,352.23,351.66,352,750
2026-09-04T16:10:00+00:00,352,352.6,351.63,352.35,664
2026-09-04T16:15:00+00:00,352.35,352.41,351.86,352.13,612
2026-09-04T16:20:00+00:00,352.13,352.13,351.43,351.5,570
2026-09-04T16:25:00+00:00,351.5,351.81,351.33,351.75,670
2026-09-04T16:30:00+00:00,351.75,352.35,351.7,352.14,716
2026-09-04T16:35:00+00:00,352.14,352.15,351.73,351.93,534
2026-09-04T16:40:00+00:00,351.93,352.09,351.81,351.92,471
2026-09-04T16:45:00+00:00,351.92,351.94,351.5,351.89,540
2026-09-04T16:50:00+00:00,351.89,352.68,351.89,352.37,628
2026-09-04T16:55:00+00:00,352.37,352.64,351.78,351.82,474
2026-09-04T17:00:00+00:00,351.82,352.2,351.5,351.78,634
2026-09-04T17:05:00+00:00,351.78,352,351.28,351.78,531
2026-09-04T17:10:00+00:00,351.78,351.88,351.39,351.85,480
2026-09-04T17:15:00+00:00,351.85,352.36,351.68,352.33,649
2026-09-04T17:20:00+00:00,352.33,352.76,351.88,352.03,721
2026-09-04T17:25:00+00:00,352.03,352.56,352.01,352.06,640
2026-09-04T17:30:00+00:00,352.06,352.28,351.7,351.93,540
2026-09-04T17:35:00+00:00,351.93,352.11,351.83,352,475
2026-09-04T17:40:00+00:00,352,352.02,351.57,351.85,361
2026-09-04T17:45:00+00:00,351.85,352.15,351.55,352.1,446
2026-09-04T17:50:00+00:00,352.1,352.34,352.02,352.31,455
2026-09-04T17:55:00+00:00,352.31,352.45,352.08,352.16,398
2026-09-04T18:00:00+00:00,352.16,352.33,351.69,351.99,468
2026-09-04T18:05:00+00:00,351.99,352.95,351.88,352.92,589
2026-09-04T18:10:00+00:00,352.92,353.94,352.76,353.59,855
2026-09-04T18:15:00+00:00,353.59,353.98,353.38,353.68,581
2026-09-04T18:20:00+00:00,353.68,353.77,353.23,353.33,439
2026-09-04T18:25:00+00:00,353.33,353.45,352.81,352.85,485
2026-09-04T18:30:00+00:00,352.85,353.52,352.81,353.4,515
2026-09-04T18:35:00+00:00,353.4,353.56,352.88,352.91,493
2026-09-04T18:40:00+00:00,352.91,353.31,352.89,353.21,475
2026-09-04T18:45:00+00:00,353.21,353.3,352.95,353,355
2026-09-04T18:50:00+00:00,353,353.56,352.99,353.43,391
2026-09-04T18:55:00+00:00,353.43,354.16,353.4,354.15,472
2026-09-04T19:00:00+00:00,354.15,354.41,353.18,353.5,546
2026-09-04T19:05:00+00:00,353.5,354.05,353.38,353.98,385
2026-09-04T19:10:00+00:00,353.98,354.37,353.81,354.35,487
2026-09-04T19:15:00+00:00,354.35,354.35,353.59,354.03,494
2026-09-04T19:20:00+00:00,354.03,354.43,353.89,354.43,359
2026-09-04T19:25:00+00:00,354.43,354.84,354.34,354.61,423
2026-09-04T19:30:00+00:00,354.61,354.71,353.89,354.1,520
2026-09-04T19:35:00+00:00,354.1,354.29,353.43,353.61,484
2026-09-04T19:40:00+00:00,353.61,353.7,352.99,353.41,418
2026-09-04T19:45:00+00:00,353.41,354.02,353.39,353.86,535
2026-09-04T19:50:00+00:00,353.86,355.27,353.13,355.19,1129
2026-09-04T19:55:00+00:00,355.19,355.32,353.31,353.72,1377
2026-09-08T13:30:00+00:00,353.72,361.97,353.72,361.11,1644
2026-09-08T13:35:00+00:00,361.11,362.22,359.13,359.13,1825
2026-09-08T13:40:00+00:00,359.13,359.23,356.13,357.31,1545
2026-09-08T13:45:00+00:00,357.31,358.82,356.89,358.31,1099
2026-09-08T13:50:00+00:00,358.31,358.57,356.94,358.49,1106
2026-09-08T13:55:00+00:00,358.49,360.47,358.35,360.03,1215
2026-09-08T14:00:00+00:00,360.03,361.18,358.06,361.17,1168
2026-09-08T14:05:00+00:00,361.17,362.41,360.84,361.38,1381
2026-09-08T14:10:00+00:00,361.38,362.01,360.04,361.79,1127
2026-09-08T14:15:00+00:00,361.79,362.34,360.08,361.67,1231
2026-09-08T14:20:00+00:00,361.67,364.57,361.08,363.8,1307
2026-09-08T14:25:00+00:00,363.8,363.88,361.98,363.23,1069
2026-09-08T14:30:00+00:00,363.23,364.43,362.88,364.35,1065
2026-09-08T14:35:00+00:00,364.35,364.82,363.88,364.4,1015
2026-09-08T14:40:00+00:00,364.4,364.89,363.38,364.31,1026
2026-09-08T14:45:00+00:00,364.31,364.42,362.82,363.63,953
2026-09-08T14:50:00+00:00,363.63,364.63,363.44,364.15,965
2026-09-08T14:55:00+00:00,364.15,365.06,364.14,364.94,937
2026-09-08T15:00:00+00:00,364.94,366.2,364.75,365.6,1235
2026-09-08T15:05:00+00:00,365.6,366.1,364.16,364.71,1097
2026-09-08T15:10:00+00:00,364.71,365.32,364.18,364.52,832
2026-09-08T15:15:00+00:00,364.52,365.47,364.38,365.41,851
2026-09-08T15:20:00+00:00,365.41,366.67,364.98,366.5,963
2026-09-08T15:25:00+00:00,366.5,367.79,366.5,367.68,1163
2026-09-08T15:30:00+00:00,367.68,368.07,366.29,366.36,1030
2026-09-08T15:35:00+00:00,366.36,366.49,364.95,365.4,1168
2026-09-08T15:40:00+00:00,365.4,366.7,365.39,365.92,979
2026-09-08T15:45:00+00:00,365.92,366.82,365.73,365.92,822
2026-09-08T15:50:00+00:00,365.92,367.13,365.73,367.05,739
2026-09-08T15:55:00+00:00,367.05,368.01,366.77,367.65,831
2026-09-08T16:00:00+00:00,367.65,367.7,366.79,367.43,747
2026-09-08T16:05:00+00:00,367.43,368.12,367.09,367.11,792
2026-09-08T16:10:00+00:00,367.11,367.46,366.48,367.45,653
2026-09-08T16:15:00+00:00,367.45,367.69,367.18,367.39,624
2026-09-08T16:20:00+00:00,367.39,368.09,367.18,368.03,694
2026-09-08T16:25:00+00:00,368.03,368.85,367.88,367.92,876
2026-09-08T16:30:00+00:00,367.92,368.7,367.88,368.33,757
2026-09-08T16:35:00+00:00,368.33,368.85,368.08,368.69,634
2026-09-08T16:40:00+00:00,368.69,369.14,368.53,369.05,691
2026-09-08T16:45:00+00:00,369.05,369.11,368.33,368.91,683
2026-09-08T16:50:00+00:00,368.91,369.53,368.18,368.92,915
2026-09-08T16:55:00+00:00,368.92,368.92,367.73,368.09,831
2026-09-08T17:00:00+00:00,368.09,369.56,368.08,368.66,834
2026-09-08T17:05:00+00:00,368.66,369.49,368.53,368.53,697
2026-09-08T17:10:00+00:00,368.53,368.94,368.02,368.24,567
2026-09-08T17:15:00+00:00,368.24,368.51,367.17,367.66,673
2026-09-08T17:20:00+00:00,367.66,367.74,367.1,367.24,580
2026-09-08T17:25:00+00:00,367.24,367.72,367.16,367.36,528
2026-09-08T17:30:00+00:00,367.36,367.82,367.34,367.67,547
2026-09-08T17:35:00+00:00,367.67,367.76,367.01,367.13,550
2026-09-08T17:40:00+00:00,367.13,367.18,366.3,366.44,697
2026-09-08T17:45:00+00:00,366.44,366.77,366.18,366.43,559
2026-09-08T17:50:00+00:00,366.43,366.5,366,366.31,500
2026-09-08T17:55:00+00:00,366.31,366.31,365.6,365.65,582
2026-09-08T18:00:00+00:00,365.65,366.17,365.6,366.04,425
2026-09-08T18:05:00+00:00,366.04,366.23,365.72,365.85,475
2026-09-08T18:10:00+00:00,365.85,366.31,365.63,365.8,470
2026-09-08T18:15:00+00:00,365.8,366.21,365.75,366.19,446
2026-09-08T18:20:00+00:00,366.19,366.28,365.88,366.03,344
2026-09-08T18:25:00+00:00,366.03,366.03,365.32,365.39,428
2026-09-08T18:30:00+00:00,365.39,365.48,364.99,365.13,489
2026-09-08T18:35:00+00:00,365.13,365.88,365.13,365.69,437
2026-09-08T18:40:00+00:00,365.69,366.41,365.69,366.3,423
2026-09-08T18:45:00+00:00,366.3,367.64,364.71,365.75,1098
2026-09-08T18:50:00+00:00,365.75,366.95,365.65,366.81,723
2026-09-08T18:55:00+00:00,366.81,367.26,366.51,366.91,572
2026-09-08T19:00:00+00:00,366.91,367.02,366.38,366.66,602
2026-09-08T19:05:00+00:00,366.66,367.27,366.59,366.94,554
2026-09-08T19:10:00+00:00,366.94,367.37,366.94,367.16,465
2026-09-08T19:15:00+00:00,367.16,367.17,366.58,366.63,510
2026-09-08T19:20:00+00:00,366.63,366.93,366.38,366.77,421
2026-09-08T19:25:00+00:00,366.77,368.12,366.73,368.12,571
2026-09-08T19:30:00+00:00,368.12,368.24,367.39,367.88,650
2026-09-08T19:35:00+00:00,367.88,368.15,367.63,367.79,576
2026-09-08T19:40:00+00:00,367.79,367.93,367.28,367.84,540
2026-09-08T19:45:00+00:00,367.84,368.38,367.18,368.28,760
2026-09-08T19:50:00+00:00,368.28,368.57,367.55,367.78,1020
2026-09-08T19:55:00+00:00,367.78,368.43,366.97,367.8,977
2026-09-09T13:30:00+00:00,367.8,375.04,367.62,373.74,1506
2026-09-09T13:35:00+00:00,373.74,373.9,370.2,371.37,1468
2026-09-09T13:40:00+00:00,371.37,373.46,371.18,373.3,1062
2026-09-09T13:45:00+00:00,373.3,374.48,372.13,373.26,1245
2026-09-09T13:50:00+00:00,373.26,373.59,370.98,370.98,1159
2026-09-09T13:55:00+00:00,370.98,371.63,370.48,370.79,893
2026-09-09T14:00:00+00:00,370.79,371.42,369.78,370.98,1057
2026-09-09T14:05:00+00:00,370.98,372.95,370.74,371.86,846
2026-09-09T14:10:00+00:00,371.86,371.9,369.67,371.1,886
2026-09-09T14:15:00+00:00,371.1,372.02,370.6,371.1,823
2026-09-09T14:20:00+00:00,371.1,371.81,370.62,370.64,712
2026-09-09T14:25:00+00:00,370.64,371.71,370.28,371.07,680
2026-09-09T14:30:00+00:00,371.07,372.79,370.92,372.58,823
2026-09-09T14:35:00+00:00,372.58,373.27,371.54,371.57,1048
2026-09-09T14:40:00+00:00,371.57,371.59,370.29,371.39,871
2026-09-09T14:45:00+00:00,371.39,373.33,371.39,373.13,1041
2026-09-09T14:50:00+00:00,373.13,373.32,371.91,372.91,795
2026-09-09T14:55:00+00:00,372.91,373.2,371.25,371.88,592
2026-09-09T15:00:00+00:00,371.15,371.59,369.99,369.99,1109
2026-09-09T15:05:00+00:00,369.99,370.25,368.58,369,1190
2026-09-09T15:10:00+00:00,369,369.27,367.73,368.42,1199
2026-09-09T15:15:00+00:00,368.42,368.7,368.04,368.25,824
2026-09-09T15:20:00+00:00,368.25,368.56,367.11,367.28,884
2026-09-09T15:25:00+00:00,367.28,368.63,367.19,368.46,776
2026-09-09T15:30:00+00:00,368.46,369.24,368.44,369.17,680
2026-09-09T15:35:00+00:00,369.17,370.91,368.88,370.89,770
2026-09-09T15:40:00+00:00,370.89,371.08,369.38,369.99,699
2026-09-09T15:45:00+00:00,369.99,370.33,369.53,370.07,518
2026-09-09T15:50:00+00:00,370.07,370.59,369.88,370.5,531
2026-09-09T15:55:00+00:00,370.5,370.51,370.05,370.47,456
2026-09-09T16:00:00+00:00,370.47,370.95,370.39,370.51,502
2026-09-09T16:05:00+00:00,370.51,370.82,369.67,369.79,511
2026-09-09T16:10:00+00:00,369.79,370.92,369.68,370.45,567
2026-09-09T16:15:00+00:00,370.45,370.59,369.63,369.85,423
2026-09-09T16:20:00+00:00,369.85,370.28,368.73,369.32,615
2026-09-09T16:25:00+00:00,369.32,369.47,368.44,368.61,548
2026-09-09T16:30:00+00:00,368.61,369.27,368.58,369.01,512
2026-09-09T16:35:00+00:00,369.01,369.21,368.65,368.98,420
2026-09-09T16:40:00+00:00,368.98,369.31,368.77,369.2,365
2026-09-09T16:45:00+00:00,369.2,370.7,369.14,370.04,592
2026-09-09T16:50:00+00:00,370.04,370.14,368.89,368.91,554
2026-09-09T16:55:00+00:00,368.91,368.99,368.58,368.61,492
2026-09-09T17:00:00+00:00,368.61,369.21,368.28,368.28,389
2026-09-09T17:05:00+00:00,368.28,368.65,368.22,368.36,425
2026-09-09T17:10:00+00:00,368.36,368.48,368.13,368.33,432
2026-09-09T17:15:00+00:00,368.33,368.52,368.13,368.16,399
2026-09-09T17:20:00+00:00,368.16,368.21,367.64,367.9,458
2026-09-09T17:25:00+00:00,367.9,368.18,367.66,368.01,364
2026-09-09T17:30:00+00:00,368.01,369.01,367.9,368.96,402
2026-09-09T17:35:00+00:00,368.96,369.07,368.58,368.65,396
2026-09-09T17:40:00+00:00,368.65,368.93,368.32,368.74,413
2026-09-09T17:45:00+00:00,368.74,368.77,368.27,368.48,340
2026-09-09T17:50:00+00:00,368.48,368.75,368,368.75,420
2026-09-09T17:55:00+00:00,368.75,368.97,368.54,368.82,405
2026-09-09T18:00:00+00:00,368.82,369.11,368.48,368.59,335
2026-09-09T18:05:00+00:00,368.59,368.82,367.92,368.04,368
2026-09-09T18:10:00+00:00,368.04,368.33,367.88,368.09,401
2026-09-09T18:15:00+00:00,368.09,368.98,368.09,368.68,458
2026-09-09T18:20:00+00:00,368.68,369.32,368.66,369.2,419
2026-09-09T18:25:00+00:00,369.2,369.77,369.16,369.66,420
2026-09-09T18:30:00+00:00,369.66,370,369.14,369.5,552
2026-09-09T18:35:00+00:00,369.5,369.69,369.11,369.18,415
2026-09-09T18:40:00+00:00,369.18,369.21,368.61,368.7,332
2026-09-09T18:45:00+00:00,368.7,368.72,368.16,368.16,316
2026-09-09T18:50:00+00:00,368.16,368.38,367.95,368.23,359
2026-09-09T18:55:00+00:00,368.23,369.06,367.93,368.91,372
2026-09-09T19:00:00+00:00,368.91,369.08,368.34,368.76,355
2026-09-09T19:05:00+00:00,368.76,369,368.58,368.74,265
2026-09-09T19:10:00+00:00,368.74,369.43,368.74,369.31,345
2026-09-09T19:15:00+00:00,369.31,369.56,369.21,369.22,352
2026-09-09T19:20:00+00:00,369.22,369.29,368.88,368.88,294
2026-09-09T19:25:00+00:00,368.88,369.15,368.57,368.73,340
2026-09-09T19:30:00+00:00,368.73,369.02,368.63,368.95,344
2026-09-09T19:35:00+00:00,368.95,369.12,368.7,369.01,219
2026-09-09T19:40:00+00:00,369.01,369.02,368.38,368.52,364
2026-09-09T19:45:00+00:00,368.52,369.15,368.4,368.96,331
2026-09-09T19:50:00+00:00,368.96,369.14,367.38,367.72,761
2026-09-09T19:55:00+00:00,367.72,368.44,367.38,367.59,1001
2026-09-10T13:30:00+00:00,367.59,367.59,357.54,359.97,1206
2026-09-10T13:35:00+00:00,359.97,362.76,358.92,362.41,1160
2026-09-10T13:40:00+00:00,362.41,365.16,362.28,365.13,1140
2026-09-10T13:45:00+00:00,365.13,366.53,363.88,366.18,1443
2026-09-10T13:50:00+00:00,366.18,366.46,364.3,366.09,973
2026-09-10T13:55:00+00:00,366.09,366.86,365.64,365.9,849
2026-09-10T14:00:00+00:00,365.9,368.92,365.88,368.17,1000
2026-09-10T14:05:00+00:00,368.17,368.77,364.9,366.91,1137
2026-09-10T14:10:00+00:00,366.91,367.42,365.5,365.63,970
2026-09-10T14:15:00+00:00,365.63,365.97,364.97,365.26,735
2026-09-10T14:20:00+00:00,365.26,366.89,364.88,365.89,840
2026-09-10T14:25:00+00:00,365.89,367.1,365.88,366.08,884
2026-09-10T14:30:00+00:00,366.08,367.75,365.92,367.03,765
2026-09-10T14:35:00+00:00,367.03,368.67,367.03,368.55,791
2026-09-10T14:40:00+00:00,368.55,368.62,367.58,368.44,726
2026-09-10T14:45:00+00:00,368.44,368.45,367.32,367.66,824
2026-09-10T14:50:00+00:00,367.66,367.69,366.83,367.53,613
2026-09-10T14:55:00+00:00,367.53,367.67,366.67,367.43,616
2026-09-10T15:00:00+00:00,367.43,367.44,365.23,365.27,764
2026-09-10T15:05:00+00:00,365.27,366.25,365.26,365.8,583
2026-09-10T15:10:00+00:00,365.8,366.76,365.78,366.2,689
2026-09-10T15:15:00+00:00,366.2,366.34,365.65,365.67,429
2026-09-10T15:20:00+00:00,365.67,365.77,365.1,365.63,595
2026-09-10T15:25:00+00:00,365.63,366.67,365.34,365.93,574
2026-09-10T15:30:00+00:00,365.93,366.02,365.18,365.24,545
2026-09-10T15:35:00+00:00,365.24,366.7,365.2,365.72,600
2026-09-10T15:40:00+00:00,365.72,366.72,365.71,366.66,646
2026-09-10T15:45:00+00:00,366.66,366.83,366.14,366.75,478
2026-09-10T15:50:00+00:00,366.75,366.75,365.69,365.69,404
2026-09-10T15:55:00+00:00,365.69,366.71,365.5,366.6,586
2026-09-10T16:00:00+00:00,366.6,366.71,365.89,365.97,521
2026-09-10T16:05:00+00:00,365.97,366.75,365.96,366.34,453
2026-09-10T16:10:00+00:00,366.34,366.5,365.91,366.1,381
2026-09-10T16:15:00+00:00,366.1,366.55,366.03,366.24,394
2026-09-10T16:20:00+00:00,366.24,366.47,366,366.01,333
2026-09-10T16:25:00+00:00,366.01,366.29,365.63,365.88,369
2026-09-10T16:30:00+00:00,365.88,366.06,365.43,365.59,392
2026-09-10T16:35:00+00:00,365.59,366.26,365.11,366.19,383
2026-09-10T16:40:00+00:00,366.19,366.62,365.96,366.62,438
2026-09-10T16:45:00+00:00,366.62,367.28,366.08,366.2,592
2026-09-10T16:50:00+00:00,366.2,366.28,365.33,365.9,476
2026-09-10T16:55:00+00:00,365.9,366,365.58,365.7,330
2026-09-10T17:00:00+00:00,365.7,366.13,365.48,366.03,365
2026-09-10T17:05:00+00:00,366.03,366.28,365.78,365.8,462
2026-09-10T17:10:00+00:00,365.8,366.04,365.78,365.9,298
2026-09-10T17:15:00+00:00,365.9,366.27,365.88,366,315
2026-09-10T17:20:00+00:00,366,366.28,365.9,366.23,304
2026-09-10T17:25:00+00:00,366.23,367.02,366.06,366.71,433
2026-09-10T17:30:00+00:00,366.71,367.39,366.53,367.14,462
2026-09-10T17:35:00+00:00,367.14,367.69,365.88,366.04,554
2026-09-10T17:40:00+00:00,366.04,367.32,365.88,367.26,496
2026-09-10T17:45:00+00:00,367.26,367.3,366.19,366.3,405
2026-09-10T17:50:00+00:00,366.3,366.43,366.03,366.23,345
2026-09-10T17:55:00+00:00,366.23,366.33,365.23,365.24,408
2026-09-10T18:00:00+00:00,365.24,365.71,365.19,365.27,366
2026-09-10T18:05:00+00:00,365.27,365.51,364.77,365.3,394
2026-09-10T18:10:00+00:00,365.3,365.85,365.29,365.45,402
2026-09-10T18:15:00+00:00,365.45,365.53,365.23,365.51,301
2026-09-10T18:20:00+00:00,365.51,366.03,365.41,365.67,420
2026-09-10T18:25:00+00:00,365.67,365.81,365.33,365.7,293
2026-09-10T18:30:00+00:00,365.7,365.75,365.26,365.32,332
2026-09-10T18:35:00+00:00,365.32,365.89,365.28,365.87,285
2026-09-10T18:40:00+00:00,365.87,365.94,365.64,365.84,354
2026-09-10T18:45:00+00:00,365.84,366.04,365.54,365.86,346
2026-09-10T18:50:00+00:00,365.86,366.48,365.62,366.31,551
2026-09-10T18:55:00+00:00,366.31,366.43,366.09,366.14,423
2026-09-10T19:00:00+00:00,366.14,366.31,365.33,365.34,422
2026-09-10T19:05:00+00:00,365.34,365.92,365.25,365.8,442
2026-09-10T19:10:00+00:00,365.8,365.8,364.38,364.58,619
2026-09-10T19:15:00+00:00,364.58,365.27,363.78,363.89,475
2026-09-10T19:20:00+00:00,363.89,364.18,363.66,363.97,371
2026-09-10T19:25:00+00:00,363.97,364.21,363.58,363.59,329
2026-09-10T19:30:00+00:00,363.59,364.31,363.59,364.24,399
2026-09-10T19:35:00+00:00,364.24,364.33,363.38,363.44,380
2026-09-10T19:40:00+00:00,363.44,363.98,363.3,363.7,421
2026-09-10T19:45:00+00:00,363.7,363.89,363.33,363.58,416
2026-09-10T19:50:00+00:00,363.58,363.59,362.58,363.03,919
2026-09-10T19:55:00+00:00,363.03,363.76,362.77,363.39,924
2026-09-11T13:30:00+00:00,363.39,366.08,361.28,364.16,1140
2026-09-11T13:35:00+00:00,364.16,366.69,363.79,366.62,1153
2026-09-11T13:40:00+00:00,366.62,368.52,366.31,366.83,1234
2026-09-11T13:45:00+00:00,366.83,367.44,363.48,367.36,1190
2026-09-11T13:50:00+00:00,367.36,367.63,364.52,364.61,1121
2026-09-11T13:55:00+00:00,364.61,368.25,364.58,368.21,886
2026-09-11T14:00:00+00:00,368.21,368.21,365.73,366.23,761
2026-09-11T14:05:00+00:00,366.23,368.15,366.08,366.64,857
2026-09-11T14:10:00+00:00,366.64,367.2,364.48,364.81,862
2026-09-11T14:15:00+00:00,364.81,364.97,363.28,364.64,871
2026-09-11T14:20:00+00:00,364.64,365.03,363.33,363.41,783
2026-09-11T14:25:00+00:00,363.41,366.38,362.95,366.22,807
2026-09-11T14:30:00+00:00,366.22,366.29,364.53,365.49,784
2026-09-11T14:35:00+00:00,365.49,365.74,363.71,363.96,727
2026-09-11T14:40:00+00:00,363.96,365.4,363.74,364.58,855
2026-09-11T14:45:00+00:00,364.58,366.05,364.48,366.05,732
2026-09-11T14:50:00+00:00,366.05,366.07,364.72,364.79,621
2026-09-11T14:55:00+00:00,364.79,364.9,363.96,364.69,650
2026-09-11T15:00:00+00:00,364.69,365.22,364.54,364.96,499
2026-09-11T15:05:00+00:00,364.96,365.8,364.9,365.59,533
2026-09-11T15:10:00+00:00,365.59,365.99,365.43,365.61,522
2026-09-11T15:15:00+00:00,365.61,367.08,365.49,366.93,680
2026-09-11T15:20:00+00:00,366.93,367.06,365.12,365.24,696
2026-09-11T15:25:00+00:00,365.24,366.34,364.98,366.07,612
2026-09-11T15:30:00+00:00,366.07,366.13,365.38,365.68,431
2026-09-11T15:35:00+00:00,365.68,365.96,365.28,365.7,394
2026-09-11T15:40:00+00:00,365.7,365.82,365.23,365.3,392
2026-09-11T15:45:00+00:00,365.3,365.36,364.15,364.2,444
2026-09-11T15:50:00+00:00,364.2,365.03,364.18,364.97,412
2026-09-11T15:55:00+00:00,364.97,365.47,364.7,365.01,465
2026-09-11T16:00:00+00:00,365.01,366.25,364.99,366.25,463
2026-09-11T16:05:00+00:00,366.25,366.43,364.7,365.23,574
2026-09-11T16:10:00+00:00,365.23,365.8,364.9,364.96,404
2026-09-11T16:15:00+00:00,364.96,365.01,364.46,364.62,458
2026-09-11T16:20:00+00:00,364.62,364.77,363.88,364.22,464
2026-09-11T16:25:00+00:00,364.22,365.03,364.2,364.79,545
2026-09-11T16:30:00+00:00,364.79,365.69,364.62,365.54,431
2026-09-11T16:35:00+00:00,365.54,365.61,364.62,364.62,476
2026-09-11T16:40:00+00:00,364.62,365.24,364.26,365.18,463
2026-09-11T16:45:00+00:00,365.18,365.3,364.97,365.1,320
2026-09-11T16:50:00+00:00,365.1,365.39,364.89,365.39,417
2026-09-11T16:55:00+00:00,365.39,365.57,364.56,364.58,380
2026-09-11T17:00:00+00:00,364.58,365.17,364.46,364.62,353
2026-09-11T17:05:00+00:00,364.62,365.14,364.41,365.13,374
2026-09-11T17:10:00+00:00,365.13,365.36,364.89,365.07,350
2026-09-11T17:15:00+00:00,365.07,365.67,365.07,365.35,364
2026-09-11T17:20:00+00:00,365.35,365.68,365.12,365.16,302
2026-09-11T17:25:00+00:00,365.16,365.86,365.13,365.85,295
2026-09-11T17:30:00+00:00,365.85,366.4,365.7,366,538
2026-09-11T17:35:00+00:00,366,366.28,365.77,365.89,364
2026-09-11T17:40:00+00:00,365.89,366.04,365.06,365.2,434
2026-09-11T17:45:00+00:00,365.2,365.52,364.97,365.25,323
2026-09-11T17:50:00+00:00,365.25,365.34,364.74,364.85,304
2026-09-11T17:55:00+00:00,364.85,365.18,364.74,364.95,348
2026-09-11T18:00:00+00:00,364.95,365.03,364.56,364.9,386
2026-09-11T18:05:00+00:00,364.9,364.97,364.55,364.75,311
2026-09-11T18:10:00+00:00,364.75,365.23,364.68,365.2,347
2026-09-11T18:15:00+00:00,365.2,365.41,364.9,365.29,326
2026-09-11T18:20:00+00:00,365.29,365.41,364.63,364.75,405
2026-09-11T18:25:00+00:00,364.75,365.06,364.63,364.9,368
2026-09-11T18:30:00+00:00,364.9,365.1,364.46,364.68,334
2026-09-11T18:35:00+00:00,364.68,365.03,364.6,364.7,275
2026-09-11T18:40:00+00:00,364.7,364.73,364.28,364.39,277
2026-09-11T18:45:00+00:00,364.39,364.6,364.19,364.21,343
2026-09-11T18:50:00+00:00,364.21,364.34,363.88,364.32,372
2026-09-11T18:55:00+00:00,364.32,365.04,364.15,365.02,457
2026-09-11T19:00:00+00:00,365.02,365.25,364.57,364.76,381
2026-09-11T19:05:00+00:00,364.76,364.87,364.08,364.24,317
2026-09-11T19:10:00+00:00,364.24,364.9,364.06,364.89,339
2026-09-11T19:15:00+00:00,364.89,364.97,364.65,364.68,384
2026-09-11T19:20:00+00:00,364.68,364.92,363.98,364.32,279
2026-09-11T19:25:00+00:00,364.32,364.49,363.92,363.92,322
2026-09-11T19:30:00+00:00,363.92,364.94,363.92,364.93,319
2026-09-11T19:35:00+00:00,364.93,365,364.7,364.89,272
2026-09-11T19:40:00+00:00,364.89,366.36,364.86,365.82,515
2026-09-11T19:45:00+00:00,365.82,366.05,364.99,365.78,441
2026-09-11T19:50:00+00:00,365.78,365.94,365.21,365.53,582
2026-09-11T19:55:00+00:00,365.53,365.81,364.84,365.41,835
2026-09-14T13:30:00+00:00,365.41,367.23,358.8,365.14,1365
2026-09-14T13:35:00+00:00,365.14,365.66,360.81,361.39,1368
2026-09-14T13:40:00+00:00,361.39,361.98,359.84,361.64,1165
2026-09-14T13:45:00+00:00,361.64,361.64,359.78,360.41,958
2026-09-14T13:50:00+00:00,360.41,362.22,360.4,361.55,947
2026-09-14T13:55:00+00:00,361.55,361.57,359.91,359.97,769
2026-09-14T14:00:00+00:00,359.97,360.55,359.58,360.08,616
2026-09-14T14:05:00+00:00,360.08,361.59,359.78,360.69,713
2026-09-14T14:10:00+00:00,360.69,361.15,360.26,360.69,702
2026-09-14T14:15:00+00:00,360.69,360.79,358.49,358.69,914
2026-09-14T14:20:00+00:00,358.69,359.18,357.33,357.38,844
2026-09-14T14:25:00+00:00,357.38,358.19,356.9,358.17,852
2026-09-14T14:30:00+00:00,358.17,358.93,357.56,358.79,838
2026-09-14T14:35:00+00:00,358.79,359.08,357.96,358.03,667
2026-09-14T14:40:00+00:00,358.03,358.62,357.68,358.58,617
2026-09-14T14:45:00+00:00,358.58,359.2,358.44,358.94,637
2026-09-14T14:50:00+00:00,358.94,359.11,358.2,358.24,600
2026-09-14T14:55:00+00:00,358.24,358.54,357.93,358.41,596
2026-09-14T15:00:00+00:00,358.41,358.87,358.28,358.3,574
2026-09-14T15:05:00+00:00,358.3,359.43,358.28,358.88,773
2026-09-14T15:10:00+00:00,358.88,359.62,358.88,359.26,575
2026-09-14T15:15:00+00:00,359.26,359.79,359.06,359.16,586
2026-09-14T15:20:00+00:00,359.16,360.36,359.13,360.05,582
2026-09-14T15:25:00+00:00,360.05,360.6,359.88,359.93,585
2026-09-14T15:30:00+00:00,359.93,361.98,359.75,361.93,861
2026-09-14T15:35:00+00:00,361.93,362.98,361.55,362.79,821
2026-09-14T15:40:00+00:00,362.79,363.55,362.77,363.03,832
2026-09-14T15:45:00+00:00,363.03,363.55,363.01,363.53,710
2026-09-14T15:50:00+00:00,363.53,363.68,362.88,363.42,760
2026-09-14T15:55:00+00:00,363.42,363.5,362.89,362.97,548
2026-09-14T16:00:00+00:00,362.97,364.06,362.8,363.75,673
2026-09-14T16:05:00+00:00,363.75,363.98,362.76,362.77,539
2026-09-14T16:10:00+00:00,362.77,362.82,362.12,362.26,591
2026-09-14T16:15:00+00:00,362.26,363.8,362.25,363.59,631
2026-09-14T16:20:00+00:00,363.59,363.93,363.08,363.4,459
2026-09-14T16:25:00+00:00,363.4,363.41,362.38,363.08,466
2026-09-14T16:30:00+00:00,363.08,363.17,362.63,362.77,377
2026-09-14T16:35:00+00:00,362.77,362.79,362.39,362.41,424
2026-09-14T16:40:00+00:00,362.41,362.5,362.08,362.09,470
2026-09-14T16:45:00+00:00,362.09,363.54,361.74,363.34,541
2026-09-14T16:50:00+00:00,363.34,363.37,361.98,362.19,436
2026-09-14T16:55:00+00:00,362.19,362.63,362.08,362.61,364
2026-09-14T17:00:00+00:00,362.61,362.89,362.46,362.46,384
2026-09-14T17:05:00+00:00,362.46,362.75,362.19,362.35,309
2026-09-14T17:10:00+00:00,362.35,362.87,362.25,362.46,265
2026-09-14T17:15:00+00:00,362.46,362.59,362.1,362.17,318
2026-09-14T17:20:00+00:00,362.17,362.77,362.12,362.66,263
2026-09-14T17:25:00+00:00,362.66,362.98,362.58,362.75,327
2026-09-14T17:30:00+00:00,362.75,362.88,362.11,362.29,289
2026-09-14T17:35:00+00:00,362.29,362.75,362.18,362.54,275
2026-09-14T17:40:00+00:00,362.54,362.73,362.26,362.47,207
2026-09-14T17:45:00+00:00,362.47,362.55,362.26,362.4,230
2026-09-14T17:50:00+00:00,362.4,362.46,361.89,362.18,252
2026-09-14T17:55:00+00:00,362.18,362.28,361.92,362.16,282
2026-09-14T18:00:00+00:00,362.16,362.33,361.5,361.66,380
2026-09-14T18:05:00+00:00,361.66,361.71,361.29,361.46,381
2026-09-14T18:10:00+00:00,361.46,361.59,361.15,361.32,392
2026-09-14T18:15:00+00:00,361.32,361.32,360.7,360.95,423
2026-09-14T18:20:00+00:00,360.95,360.99,360.71,360.97,397
2026-09-14T18:25:00+00:00,360.97,361.08,360.76,360.95,362
2026-09-14T18:30:00+00:00,360.95,361.05,360.71,360.72,329
2026-09-14T18:35:00+00:00,360.72,360.9,360.59,360.61,364
2026-09-14T18:40:00+00:00,360.61,360.78,360.53,360.7,298
2026-09-14T18:45:00+00:00,360.7,360.91,360.55,360.8,391
2026-09-14T18:50:00+00:00,360.8,360.83,360.58,360.71,328
2026-09-14T18:55:00+00:00,360.71,360.86,360.49,360.49,354
2026-09-14T19:00:00+00:00,360.49,360.87,360.49,360.57,308
2026-09-14T19:05:00+00:00,360.57,360.63,359.89,359.99,362
2026-09-14T19:10:00+00:00,359.99,360.03,359.53,359.56,423
2026-09-14T19:15:00+00:00,359.56,359.67,359.38,359.48,363
2026-09-14T19:20:00+00:00,359.48,359.66,359.23,359.28,396
2026-09-14T19:25:00+00:00,359.28,360.35,359.28,360.14,431
2026-09-14T19:30:00+00:00,360.14,360.5,359.95,360.11,446
2026-09-14T19:35:00+00:00,360.11,360.26,359.88,360.09,356
2026-09-14T19:40:00+00:00,360.09,360.38,360.02,360.24,328
2026-09-14T19:45:00+00:00,360.24,360.32,359.77,360.07,482
2026-09-14T19:50:00+00:00,360.07,360.11,359.18,359.29,745
2026-09-14T19:55:00+00:00,359.29,359.3,358.38,359.09,1294
2026-09-15T13:30:00+00:00,359.09,360.32,354.48,355.24,1074
2026-09-15T13:35:00+00:00,355.24,361.49,355.21,361.34,1162
2026-09-15T13:40:00+00:00,361.34,361.86,360.02,360.65,989
2026-09-15T13:45:00+00:00,360.65,361.51,360.18,361.27,584
2026-09-15T13:50:00+00:00,361.27,361.83,359.94,360.3,705
2026-09-15T13:55:00+00:00,360.3,361.1,358.38,358.66,878
2026-09-15T14:00:00+00:00,358.66,359.89,358.64,359.57,639
2026-09-15T14:05:00+00:00,359.57,359.64,358.03,358.15,610
2026-09-15T14:10:00+00:00,358.15,359.36,358.14,358.88,597
2026-09-15T14:15:00+00:00,358.88,359.76,358.77,359.26,537
2026-09-15T14:20:00+00:00,359.26,359.39,358.55,358.71,551
2026-09-15T14:25:00+00:00,358.71,359.34,358.68,359.01,483
2026-09-15T14:30:00+00:00,359.01,359.1,357.97,358.72,575
2026-09-15T14:35:00+00:00,358.72,358.76,357.98,358.21,387
2026-09-15T14:40:00+00:00,358.21,358.21,357.48,357.5,522
2026-09-15T14:45:00+00:00,357.5,358.19,357.03,357.03,564
2026-09-15T14:50:00+00:00,357.03,357.03,355.77,355.81,762
2026-09-15T14:55:00+00:00,355.81,357.62,355.76,357.34,617
2026-09-15T15:00:00+00:00,357.34,358.12,357.3,357.89,440
2026-09-15T15:05:00+00:00,357.89,359.73,357.89,359.52,562
2026-09-15T15:10:00+00:00,359.52,359.76,358.73,358.87,596
2026-09-15T15:15:00+00:00,358.87,360.16,358.73,360.02,351
2026-09-15T15:20:00+00:00,360.02,361.65,359.77,361.38,779
2026-09-15T15:25:00+00:00,361.38,361.78,360,360.58,761
2026-09-15T15:30:00+00:00,360.58,360.91,359.47,360.67,753
2026-09-15T15:35:00+00:00,360.67,360.77,359.52,359.83,531
2026-09-15T15:40:00+00:00,359.83,360.77,359.65,360.46,435
2026-09-15T15:45:00+00:00,360.46,360.81,360.11,360.53,405
2026-09-15T15:50:00+00:00,360.53,362.15,360.39,361.94,753
2026-09-15T15:55:00+00:00,361.94,361.94,360.11,360.82,588
2026-09-15T16:00:00+00:00,360.82,361.63,360.49,361.3,521
2026-09-15T16:05:00+00:00,361.3,361.61,360.97,361.4,358
2026-09-15T16:10:00+00:00,361.4,361.81,360.51,360.63,378
2026-09-15T16:15:00+00:00,360.63,360.89,360.38,360.67,314
2026-09-15T16:20:00+00:00,360.67,360.77,359.68,360.66,442
2026-09-15T16:25:00+00:00,360.66,361.08,360.58,360.93,353
2026-09-15T16:30:00+00:00,360.93,361.32,360.54,361.31,305
2026-09-15T16:35:00+00:00,361.31,361.52,360.74,361.1,490
2026-09-15T16:40:00+00:00,361.1,361.13,359.68,359.94,490
2026-09-15T16:45:00+00:00,359.94,359.96,358.76,359.29,630
2026-09-15T16:50:00+00:00,359.29,361.25,359.13,360.86,622
2026-09-15T16:55:00+00:00,360.86,361.35,359.74,360.34,565
2026-09-15T17:00:00+00:00,360.34,360.38,358.58,358.58,499
2026-09-15T17:05:00+00:00,358.58,359.6,358.5,359.08,541
2026-09-15T17:10:00+00:00,359.08,359.46,358.88,359.28,366
2026-09-15T17:15:00+00:00,359.28,360.03,359.1,359.94,362
2026-09-15T17:20:00+00:00,359.94,360.09,359.12,359.2,390
2026-09-15T17:25:00+00:00,359.2,359.26,358.73,358.89,328
2026-09-15T17:30:00+00:00,358.89,359.23,355.94,356.82,707
2026-09-15T17:35:00+00:00,356.82,356.83,355.06,356.6,898
2026-09-15T17:40:00+00:00,356.6,357.44,356.58,357.18,394
2026-09-15T17:45:00+00:00,357.18,357.49,356.39,356.91,349
2026-09-15T17:50:00+00:00,356.91,356.97,356.38,356.66,326
2026-09-15T17:55:00+00:00,356.66,357.41,356.09,357.2,363
2026-09-15T18:00:00+00:00,357.2,357.94,356.37,357.23,378
2026-09-15T18:05:00+00:00,357.23,357.58,356.98,357.32,330
2026-09-15T18:10:00+00:00,357.32,357.9,357.22,357.24,298
2026-09-15T18:15:00+00:00,357.24,357.88,356.98,357.34,376
2026-09-15T18:20:00+00:00,357.34,357.42,357.08,357.33,264
2026-09-15T18:25:00+00:00,357.33,357.92,357.18,357.91,269
2026-09-15T18:30:00+00:00,357.91,357.91,357.13,357.34,279
2026-09-15T18:35:00+00:00,357.34,357.46,356.73,357.06,352
2026-09-15T18:40:00+00:00,357.06,357.09,356.73,356.95,424
2026-09-15T18:45:00+00:00,356.95,357.07,356.38,356.38,275
2026-09-15T18:50:00+00:00,356.38,356.8,356.21,356.71,323
2026-09-15T18:55:00+00:00,356.71,357.33,356.52,357.04,366
2026-09-15T19:00:00+00:00,357.04,357.21,356.25,356.8,362
2026-09-15T19:05:00+00:00,356.8,356.98,356.68,356.84,267
2026-09-15T19:10:00+00:00,356.84,357.01,355.76,356.14,301
2026-09-15T19:15:00+00:00,356.14,356.45,355.89,356.31,306
2026-09-15T19:20:00+00:00,356.31,356.43,355.48,355.6,317
2026-09-15T19:25:00+00:00,355.6,356.15,355.6,355.82,231
2026-09-15T19:30:00+00:00,355.82,355.83,355.26,355.37,383
2026-09-15T19:35:00+00:00,355.37,355.46,353.99,354.33,491
2026-09-15T19:40:00+00:00,354.33,355.06,353.93,354.98,497
2026-09-15T19:45:00+00:00,354.98,355.2,354.46,355.18,420
2026-09-15T19:50:00+00:00,355.18,355.72,354.22,355.54,622
2026-09-15T19:55:00+00:00,355.54,356.74,355.33,356.74,883
2026-09-16T13:30:00+00:00,356.74,358.36,354.77,356.82,1617
2026-09-16T13:35:00+00:00,356.82,358.29,356.46,357.57,1298
2026-09-16T13:40:00+00:00,357.57,359.31,357.36,359.01,1240
2026-09-16T13:45:00+00:00,359.01,360.02,358.66,359.81,1372
2026-09-16T13:50:00+00:00,359.81,361,359.6,360.19,1134
2026-09-16T13:55:00+00:00,360.19,360.57,358.88,359.1,871
2026-09-16T14:00:00+00:00,359.1,361.07,359.08,360.94,864
2026-09-16T14:05:00+00:00,360.94,360.94,360.05,360.13,1105
2026-09-16T14:10:00+00:00,360.13,363.51,359.82,363.27,1518
2026-09-16T14:15:00+00:00,363.27,364.05,362.05,362.48,1492
2026-09-16T14:20:00+00:00,362.48,364.12,361.77,363.58,1079
2026-09-16T14:25:00+00:00,363.58,364.28,362.98,363.32,938
2026-09-16T14:30:00+00:00,363.32,363.96,362.88,363.18,850
2026-09-16T14:35:00+00:00,363.18,363.52,362.09,362.37,778
2026-09-16T14:40:00+00:00,362.37,363.77,362.35,363.52,642
2026-09-16T14:45:00+00:00,363.52,363.72,362.88,362.98,725
2026-09-16T14:50:00+00:00,362.98,363.71,362.4,363.54,753
2026-09-16T14:55:00+00:00,363.54,363.62,362.85,363.12,538
2026-09-16T15:00:00+00:00,363.65,364.9,363.6,364.29,864
2026-09-16T15:05:00+00:00,364.29,364.82,363.38,363.9,750
2026-09-16T15:10:00+00:00,363.9,364.41,363.82,364.13,645
2026-09-16T15:15:00+00:00,364.13,364.34,363.11,363.41,690
2026-09-16T15:20:00+00:00,363.41,363.79,363.26,363.51,479
2026-09-16T15:25:00+00:00,363.51,363.58,362.58,362.91,542
2026-09-16T15:30:00+00:00,362.91,362.95,361.94,362.21,528
2026-09-16T15:35:00+00:00,362.21,362.33,361.68,361.71,599
2026-09-16T15:40:00+00:00,361.71,362.38,361.64,361.7,516
2026-09-16T15:45:00+00:00,361.7,362.88,361.65,362.14,652
2026-09-16T15:50:00+00:00,362.14,363.01,362.1,362.95,529
2026-09-16T15:55:00+00:00,362.95,362.95,362.08,362.14,471
2026-09-16T16:00:00+00:00,362.14,362.27,361.78,361.9,472
2026-09-16T16:05:00+00:00,361.9,362.08,361.79,361.85,380
2026-09-16T16:10:00+00:00,361.85,362.04,361.38,361.55,441
2026-09-16T16:15:00+00:00,361.55,361.59,361.09,361.3,324
2026-09-16T16:20:00+00:00,361.3,361.3,360.78,360.9,388
2026-09-16T16:25:00+00:00,360.9,361.21,360.68,360.89,414
2026-09-16T16:30:00+00:00,360.89,360.89,360.3,360.56,427
2026-09-16T16:35:00+00:00,360.56,361.32,360.48,361.26,427
2026-09-16T16:40:00+00:00,361.26,362.07,361.25,361.85,528
2026-09-16T16:45:00+00:00,361.85,362.97,361.73,362.37,579
2026-09-16T16:50:00+00:00,362.37,362.63,361.91,362.05,463
2026-09-16T16:55:00+00:00,362.05,362.3,361.93,362.17,402
2026-09-16T17:00:00+00:00,362.17,362.21,361.42,361.63,374
2026-09-16T17:05:00+00:00,361.63,361.93,361.3,361.78,429
2026-09-16T17:10:00+00:00,361.78,361.81,361.33,361.59,307
2026-09-16T17:15:00+00:00,361.59,361.97,361.18,361.24,303
2026-09-16T17:20:00+00:00,361.24,361.3,360.58,360.99,436
2026-09-16T17:25:00+00:00,360.99,361.53,360.94,361.25,339
2026-09-16T17:30:00+00:00,361.25,361.52,360.93,361.22,312
2026-09-16T17:35:00+00:00,361.22,361.3,360.39,360.39,463
2026-09-16T17:40:00+00:00,360.39,360.62,360.14,360.21,428
2026-09-16T17:45:00+00:00,360.21,360.5,360.09,360.32,462
2026-09-16T17:50:00+00:00,360.32,360.49,360.25,360.49,379
2026-09-16T17:55:00+00:00,360.49,360.82,360.14,360.62,424
2026-09-16T18:00:00+00:00,360.62,361.29,359.43,360.79,1313
2026-09-16T18:05:00+00:00,360.79,362.73,360.77,362.41,955
2026-09-16T18:10:00+00:00,362.41,362.57,360.18,360.27,1070
2026-09-16T18:15:00+00:00,360.27,360.74,359.97,360.42,764
2026-09-16T18:20:00+00:00,360.42,360.8,360.13,360.59,650
2026-09-16T18:25:00+00:00,360.59,360.99,360.13,360.62,756
2026-09-16T18:30:00+00:00,360.62,360.81,358.71,358.92,1183
2026-09-16T18:35:00+00:00,358.92,359.25,357.65,358.76,1184
2026-09-16T18:40:00+00:00,358.76,360.2,358.75,359.19,1070
2026-09-16T18:45:00+00:00,359.19,359.83,358.4,358.41,1039
2026-09-16T18:50:00+00:00,358.41,358.66,357.15,357.15,1167
2026-09-16T18:55:00+00:00,357.15,357.68,356.3,356.32,1358
2026-09-16T19:00:00+00:00,356.32,357.92,356.2,357.36,1242
2026-09-16T19:05:00+00:00,357.36,357.92,356.58,356.73,1055
2026-09-16T19:10:00+00:00,356.73,356.93,355.29,355.48,978
2026-09-16T19:15:00+00:00,355.48,356.12,355.29,355.46,911
2026-09-16T19:20:00+00:00,355.46,355.88,355.16,355.55,846
2026-09-16T19:25:00+00:00,355.55,356.07,354.89,356.05,898
2026-09-16T19:30:00+00:00,356.05,358.19,355.88,358.14,983
2026-09-16T19:35:00+00:00,358.14,358.19,356.69,357.44,888
2026-09-16T19:40:00+00:00,357.44,357.83,356.88,357.61,797
2026-09-16T19:45:00+00:00,357.61,358.86,357.61,358.75,698
2026-09-16T19:50:00+00:00,358.75,359.15,357.88,357.98,863
2026-09-16T19:55:00+00:00,357.98,358.35,356.96,357.79,1482
2026-09-17T13:30:00+00:00,357.79,370.94,357.79,369.11,1278
2026-09-17T13:35:00+00:00,369.11,369.77,363.1,363.86,1318
2026-09-17T13:40:00+00:00,363.86,365.76,363.57,365.05,878
2026-09-17T13:45:00+00:00,365.05,365.05,363.98,364.28,660
2026-09-17T13:50:00+00:00,364.28,367.14,364.28,366.93,1001
2026-09-17T13:55:00+00:00,366.93,369.53,366.93,369.53,957
2026-09-17T14:00:00+00:00,369.53,370.88,367.88,370.38,1014
2026-09-17T14:05:00+00:00,370.38,372.8,370.18,372.8,1068
2026-09-17T14:10:00+00:00,372.8,373.98,371.8,373.3,1210
2026-09-17T14:15:00+00:00,373.3,373.52,371.53,371.86,971
2026-09-17T14:20:00+00:00,371.86,371.91,370.92,370.98,726
2026-09-17T14:25:00+00:00,370.98,371.5,369.8,370.65,772
2026-09-17T14:30:00+00:00,370.65,371.23,370.05,371.07,657
2026-09-17T14:35:00+00:00,371.07,371.23,370.4,370.79,555
2026-09-17T14:40:00+00:00,370.79,371.16,369.43,369.6,597
2026-09-17T14:45:00+00:00,369.6,369.79,368.79,368.8,652
2026-09-17T14:50:00+00:00,368.8,369.31,368.38,368.45,651
2026-09-17T14:55:00+00:00,368.45,368.52,368,368.42,643
2026-09-17T15:00:00+00:00,368.42,368.45,366.43,366.45,776
2026-09-17T15:05:00+00:00,366.45,366.71,364.89,365.09,760
2026-09-17T15:10:00+00:00,365.09,365.39,364.13,364.39,637
2026-09-17T15:15:00+00:00,364.39,365.31,363.91,365.1,826
2026-09-17T15:20:00+00:00,365.1,365.89,364.88,365.3,674
2026-09-17T15:25:00+00:00,365.3,366.81,365.26,366.31,743
2026-09-17T15:30:00+00:00,366.31,366.53,365.53,366,554
2026-09-17T15:35:00+00:00,366,366.91,365.9,366.43,518
2026-09-17T15:40:00+00:00,366.43,367.17,366.38,366.78,379
2026-09-17T15:45:00+00:00,366.78,367.09,366.48,366.9,384
2026-09-17T15:50:00+00:00,366.9,367.69,366.88,367.59,458
2026-09-17T15:55:00+00:00,367.59,369.08,367.53,368.93,673
2026-09-17T16:00:00+00:00,368.93,369.42,368.02,368.22,663
2026-09-17T16:05:00+00:00,368.22,368.69,367.63,368.2,615
2026-09-17T16:10:00+00:00,368.2,368.57,367.79,368.12,447
2026-09-17T16:15:00+00:00,368.12,368.19,367.57,367.89,364
2026-09-17T16:20:00+00:00,367.89,368.01,367.39,368,359
2026-09-17T16:25:00+00:00,368,368.06,367.29,367.49,348
2026-09-17T16:30:00+00:00,367.49,367.58,366.87,367.14,434
2026-09-17T16:35:00+00:00,367.14,367.58,367.13,367.3,336
2026-09-17T16:40:00+00:00,367.3,367.6,367.13,367.3,362
2026-09-17T16:45:00+00:00,367.3,367.31,366.51,366.57,366
2026-09-17T16:50:00+00:00,366.57,367.21,366.48,366.5,445
2026-09-17T16:55:00+00:00,366.5,366.66,366.01,366.66,503
2026-09-17T17:00:00+00:00,366.66,367.05,366.38,366.56,361
2026-09-17T17:05:00+00:00,366.56,367.51,366.38,367.43,357
2026-09-17T17:10:00+00:00,367.43,367.88,366.94,366.99,491
2026-09-17T17:15:00+00:00,366.99,368.01,366.75,367.89,420
2026-09-17T17:20:00+00:00,367.89,367.95,367.01,367.52,404
2026-09-17T17:25:00+00:00,367.52,367.78,367.33,367.48,374
2026-09-17T17:30:00+00:00,367.48,368.65,367.39,368.61,409
2026-09-17T17:35:00+00:00,368.61,368.63,367.68,367.82,518
2026-09-17T17:40:00+00:00,367.82,368.08,367.42,367.51,361
2026-09-17T17:45:00+00:00,367.51,367.84,367.46,367.79,356
2026-09-17T17:50:00+00:00,367.79,367.86,367.49,367.64,260
2026-09-17T17:55:00+00:00,367.64,368.16,367.58,367.91,330
2026-09-17T18:00:00+00:00,367.91,368.21,367.5,367.99,385
2026-09-17T18:05:00+00:00,367.99,368.23,367.68,367.8,384
2026-09-17T18:10:00+00:00,367.8,367.94,367.18,367.24,400
2026-09-17T18:15:00+00:00,367.24,367.54,366.88,367.29,414
2026-09-17T18:20:00+00:00,367.29,367.38,366.55,366.55,370
2026-09-17T18:25:00+00:00,366.55,367.06,366.55,366.57,371
2026-09-17T18:30:00+00:00,366.57,366.66,365.79,365.79,407
2026-09-17T18:35:00+00:00,365.79,366.07,365.46,365.47,371
2026-09-17T18:40:00+00:00,365.47,366.01,365.47,365.58,383
2026-09-17T18:45:00+00:00,365.58,365.98,365.58,365.83,371
2026-09-17T18:50:00+00:00,365.83,366.45,365.78,366.39,449
2026-09-17T18:55:00+00:00,366.39,366.84,366.19,366.6,370
2026-09-17T19:00:00+00:00,366.6,367.24,366.38,367.17,338
2026-09-17T19:05:00+00:00,367.17,367.29,366.28,366.54,381
2026-09-17T19:10:00+00:00,366.54,367.01,366.31,366.97,377
2026-09-17T19:15:00+00:00,366.97,367.01,366.48,366.63,296
2026-09-17T19:20:00+00:00,366.63,366.87,366.08,366.18,409
2026-09-17T19:25:00+00:00,366.18,366.84,366.08,366.63,357
2026-09-17T19:30:00+00:00,366.63,367.15,366.62,366.95,366
2026-09-17T19:35:00+00:00,366.95,367,366.53,366.68,342
2026-09-17T19:40:00+00:00,366.68,366.77,366.26,366.6,350
2026-09-17T19:45:00+00:00,366.6,366.83,366.19,366.4,282
2026-09-17T19:50:00+00:00,366.4,367.27,366.19,366.89,607
2026-09-17T19:55:00+00:00,366.89,367.03,365.5,365.92,819
2026-09-18T13:30:00+00:00,365.92,369.94,365.92,366.82,862
2026-09-18T13:35:00+00:00,366.82,368.69,365.45,368.33,1091
2026-09-18T13:40:00+00:00,368.33,370.18,367.93,368.88,1291
2026-09-18T13:45:00+00:00,368.88,370.7,368.38,368.69,1217
2026-09-18T13:50:00+00:00,368.69,368.7,366.16,366.32,1045
2026-09-18T13:55:00+00:00,366.32,367.91,365.29,365.46,950
2026-09-18T14:00:00+00:00,365.46,365.85,364.26,364.26,956
2026-09-18T14:05:00+00:00,364.26,364.27,361.93,363.06,1135
2026-09-18T14:10:00+00:00,363.06,363.16,360.83,361.04,1050
2026-09-18T14:15:00+00:00,361.04,361.86,360.65,361.79,1013
2026-09-18T14:20:00+00:00,361.79,362.87,361.79,362.72,858
2026-09-18T14:25:00+00:00,362.72,365.15,362.7,364.91,986
2026-09-18T14:30:00+00:00,364.91,365.26,363.52,364,851
2026-09-18T14:35:00+00:00,364,364.38,363.59,364.37,585
2026-09-18T14:40:00+00:00,364.37,366.47,364.28,366.32,852
2026-09-18T14:45:00+00:00,366.32,367.62,365.55,367.56,1062
2026-09-18T14:50:00+00:00,367.56,368.6,367.56,368.25,964
2026-09-18T14:55:00+00:00,368.25,368.52,367.27,367.53,864
2026-09-18T15:00:00+00:00,367.53,368.62,367.32,368.44,658
2026-09-18T15:05:00+00:00,368.44,368.53,366.96,367.15,668
2026-09-18T15:10:00+00:00,367.15,367.46,365.17,365.17,692
2026-09-18T15:15:00+00:00,365.17,365.29,363.38,363.61,785
2026-09-18T15:20:00+00:00,363.61,364.57,362.63,362.99,1060
2026-09-18T15:25:00+00:00,362.99,363.4,362.78,363,785
2026-09-18T15:30:00+00:00,363,363.08,361.69,362.06,884
2026-09-18T15:35:00+00:00,362.06,362.58,361.72,361.92,740
2026-09-18T15:40:00+00:00,361.92,362.31,361.53,362.01,730
2026-09-18T15:45:00+00:00,362.01,362.77,361.73,362.59,671
2026-09-18T15:50:00+00:00,362.59,363.2,361.99,362.12,786
2026-09-18T15:55:00+00:00,362.12,363.02,362.06,362.85,517
2026-09-18T16:00:00+00:00,362.85,363.05,362.33,362.7,549
2026-09-18T16:05:00+00:00,362.7,362.73,362.23,362.29,468
2026-09-18T16:10:00+00:00,362.29,362.88,362.28,362.59,485
2026-09-18T16:15:00+00:00,362.59,363.11,362.47,362.7,523
2026-09-18T16:20:00+00:00,362.7,362.82,361.33,361.49,663
2026-09-18T16:25:00+00:00,361.49,362.82,361.42,362.49,685
2026-09-18T16:30:00+00:00,362.49,362.8,362.11,362.38,588
2026-09-18T16:35:00+00:00,362.38,362.72,362.37,362.6,451
2026-09-18T16:40:00+00:00,362.6,362.82,362.4,362.75,350
2026-09-18T16:45:00+00:00,362.75,362.85,362.3,362.81,454
2026-09-18T16:50:00+00:00,362.81,363.3,362.74,363.22,477
2026-09-18T16:55:00+00:00,363.22,363.25,362.51,362.79,547
2026-09-18T17:00:00+00:00,362.79,362.82,362.29,362.48,569
2026-09-18T17:05:00+00:00,362.48,362.64,362.18,362.35,434
2026-09-18T17:10:00+00:00,362.35,362.6,362.13,362.53,272
2026-09-18T17:15:00+00:00,362.53,362.79,362.38,362.55,410
2026-09-18T17:20:00+00:00,362.55,362.82,362.39,362.82,288
2026-09-18T17:25:00+00:00,362.82,362.94,362.58,362.62,321
2026-09-18T17:30:00+00:00,362.62,362.89,362.39,362.55,403
2026-09-18T17:35:00+00:00,362.55,362.58,362.18,362.48,404
2026-09-18T17:40:00+00:00,362.48,363.06,362.45,362.8,379
2026-09-18T17:45:00+00:00,362.8,363.47,362.75,363.45,447
2026-09-18T17:50:00+00:00,363.45,363.69,363.18,363.58,486
2026-09-18T17:55:00+00:00,363.58,363.82,363.36,363.53,389
2026-09-18T18:00:00+00:00,363.53,363.59,363.25,363.33,351
2026-09-18T18:05:00+00:00,363.33,363.4,362.88,362.97,443
2026-09-18T18:10:00+00:00,362.97,362.99,362.2,362.33,457
2026-09-18T18:15:00+00:00,362.33,363.1,362.27,363.1,331
2026-09-18T18:20:00+00:00,363.1,363.48,363,363.33,425
2026-09-18T18:25:00+00:00,363.33,363.9,363.13,363.41,571
2026-09-18T18:30:00+00:00,363.41,363.63,362.6,362.9,462
2026-09-18T18:35:00+00:00,362.9,363.95,362.73,363.85,373
2026-09-18T18:40:00+00:00,363.85,363.88,363.08,363.16,422
2026-09-18T18:45:00+00:00,363.16,363.57,362.88,363.13,414
2026-09-18T18:50:00+00:00,363.13,363.44,362.78,363.34,386
2026-09-18T18:55:00+00:00,363.34,363.92,363.17,363.79,335
2026-09-18T19:00:00+00:00,363.79,363.87,363.44,363.58,290
2026-09-18T19:05:00+00:00,363.58,363.82,363.48,363.78,324
2026-09-18T19:10:00+00:00,363.78,364.07,363.58,363.91,356
2026-09-18T19:15:00+00:00,363.91,364.42,363.9,364.23,472
2026-09-18T19:20:00+00:00,364.23,364.8,363.78,364.03,443
2026-09-18T19:25:00+00:00,364.03,364.06,363.28,363.52,506
2026-09-18T19:30:00+00:00,363.52,363.56,362.78,362.82,345
2026-09-18T19:35:00+00:00,362.82,363.05,361.48,361.63,489
2026-09-18T19:40:00+00:00,361.63,362.49,361.61,362.48,426
2026-09-18T19:45:00+00:00,362.48,364.03,362.38,364.03,535
2026-09-18T19:50:00+00:00,364.03,365.23,363.99,364.56,805
2026-09-18T19:55:00+00:00,364.56,365.51,363.7,364.18,868
2026-09-21T13:30:00+00:00,364.18,376.21,364.18,373.45,1516
2026-09-21T13:35:00+00:00,373.45,375.94,371.88,372.46,1341
2026-09-21T13:40:00+00:00,372.46,375.51,372.46,375.12,1113
2026-09-21T13:45:00+00:00,375.12,376.27,374.48,374.91,1084
2026-09-21T13:50:00+00:00,374.91,377.5,374.62,377.3,1216
2026-09-21T13:55:00+00:00,377.3,377.89,375.23,375.94,1086
2026-09-21T14:00:00+00:00,375.94,377.14,375.69,376.59,787
2026-09-21T14:05:00+00:00,376.59,376.65,373.88,375.5,864
2026-09-21T14:10:00+00:00,375.5,376.38,375.27,375.55,648
2026-09-21T14:15:00+00:00,375.55,376,374.98,375.58,506
2026-09-21T14:20:00+00:00,375.58,375.83,375.19,375.58,464
2026-09-21T14:25:00+00:00,375.58,377.47,375.58,377.25,764
2026-09-21T14:30:00+00:00,377.25,378.01,376.88,376.98,879
2026-09-21T14:35:00+00:00,376.98,377.24,374.65,375.08,971
2026-09-21T14:40:00+00:00,375.08,375.69,374.9,374.99,632
2026-09-21T14:45:00+00:00,374.99,375.8,373.73,375.46,905
2026-09-21T14:50:00+00:00,375.46,375.8,374.52,375.29,592
2026-09-21T14:55:00+00:00,375.29,376.31,375.29,375.99,548
2026-09-21T15:00:00+00:00,375.99,376.06,374.93,375.05,547
2026-09-21T15:05:00+00:00,375.05,375.96,374.73,375.66,400
2026-09-21T15:10:00+00:00,375.66,375.98,374.49,374.8,530
2026-09-21T15:15:00+00:00,374.8,375.01,374.34,374.48,421
2026-09-21T15:20:00+00:00,374.48,374.8,374.34,374.79,417
2026-09-21T15:25:00+00:00,374.79,374.88,374.42,374.58,420
2026-09-21T15:30:00+00:00,374.58,374.64,373.97,374.01,460
2026-09-21T15:35:00+00:00,374.01,374.49,373.82,374.47,501
2026-09-21T15:40:00+00:00,374.47,374.51,373.82,373.9,488
2026-09-21T15:45:00+00:00,373.9,374.84,373.82,374.79,418
2026-09-21T15:50:00+00:00,374.79,374.82,374.24,374.65,426
2026-09-21T15:55:00+00:00,374.65,375.4,374.63,375.03,481
2026-09-21T16:00:00+00:00,375.03,375.06,374,374.27,487
2026-09-21T16:05:00+00:00,374.27,375.3,374.04,375.3,391
2026-09-21T16:10:00+00:00,375.3,375.37,374.67,374.8,393
2026-09-21T16:15:00+00:00,374.8,375.19,374.41,374.67,412
2026-09-21T16:20:00+00:00,374.67,374.74,374.28,374.36,304
2026-09-21T16:25:00+00:00,374.36,374.85,374.17,374.52,338
2026-09-21T16:30:00+00:00,374.52,375.13,374.52,375.12,343
2026-09-21T16:35:00+00:00,375.12,375.12,373.93,374.05,418
2026-09-21T16:40:00+00:00,374.05,374.33,373.94,373.99,339
2026-09-21T16:45:00+00:00,373.99,374.02,373.33,373.82,524
2026-09-21T16:50:00+00:00,373.82,373.82,373.28,373.7,462
2026-09-21T16:55:00+00:00,373.7,374.21,373.68,373.83,408
2026-09-21T17:00:00+00:00,373.83,373.87,373.38,373.51,337
2026-09-21T17:05:00+00:00,373.51,373.68,373,373.15,362
2026-09-21T17:10:00+00:00,373.15,373.16,372.7,372.84,440
2026-09-21T17:15:00+00:00,372.84,373.07,372.5,372.9,454
2026-09-21T17:20:00+00:00,372.9,373.12,372.61,372.79,351
2026-09-21T17:25:00+00:00,372.79,373.32,372.61,373.02,339
2026-09-21T17:30:00+00:00,373.02,373.3,372.69,372.99,339
2026-09-21T17:35:00+00:00,372.99,373.48,372.88,373.43,371
2026-09-21T17:40:00+00:00,373.43,373.72,373.31,373.49,385
2026-09-21T17:45:00+00:00,373.49,374.22,373.43,373.78,437
2026-09-21T17:50:00+00:00,373.78,374.04,373.52,373.91,355
2026-09-21T17:55:00+00:00,373.91,373.93,373,373.42,360
2026-09-21T18:00:00+00:00,373.42,374.13,373.4,374.1,370
2026-09-21T18:05:00+00:00,374.1,374.49,373.88,374.23,415
2026-09-21T18:10:00+00:00,374.23,374.67,374.16,374.4,415
2026-09-21T18:15:00+00:00,374.4,374.91,374.37,374.72,433
2026-09-21T18:20:00+00:00,374.72,374.75,374.26,374.34,370
2026-09-21T18:25:00+00:00,374.34,374.39,374.08,374.3,323
2026-09-21T18:30:00+00:00,374.3,374.36,373.75,373.89,329
2026-09-21T18:35:00+00:00,373.89,374.26,373.66,374.03,349
2026-09-21T18:40:00+00:00,374.03,374.86,373.98,374.77,361
2026-09-21T18:45:00+00:00,374.77,375.5,374.72,375.37,482
2026-09-21T18:50:00+00:00,375.37,375.95,375.35,375.9,501
2026-09-21T18:55:00+00:00,375.9,376.1,375.5,375.72,461
2026-09-21T19:00:00+00:00,375.72,375.74,375.18,375.48,330
2026-09-21T19:05:00+00:00,375.48,375.54,375.16,375.29,271
2026-09-21T19:10:00+00:00,375.29,375.6,375.18,375.27,333
2026-09-21T19:15:00+00:00,375.27,375.65,375.25,375.5,284
2026-09-21T19:20:00+00:00,375.5,375.62,375.1,375.11,360
2026-09-21T19:25:00+00:00,375.11,375.25,374.93,375.16,300
2026-09-21T19:30:00+00:00,375.16,376.31,374.89,376.3,527
2026-09-21T19:35:00+00:00,376.3,376.39,375.53,375.71,451
2026-09-21T19:40:00+00:00,375.71,375.8,374.86,374.88,370
2026-09-21T19:45:00+00:00,374.88,374.88,373.98,374.06,440
2026-09-21T19:50:00+00:00,374.06,374.06,373.27,373.28,639
2026-09-21T19:55:00+00:00,373.28,375.63,373.23,375.31,936
2026-09-22T13:30:00+00:00,375.31,378.6,374.54,374.62,978
2026-09-22T13:35:00+00:00,374.62,376.47,372.76,376.19,1205
2026-09-22T13:40:00+00:00,376.19,376.67,375.15,375.15,935
2026-09-22T13:45:00+00:00,375.15,375.58,373.73,375.42,889
2026-09-22T13:50:00+00:00,375.42,376.92,375.19,376.61,725
2026-09-22T13:55:00+00:00,376.61,376.96,375.16,375.41,719
2026-09-22T14:00:00+00:00,375.41,376.58,375.33,376.54,561
2026-09-22T14:05:00+00:00,376.54,377.33,375.85,376.9,750
2026-09-22T14:10:00+00:00,376.9,378.34,376.88,378.26,953
2026-09-22T14:15:00+00:00,378.26,378.5,376.92,377.14,729
2026-09-22T14:20:00+00:00,377.14,378.6,377.03,378.33,614
2026-09-22T14:25:00+00:00,378.33,378.54,377.7,377.97,509
2026-09-22T14:30:00+00:00,377.97,378.46,377.74,378.05,503
2026-09-22T14:35:00+00:00,378.05,378.39,377.26,377.68,593
2026-09-22T14:40:00+00:00,377.68,378,376.78,377.1,712
2026-09-22T14:45:00+00:00,377.1,377.51,376.75,377.31,648
2026-09-22T14:50:00+00:00,377.31,377.5,376.92,377.16,455
2026-09-22T14:55:00+00:00,377.16,377.29,375.89,376.09,495
2026-09-22T15:00:00+00:00,376.09,376.22,375.59,375.68,533
2026-09-22T15:05:00+00:00,375.68,376.46,375.67,375.96,467
2026-09-22T15:10:00+00:00,375.96,376.16,375.63,376,406
2026-09-22T15:15:00+00:00,376,376.44,376,376.38,406
2026-09-22T15:20:00+00:00,376.38,376.58,375.96,376.39,402
2026-09-22T15:25:00+00:00,376.39,376.86,376.24,376.54,489
2026-09-22T15:30:00+00:00,376.54,376.58,376,376.22,431
2026-09-22T15:35:00+00:00,376.22,376.32,375.3,375.58,447
2026-09-22T15:40:00+00:00,375.58,376.17,375.54,376.05,409
2026-09-22T15:45:00+00:00,376.05,376.46,375.73,376.19,420
2026-09-22T15:50:00+00:00,376.19,376.36,375.93,376.08,460
2026-09-22T15:55:00+00:00,376.08,376.88,375.81,376.68,399
2026-09-22T16:00:00+00:00,376.68,377,376.41,376.71,413
2026-09-22T16:05:00+00:00,376.71,377.13,376.7,376.81,364
2026-09-22T16:10:00+00:00,376.81,377.03,376.4,376.57,358
2026-09-22T16:15:00+00:00,376.57,376.68,375.96,376.09,345
2026-09-22T16:20:00+00:00,376.09,376.28,375.93,376.24,339
2026-09-22T16:25:00+00:00,376.24,376.87,376.13,376.77,384
2026-09-22T16:30:00+00:00,376.77,377.31,376.64,377.17,315
2026-09-22T16:35:00+00:00,377.17,377.85,377.09,377.54,406
2026-09-22T16:40:00+00:00,377.54,377.64,377.08,377.39,357
2026-09-22T16:45:00+00:00,377.39,378.39,377.1,378.3,385
2026-09-22T16:50:00+00:00,378.3,378.5,377.92,378.3,471
2026-09-22T16:55:00+00:00,378.3,378.68,377.97,378.4,486
2026-09-22T17:00:00+00:00,378.4,378.59,377.88,378.14,403
2026-09-22T17:05:00+00:00,378.14,378.45,377.81,378.19,353
2026-09-22T17:10:00+00:00,378.19,378.52,378.15,378.5,298
2026-09-22T17:15:00+00:00,378.5,379.26,378.48,378.71,561
2026-09-22T17:20:00+00:00,378.71,379.03,378.56,378.56,360
2026-09-22T17:25:00+00:00,378.56,378.61,378.09,378.25,372
2026-09-22T17:30:00+00:00,378.25,378.41,378.08,378.28,299
2026-09-22T17:35:00+00:00,378.28,378.39,377.84,377.84,357
2026-09-22T17:40:00+00:00,377.84,377.87,377.52,377.61,307
2026-09-22T17:45:00+00:00,377.61,378.24,377.57,378.06,276
2026-09-22T17:50:00+00:00,378.06,379.34,377.98,379.11,475
2026-09-22T17:55:00+00:00,379.11,379.31,378.88,379.17,400
2026-09-22T18:00:00+00:00,379.17,379.67,378.34,378.6,474
2026-09-22T18:05:00+00:00,378.6,379.21,378.19,378.31,339
2026-09-22T18:10:00+00:00,378.31,378.83,378.18,378.66,372
2026-09-22T18:15:00+00:00,378.66,378.91,378.48,378.84,290
2026-09-22T18:20:00+00:00,378.84,379.76,378.69,379.68,351
2026-09-22T18:25:00+00:00,379.68,379.72,378.9,378.93,335
2026-09-22T18:30:00+00:00,378.93,379.14,378.68,379,327
2026-09-22T18:35:00+00:00,379,379.33,378.68,379.23,336
2026-09-22T18:40:00+00:00,379.23,379.35,378.88,379.03,334
2026-09-22T18:45:00+00:00,379.03,379.08,378.57,378.99,334
2026-09-22T18:50:00+00:00,378.99,379.42,378.8,379.38,336
2026-09-22T18:55:00+00:00,379.38,379.67,379.28,379.59,394
2026-09-22T19:00:00+00:00,379.59,379.81,379.28,379.59,334
2026-09-22T19:05:00+00:00,379.59,379.78,379.28,379.73,255
2026-09-22T19:10:00+00:00,379.73,379.74,379.05,379.2,296
2026-09-22T19:15:00+00:00,379.2,379.56,378.96,379.13,270
2026-09-22T19:20:00+00:00,379.13,379.31,378.88,378.88,312
2026-09-22T19:25:00+00:00,378.88,379.49,378.88,379.07,279
2026-09-22T19:30:00+00:00,379.07,379.61,378.92,379.61,292
2026-09-22T19:35:00+00:00,379.61,379.7,379.18,379.56,303
2026-09-22T19:40:00+00:00,379.56,380.02,379.15,379.6,452
2026-09-22T19:45:00+00:00,379.6,379.88,379.27,379.5,345
2026-09-22T19:50:00+00:00,379.5,380.26,379.23,379.32,498
2026-09-22T19:55:00+00:00,379.32,379.43,378.22,378.73,1229
2026-09-23T13:30:00+00:00,379.32,384.26,379.32,381.4,1180
2026-09-23T13:35:00+00:00,381.4,381.4,378.65,380.55,1078
2026-09-23T13:40:00+00:00,380.55,382.51,380.44,382.23,964
2026-09-23T13:45:00+00:00,382.23,385.32,381.87,384.13,1381
2026-09-23T13:50:00+00:00,384.13,384.76,382.63,383.99,935
2026-09-23T13:55:00+00:00,383.99,385.63,383.49,384.88,994
2026-09-23T14:00:00+00:00,384.88,386.31,383.75,385.9,1156
2026-09-23T14:05:00+00:00,385.9,386.5,381.48,381.54,1129
2026-09-23T14:10:00+00:00,381.54,382.11,380.9,381.58,987
2026-09-23T14:15:00+00:00,381.58,381.66,380.54,380.9,767
2026-09-23T14:20:00+00:00,380.9,381.14,379.66,380.1,851
2026-09-23T14:25:00+00:00,380.1,380.64,379.53,379.63,673
2026-09-23T14:30:00+00:00,379.63,379.77,378.43,379.58,773
2026-09-23T14:35:00+00:00,379.58,379.68,378.89,379.4,678
2026-09-23T14:40:00+00:00,379.4,379.47,378.81,378.88,523
2026-09-23T14:45:00+00:00,378.88,379.38,378.78,379.3,466
2026-09-23T14:50:00+00:00,379.3,380.76,378.79,380.7,788
2026-09-23T14:55:00+00:00,380.7,381.52,380.22,380.96,732
2026-09-23T15:00:00+00:00,380.96,381.02,380.09,380.73,542
2026-09-23T15:05:00+00:00,380.73,381.09,380.23,380.42,501
2026-09-23T15:10:00+00:00,380.42,380.44,379.73,379.81,489
2026-09-23T15:15:00+00:00,379.81,380.18,379.48,379.89,516
2026-09-23T15:20:00+00:00,379.89,381.38,379.88,381.38,527
2026-09-23T15:25:00+00:00,381.38,381.6,380.14,380.38,604
2026-09-23T15:30:00+00:00,380.38,380.53,380.09,380.21,439
2026-09-23T15:35:00+00:00,380.21,380.62,380.08,380.47,372
2026-09-23T15:40:00+00:00,380.47,381,380.47,380.71,365
2026-09-23T15:45:00+00:00,380.71,380.84,380.03,380.08,399
2026-09-23T15:50:00+00:00,380.08,380.76,380.03,380.57,377
2026-09-23T15:55:00+00:00,380.57,380.84,379.88,380.21,301
2026-09-23T16:00:00+00:00,380.21,380.76,380.04,380.48,325
2026-09-23T16:05:00+00:00,380.48,380.66,380.13,380.31,413
2026-09-23T16:10:00+00:00,380.31,380.31,379.69,379.99,399
2026-09-23T16:15:00+00:00,379.99,380.07,379.3,379.49,479
2026-09-23T16:20:00+00:00,379.49,379.65,379.21,379.3,336
2026-09-23T16:25:00+00:00,379.3,379.77,379.18,379.27,353
2026-09-23T16:30:00+00:00,379.27,380.2,379.27,380.03,405
2026-09-23T16:35:00+00:00,380.03,380.25,379.28,379.43,389
2026-09-23T16:40:00+00:00,379.43,379.56,379.26,379.39,356
2026-09-23T16:45:00+00:00,379.39,379.57,379.18,379.35,380
2026-09-23T16:50:00+00:00,379.35,379.36,378.33,378.49,563
2026-09-23T16:55:00+00:00,378.49,378.64,378.29,378.42,514
2026-09-23T17:00:00+00:00,378.42,378.63,377.45,377.58,565
2026-09-23T17:05:00+00:00,377.58,378.22,377.58,378.12,512
2026-09-23T17:10:00+00:00,378.12,378.37,377.78,377.96,454
2026-09-23T17:15:00+00:00,377.96,379.04,377.89,378.98,445
2026-09-23T17:20:00+00:00,378.98,379.31,378.43,378.44,523
2026-09-23T17:25:00+00:00,378.44,378.73,378.34,378.6,421
2026-09-23T17:30:00+00:00,378.6,378.65,378.13,378.57,313
2026-09-23T17:35:00+00:00,378.57,379.2,378.21,379.08,340
2026-09-23T17:40:00+00:00,379.08,379.98,378.73,379.67,533
2026-09-23T17:45:00+00:00,379.67,379.89,379.03,379.39,532
2026-09-23T17:50:00+00:00,379.39,379.53,378.74,379.53,435
2026-09-23T17:55:00+00:00,379.53,379.71,379.17,379.59,352
2026-09-23T18:00:00+00:00,379.59,379.76,379.27,379.29,403
2026-09-23T18:05:00+00:00,379.29,380.11,379.2,379.94,407
2026-09-23T18:10:00+00:00,379.94,380.23,379.41,379.55,429
2026-09-23T18:15:00+00:00,379.55,380.14,379.46,380.14,439
2026-09-23T18:20:00+00:00,380.14,380.18,379.53,379.73,364
2026-09-23T18:25:00+00:00,379.73,379.8,379.47,379.61,359
2026-09-23T18:30:00+00:00,379.61,379.74,379.03,379.22,374
2026-09-23T18:35:00+00:00,379.22,379.3,378.78,379.1,304
2026-09-23T18:40:00+00:00,379.1,380.2,379,380.04,362
2026-09-23T18:45:00+00:00,380.04,380.3,379.58,379.71,426
2026-09-23T18:50:00+00:00,379.71,379.71,379.22,379.45,339
2026-09-23T18:55:00+00:00,379.45,379.84,379.4,379.61,308
2026-09-23T19:00:00+00:00,379.61,379.62,379.22,379.4,355
2026-09-23T19:05:00+00:00,379.4,380.13,379.39,380.02,322
2026-09-23T19:10:00+00:00,380.02,380.12,379.73,379.99,251
2026-09-23T19:15:00+00:00,379.99,380.04,379.48,379.68,308
2026-09-23T19:20:00+00:00,379.68,380.26,379.55,380.24,278
2026-09-23T19:25:00+00:00,380.24,380.27,379.65,379.77,359
2026-09-23T19:30:00+00:00,379.77,380.09,379.22,379.75,331
2026-09-23T19:35:00+00:00,379.75,379.75,379.31,379.65,248
2026-09-23T19:40:00+00:00,379.65,379.76,378.93,379.33,379
2026-09-23T19:45:00+00:00,379.33,379.6,378.89,379.52,326
2026-09-23T19:50:00+00:00,379.52,380.29,379.13,379.26,589
2026-09-23T19:55:00+00:00,379.26,380.27,379.25,380.05,807
2026-09-24T13:30:00+00:00,380.05,380.05,376,376.75,696
2026-09-24T13:35:00+00:00,376.75,378.31,376.24,378.23,840
2026-09-24T13:40:00+00:00,378.23,378.33,377.09,378.23,622
2026-09-24T13:45:00+00:00,378.23,379,377.42,377.44,615
2026-09-24T13:50:00+00:00,377.44,378.62,376.95,378.49,705
2026-09-24T13:55:00+00:00,378.49,379.26,378,378.52,638
2026-09-24T14:00:00+00:00,378.52,379.56,378.43,378.86,636
2026-09-24T14:05:00+00:00,378.86,379.53,378.48,379.07,479
2026-09-24T14:10:00+00:00,379.07,379.58,378.79,379.35,458
2026-09-24T14:15:00+00:00,379.35,379.45,377.22,377.29,642
2026-09-24T14:20:00+00:00,377.29,378.2,376.13,378.02,803
2026-09-24T14:25:00+00:00,378.02,379.05,377.77,378.12,604
2026-09-24T14:30:00+00:00,378.12,378.64,377.17,378.48,569
2026-09-24T14:35:00+00:00,378.48,378.76,377.79,377.94,441
2026-09-24T14:40:00+00:00,377.94,378.09,377.08,377.14,410
2026-09-24T14:45:00+00:00,377.14,377.72,376.86,377.33,477
2026-09-24T14:50:00+00:00,377.33,377.79,377,377.09,434
2026-09-24T14:55:00+00:00,377.09,377.13,376.38,376.53,436
2026-09-24T15:00:00+00:00,376.53,377.19,376.53,376.6,442
2026-09-24T15:05:00+00:00,376.6,376.94,376.21,376.28,469
2026-09-24T15:10:00+00:00,376.28,376.5,375.98,376.17,561
2026-09-24T15:15:00+00:00,376.17,376.73,376.03,376.5,429
2026-09-24T15:20:00+00:00,376.5,377.42,376.19,377.31,435
2026-09-24T15:25:00+00:00,377.31,377.31,376.17,376.39,399
2026-09-24T15:30:00+00:00,376.39,376.56,376.17,376.29,403
2026-09-24T15:35:00+00:00,376.29,376.83,376.28,376.3,428
2026-09-24T15:40:00+00:00,376.3,376.69,376.09,376.65,379
2026-09-24T15:45:00+00:00,376.65,376.86,376.09,376.26,413
2026-09-24T15:50:00+00:00,376.26,376.77,376.25,376.59,312
2026-09-24T15:55:00+00:00,376.59,376.79,376.28,376.42,289
2026-09-24T16:00:00+00:00,376.42,376.5,376.01,376.33,458
2026-09-24T16:05:00+00:00,376.33,376.43,376.08,376.12,358
2026-09-24T16:10:00+00:00,376.12,376.26,375.57,376,570
2026-09-24T16:15:00+00:00,376,379.35,376,378.49,928
2026-09-24T16:20:00+00:00,378.49,380.12,378.49,379.81,697
2026-09-24T16:25:00+00:00,379.81,379.98,378.29,379.98,686
2026-09-24T16:30:00+00:00,379.98,380.37,379.15,379.54,606
2026-09-24T16:35:00+00:00,379.54,381.45,379.28,381.45,646
2026-09-24T16:40:00+00:00,381.45,383.2,381.05,381.09,855
2026-09-24T16:45:00+00:00,381.09,382.6,381.05,382.54,589
2026-09-24T16:50:00+00:00,382.54,382.92,381.64,381.82,650
2026-09-24T16:55:00+00:00,381.82,382.87,381.69,382.24,600
2026-09-24T17:00:00+00:00,382.24,382.43,381.82,382.37,517
2026-09-24T17:05:00+00:00,382.37,382.58,381.5,381.77,408
2026-09-24T17:10:00+00:00,381.77,382.29,381.14,381.86,489
2026-09-24T17:15:00+00:00,381.86,382.18,381.5,381.69,410
2026-09-24T17:20:00+00:00,381.69,381.69,380.93,380.96,388
2026-09-24T17:25:00+00:00,380.96,381.17,380.28,380.79,410
2026-09-24T17:30:00+00:00,380.79,381.02,380.5,380.52,330
2026-09-24T17:35:00+00:00,380.52,380.61,380.17,380.41,366
2026-09-24T17:40:00+00:00,380.41,380.82,380.28,380.3,366
2026-09-24T17:45:00+00:00,380.3,380.66,380.14,380.48,447
2026-09-24T17:50:00+00:00,380.48,380.58,379.33,379.33,409
2026-09-24T17:55:00+00:00,379.33,379.75,379.28,379.55,432
2026-09-24T18:00:00+00:00,379.55,379.64,377.96,378.05,509
2026-09-24T18:05:00+00:00,378.05,378.99,378.02,378.64,408
2026-09-24T18:10:00+00:00,378.64,379.16,378.47,379.16,332
2026-09-24T18:15:00+00:00,379.16,379.57,378.73,379.13,350
2026-09-24T18:20:00+00:00,379.13,379.2,378.77,379.04,248
2026-09-24T18:25:00+00:00,379.04,380,379.04,379.89,389
2026-09-24T18:30:00+00:00,379.89,380.11,379.23,379.23,304
2026-09-24T18:35:00+00:00,379.23,380.04,378.96,379.67,390
2026-09-24T18:40:00+00:00,379.67,379.67,379.28,379.3,249
2026-09-24T18:45:00+00:00,379.3,379.54,379.28,379.43,221
2026-09-24T18:50:00+00:00,379.43,379.81,379.41,379.45,214
2026-09-24T18:55:00+00:00,379.45,380.17,379.42,379.81,278
2026-09-24T19:00:00+00:00,379.81,379.91,378.68,378.78,265
2026-09-24T19:05:00+00:00,378.78,379.1,378.43,378.44,306
2026-09-24T19:10:00+00:00,378.44,378.53,378.15,378.32,345
2026-09-24T19:15:00+00:00,378.32,379.45,378.27,379.45,376
2026-09-24T19:20:00+00:00,379.45,379.46,379.07,379.42,247
2026-09-24T19:25:00+00:00,379.42,379.67,379.07,379.3,212
2026-09-24T19:30:00+00:00,379.3,379.77,379.28,379.48,269
2026-09-24T19:35:00+00:00,379.48,379.53,379.27,379.53,305
2026-09-24T19:40:00+00:00,379.53,379.73,378.99,379.13,357
2026-09-24T19:45:00+00:00,379.13,379.52,378.97,379.39,323
2026-09-24T19:50:00+00:00,379.39,380.11,379.23,379.62,478
2026-09-24T19:55:00+00:00,379.62,379.62,377.48,377.99,668
2026-09-25T13:30:00+00:00,377.99,386.39,370.15,372.27,1895
2026-09-25T13:35:00+00:00,372.27,374.17,371.14,372.75,2062
2026-09-25T13:40:00+00:00,372.75,373.56,369.68,373.52,1589
2026-09-25T13:45:00+00:00,373.52,376.08,372.03,372.34,1644
2026-09-25T13:50:00+00:00,372.34,375.39,371.55,375.31,1165
2026-09-25T13:55:00+00:00,375.31,376.67,371.55,372.35,1358
2026-09-25T14:00:00+00:00,372.35,372.59,370.46,370.93,1181
2026-09-25T14:05:00+00:00,370.93,374.09,370.38,373.81,1250
2026-09-25T14:10:00+00:00,373.81,374.99,370.05,370.07,1307
2026-09-25T14:15:00+00:00,370.07,372.36,369.52,371.61,1321
2026-09-25T14:20:00+00:00,371.61,374.19,371.61,372.7,1138
2026-09-25T14:25:00+00:00,372.7,372.71,369.99,370.3,1008
2026-09-25T14:30:00+00:00,370.3,370.81,369.77,369.78,1018
2026-09-25T14:35:00+00:00,369.78,370.3,369.09,369.88,944
2026-09-25T14:40:00+00:00,369.88,369.88,367.56,367.76,852
2026-09-25T14:45:00+00:00,367.76,370.05,367.74,369.89,1026
2026-09-25T14:50:00+00:00,369.89,370.27,369.38,370.01,782
2026-09-25T14:55:00+00:00,370.01,371.66,369.68,371.42,812
2026-09-25T15:00:00+00:00,371.42,372.55,371.09,372.36,752
2026-09-25T15:05:00+00:00,372.36,373.32,372.13,373.23,736
2026-09-25T15:10:00+00:00,373.23,373.25,370.38,370.62,850
2026-09-25T15:15:00+00:00,370.62,370.8,369.55,369.61,790
2026-09-25T15:20:00+00:00,369.61,370.48,369.58,370.28,824
2026-09-25T15:25:00+00:00,370.28,370.82,370.04,370.4,622
2026-09-25T15:30:00+00:00,370.4,371.16,370.23,370.25,730
2026-09-25T15:35:00+00:00,370.25,370.79,370.23,370.52,576
2026-09-25T15:40:00+00:00,370.52,370.9,370.28,370.34,552
2026-09-25T15:45:00+00:00,370.34,371.31,370.33,370.8,542
2026-09-25T15:50:00+00:00,370.8,371.5,370.18,371.18,616
2026-09-25T15:55:00+00:00,371.18,372.99,371.18,372.96,787
2026-09-25T16:00:00+00:00,372.96,373.83,372.88,372.97,937
2026-09-25T16:05:00+00:00,372.97,373.82,372.89,373.56,752
2026-09-25T16:10:00+00:00,373.56,374.07,373.39,373.94,556
2026-09-25T16:15:00+00:00,373.94,374.47,373.21,373.5,692
2026-09-25T16:20:00+00:00,373.5,373.51,371.01,371.58,839
2026-09-25T16:25:00+00:00,371.58,373.17,371.51,372.44,637
2026-09-25T16:30:00+00:00,372.44,372.5,371.11,371.2,745
2026-09-25T16:35:00+00:00,371.2,372.03,371.18,371.77,476
2026-09-25T16:40:00+00:00,371.77,372.08,371.66,371.73,392
2026-09-25T16:45:00+00:00,371.73,371.88,371.33,371.69,423
2026-09-25T16:50:00+00:00,371.69,372.47,371.56,372.23,518
2026-09-25T16:55:00+00:00,372.23,372.24,371.63,371.89,356
2026-09-25T17:00:00+00:00,371.89,372.21,371.38,371.98,408
2026-09-25T17:05:00+00:00,371.98,372.19,371.68,372.02,344
2026-09-25T17:10:00+00:00,372.02,372.07,371.68,371.88,431
2026-09-25T17:15:00+00:00,371.88,371.98,371.63,371.74,308
2026-09-25T17:20:00+00:00,371.74,372.76,371.74,372.69,401
2026-09-25T17:25:00+00:00,372.69,372.84,372.5,372.69,285
2026-09-25T17:30:00+00:00,372.69,372.75,372.19,372.55,355
2026-09-25T17:35:00+00:00,372.55,372.8,372.36,372.61,352
2026-09-25T17:40:00+00:00,372.61,373.18,372.48,372.57,433
2026-09-25T17:45:00+00:00,372.57,373.18,372.3,373.09,451
2026-09-25T17:50:00+00:00,373.09,373.38,372.98,373.22,362
2026-09-25T17:55:00+00:00,373.22,373.4,373.06,373.22,322
2026-09-25T18:00:00+00:00,373.22,373.6,373.18,373.32,365
2026-09-25T18:05:00+00:00,373.32,373.51,373.2,373.45,349
2026-09-25T18:10:00+00:00,373.45,374.03,373.4,374.02,380
2026-09-25T18:15:00+00:00,374.02,374.19,373.58,374.09,491
2026-09-25T18:20:00+00:00,374.09,374.11,373.23,373.26,467
2026-09-25T18:25:00+00:00,373.26,373.33,372.22,372.53,568
2026-09-25T18:30:00+00:00,372.53,373.81,372.49,373.41,526
2026-09-25T18:35:00+00:00,373.41,373.41,372.08,372.35,552
2026-09-25T18:40:00+00:00,372.35,373.05,372.19,372.94,465
2026-09-25T18:45:00+00:00,372.94,373.02,372.17,372.39,366
2026-09-25T18:50:00+00:00,372.39,372.43,372.08,372.22,374
2026-09-25T18:55:00+00:00,372.22,372.38,371.65,371.88,362
2026-09-25T19:00:00+00:00,371.88,371.93,371.34,371.75,371
2026-09-25T19:05:00+00:00,371.75,372.13,371.61,371.61,271
2026-09-25T19:10:00+00:00,371.61,371.98,371.49,371.97,300
2026-09-25T19:15:00+00:00,371.97,372.11,371.81,371.84,330
2026-09-25T19:20:00+00:00,371.84,371.94,371.53,371.8,281
2026-09-25T19:25:00+00:00,371.8,371.82,371.21,371.28,273
2026-09-25T19:30:00+00:00,371.28,371.63,371.2,371.2,390
2026-09-25T19:35:00+00:00,371.2,371.2,370.9,371.1,358
2026-09-25T19:40:00+00:00,371.1,371.65,370.99,371.46,422
2026-09-25T19:45:00+00:00,371.46,372.31,371.39,371.79,462
2026-09-25T19:50:00+00:00,371.79,372.1,371.43,371.75,452
2026-09-25T19:55:00+00:00,371.75,372.72,371.47,371.83,827
